InterArrival_ms,msg_freq,id_variance,entropy,Label
10.993428306022466,12.361281824904289,539.2592541155188,1.9623963434403962,0.0
9.723471397657631,8.745373108097395,411.11595188148993,1.9001994557630775,0.0
11.295377076201385,10.090445417999964,535.7372824944473,1.7333205141743564,0.0
13.046059712816051,10.102395803762171,488.31379710741373,1.5224057527910657,0.0
9.531693250553328,8.996431614376936,535.372885543219,1.5067501164736319,0.0
9.531726086101639,7.255068904231798,538.8465846177414,1.729139931708978,0.0
13.158425631014783,10.645949007235336,580.3957530559578,1.3824988171487902,0.0
11.534869458305817,9.877992056289234,567.6726823810602,0.9352437745597609,0.0
9.061051228130095,11.000480938873139,567.3285831305147,1.647601216230888,0.0
11.08512008717193,8.932799387121666,572.1835159583119,1.1606794110195087,0.0
9.073164614375075,12.441642597626096,514.5689492407973,1.2113576315428847,0.0
9.068540492859487,8.24645243757631,501.60925435184197,1.5000671843987363,0.0
10.48392454313207,13.424080568035786,543.6408541589167,1.471462536733959,0.0
6.173439510684404,6.504726980343477,536.6040475716511,1.076377318105311,0.0
6.5501643349739345,10.869540129113782,484.54668816308697,1.549647469239942,0.0
8.875424941518055,10.950861365053246,520.2411704404134,1.7898418982583144,0.0
7.974337759331153,8.408885864118236,498.24517666077026,1.1614975289202651,0.0
10.628494665190548,10.848787875722024,457.3033545769972,1.8817449992546278,0.0
8.183951848957578,12.559037339520318,564.5230370688175,1.031948752461017,0.0
7.175392597329417,5.566362321291871,502.75996212650443,2.135197243311286,0.0
12.931297537843108,11.005489614981629,602.4354128849425,1.376621870854955,0.0
9.548447399026928,5.013458359339845,418.72538649000836,1.5436850990480673,0.0
10.135056409375848,8.068670392953583,472.16106135783167,0.932389928254299,0.0
7.150503627573086,13.25833272980189,501.63194183454357,1.4813591800592074,0.0
8.911234550949635,8.836435933215892,556.8690548814457,1.5685446533154574,0.0
10.221845179419732,7.652240071182055,519.9734686301092,1.4741513687701517,0.0
7.698012845155395,9.604124542030636,515.5236377090375,1.331075676884288,0.0
10.751396036691343,14.135812676327104,443.63681037229264,1.2160306444416555,0.0
8.79872262016239,6.336635505587948,442.1529301385264,1.8391579858611933,0.0
9.416612500413446,7.897380176721311,516.1252330144953,1.509242140499385,0.0
8.796586775541206,12.994863366359253,431.7947003090821,1.9622257129550316,0.0
13.704556369017876,13.715404687075464,473.4061124855336,1.342055293561523,0.0
9.973005550524132,9.793137551419433,525.0458664542929,1.3695615919883348,0.0
7.884578142088199,7.5218945949467155,450.8837863861612,1.7446782733788488,0.0
11.645089824206378,14.191687003618318,580.2677981180904,1.0131075113989307,0.0
7.5583127000579555,13.188884783498393,561.1968172118945,1.1359609919541231,0.0
10.417727190009511,11.357893975524465,421.429000083085,1.829245491405949,0.0
6.080659752240448,8.37519530212516,453.3814378409006,1.1484198212330416,0.0
7.3436279022031385,9.901941318323926,385.7111377752525,0.9542846954092358,0.0
10.393722471738247,9.679279837910338,460.8704318725933,2.0605581564219273,0.0
11.476933159990821,10.661702609231156,538.31942382862,1.0818547056377383,0.0
10.34273656237994,12.902002876262673,479.30525288625716,1.5552358194984508,0.0
9.76870343522352,11.758834082274806,523.0398621807984,1.5207255578172814,0.0
9.397792608821423,7.8452478460304835,423.8832840859128,0.656811505014575,0.0
7.042956019265145,12.752992900039075,539.8987627290953,1.4198048930496574,0.0
8.560311583210582,10.62626428002631,472.2445386035825,1.6345239748437328,0.0
9.078722458080424,11.374131591717832,500.60848411414526,1.606292814455658,0.0
12.11424445243783,12.933081718557206,495.35627493034735,1.7710562051410506,0.0
10.687236579136922,7.776839500972898,436.4225739553858,1.3837526055283698,0.0
6.473919689274532,9.928348842587074,442.3457834130109,1.7137513326276481,0.0
10.648167938789591,8.93709089728157,548.3897234501713,1.2932012795759784,0.0
9.229835439167367,6.864281149269088,519.9496078750848,1.0768597750761675,0.0
8.646155999388082,10.69341995520984,552.5024520776714,1.1106814872956303,0.0
11.223352577681736,15.023113103168846,516.2329117751259,1.0613668634413755,0.0
12.061999044991902,6.319844510988494,507.1495317404608,1.802875790367358,0.0
11.862560238232398,9.935438777901059,413.69946906666166,1.045627947282433,0.0
8.321564953554724,11.281085870149546,486.4816651619415,1.5822116521947909,0.0
9.38157524829757,10.246156403312362,498.6307839798128,1.42022274177827,0.0
10.662526862807129,9.773743894968518,597.6553599136287,1.4692054279648106,0.0
11.951090254244718,7.401567273108352,534.3478316049338,1.9090821885599099,0.0
9.04165152430942,10.465573485880327,576.8030590854764,1.368471789835418,0.0
9.628682046672365,8.486472045968148,529.8768852947364,1.683480468464905,0.0
7.787330051987944,5.620156590042893,464.434838652526,1.5112690054143336,0.0
7.607586751838658,12.389184441027462,505.8562108074926,1.4543943283101906,0.0
11.625051644788396,11.916771639684084,511.81118231321165,2.189990737315942,0.0
12.712480057141645,10.10332195370216,453.0422215114659,1.067597476285389,0.0
9.855979756839332,10.458149376411406,480.78063117035396,1.8867395506312334,0.0
12.007065795784047,12.148636025431124,489.7116503161414,1.6969219696469917,0.0
10.723272050095268,10.448679313556164,580.280991628256,1.356142501610465,0.0
8.709760490789751,11.80803510952263,395.9629737304511,1.9887955552324836,0.0
10.722791211016828,9.405035598252299,560.2909210358022,0.9455669662834391,0.0
13.076073132931938,12.623967477147893,453.16023825203087,1.3434700028102786,0.0
9.928347921780096,10.641571451865367,431.3960406365193,1.1374553387192772,0.0
13.129287311628012,10.388103887211749,558.9971065019232,1.623625039461438,0.0
4.760509791820511,7.459877822575936,536.594903461719,1.1660807696438467,0.0
11.643805008750448,10.573911708603417,562.7259351190595,1.6299191840223957,0.0
10.174094136476343,8.336090165011097,540.0350973772788,1.444069075253534,0.0
9.401985299068265,8.723434546943011,602.9922500868701,1.3561938172031747,0.0
10.183521553071005,8.369248743367757,527.9361918472242,1.6165941738099932,0.0
6.024862170798214,7.86753013620155,492.1761311938421,1.4194135128185807,0.0
9.560656224324976,14.249542806033922,517.1463188660671,1.1734095470822883,0.0
10.714225143023492,12.662678123976807,562.1734564172982,2.3404118968904934,0.0
12.955788089483033,13.840735004288522,461.0312337369942,1.3538498450912566,0.0
8.963459563452705,7.554209960888873,467.405570873431,0.8347172759543956,0.0
8.383012794213625,10.142507499821784,484.5519992701046,1.2473703930835836,0.0
8.996485912830927,7.412984749591809,394.7708600617334,1.119816993488181,0.0
11.830804235404148,8.608610245605872,506.90392042087734,1.7478436848121546,0.0
10.657502219319369,8.16374603316685,405.6935648024487,1.5964957978774759,0.0
8.940479592465923,12.479168012883123,502.65296564663095,1.6196138405371032,0.0
11.026534866226712,9.20754064379648,543.2644878067625,1.3889932602488266,0.0
10.194155098696081,12.136758667388033,476.1561769678082,1.4161949258829236,0.0
11.937289981065778,11.208241779177037,583.8557935093436,1.3887206689176996,0.0
8.595893812245295,14.607277504209577,426.9749550290756,1.475642044759359,0.0
9.344675706804464,7.041111553720552,559.5630340815916,1.7506000306094505,0.0
9.215783693735684,12.518466479573597,533.756852820346,1.600822623751604,0.0
7.072970103735763,12.292881740801455,414.19833758446555,1.65003384888626,0.0
10.592240554129152,8.05324232394593,635.5397149520267,1.6498676724747607,0.0
10.522110544359778,12.01426667294632,496.8127357248017,1.7653327312145213,0.0
10.010226913284923,10.672289926052457,456.1257988922184,1.5864450124620764,0.0
9.530825733249706,9.545047480093185,429.64564026079915,1.6076544218036757,0.0
7.1692585158991715,8.352129026056001,488.9990986170163,1.856641872357947,0.0
9.158709354469282,8.561781097101628,493.629656380502,1.3004862245990663,0.0
9.31457096694646,14.099624191571852,505.1322764269832,1.243277226014548,0.0
8.395445461556761,10.001365637914965,485.110192188802,1.1442235202439432,0.0
9.677428576667982,11.564260003062918,531.6612655057547,1.5548743690860767,0.0
10.808101713629076,8.418201236664894,480.61850836683766,0.943880327634263,0.0
13.77237180242106,8.440294107556722,403.25179413797645,1.6386462288179031,0.0
10.349155625663679,12.163969618499884,492.53192521751794,1.4672420716498342,0.0
10.515100781445529,7.300847576896936,381.6261173313361,1.840391909946317,0.0
9.851108168467665,9.169572464189457,517.6885315445695,1.2984248068605029,0.0
6.1624575694019175,10.068054822144465,451.0349884858682,1.439004514374748,0.0
9.946972249101567,10.222745203680105,508.16801774579005,1.8366609999880106,0.0
10.120460419882052,9.641813429967687,565.7037490762302,1.9149406940334457,0.0
14.926484224970572,10.791639562191847,452.5625652366,1.295954290274454,0.0
9.615278070437755,11.385711511635623,553.0628129256058,1.554534369776148,0.0
10.603094684667225,11.46927509091866,478.33052166569234,1.5883256933052143,0.0
9.930576460589513,8.028392382664347,587.6597401032793,1.6120960216863445,0.0
7.6626439247609355,9.431689804142406,481.74236934008934,1.4212273022053135,0.0
12.285645629030041,12.389525723753875,457.9753507246654,1.8844150194370903,0.0
11.503866065373549,11.789294375147744,534.3619225197644,0.9330889549135364,0.0
11.582063894086094,7.254281097037872,478.2105135188182,1.373660929559675,0.0
8.181225090410521,10.702959800704404,457.9275242935496,1.634379219831884,0.0
12.805588621872198,6.0435495012503795,476.10800746481044,1.6371674435848032,0.0
7.196297874415438,10.09386980412074,497.7696733908499,1.905827709184429,0.0
11.17371418760054,13.795534033491954,567.1090065622427,1.859467617960386,0.0
14.380911251619956,8.104214565462028,403.29561272702114,1.4143375124078328,0.0
8.018927349738624,8.331353909016835,501.15403294752105,1.8899613730591813,0.0
8.867404540794457,11.52805956314572,531.2451797327021,1.2857874768667634,0.0
10.199302730175283,6.914396969580708,509.6724287495898,1.779266214837551,0.0
8.993048691767601,8.734489940229922,565.4932584716767,2.043156743526298,0.0
6.898673137867735,11.192882275163505,496.2827335120738,1.8644832320564908,0.0
10.137125949612054,8.731428304621193,490.7724278907027,1.531731115057237,0.0
7.87539257254779,9.528060025578057,529.6164773506672,1.4004663684683634,0.0
10.947184861270363,11.488371420630068,504.96569074756746,1.041422611122214,0.0
8.161151531532393,10.843092167073122,480.47956308597645,1.5931618913742611,0.0
13.09986881003508,10.533636792590803,525.807201979319,1.1654348316087242,0.0
8.433493415327526,9.321755441459922,467.37358533916773,1.262059600915819,0.0
9.35587696758865,10.74012223053791,469.44114239903365,1.1427762597789985,0.0
11.62703443473934,9.752534639800487,473.60029891171934,1.3618823002030034,0.0
7.53827136713209,10.91561121985157,567.6534580083204,1.4916091756539054,0.0
10.45491986920826,9.006135949764044,338.9491822007143,1.5820843743497115,0.0
12.614285508564857,9.634862051240917,519.7799417381472,1.319848009375811,0.0
6.785033530877545,8.020084414895972,501.7135907100111,1.820785111918555,0.0
10.36926771706461,9.929984779987528,415.95647703809396,1.4375384226030101,0.0
10.519765588496847,8.37799827274231,515.4863389568001,1.2636832700203442,0.0
11.56364574355462,7.771907099676014,523.7875995915766,1.5678876801730308,0.0
7.526098578243836,10.517322295710777,529.48196156787,2.089065850063145,0.0
7.359086773831447,10.42547955171532,367.40859684775256,1.6005481699605353,0.0
11.043883131233795,11.565747469897145,568.3194705927219,1.391143311787918,0.0
10.593969346466372,9.137748860849802,463.113164765758,1.0417615931643889,0.0
10.500985700691754,10.816105693673512,534.3283873376588,1.4341763037083788,0.0
10.692896418993952,11.101595144547327,537.0536890341143,1.5704784375264347,0.0
8.639950556843019,10.88954761566319,456.16514571903537,1.383725732623329,0.0
10.464507394322007,8.348692634395716,533.0229976175775,1.0003846085277002,0.0
10.586144946597363,10.298726964542379,480.7253379543821,1.2448303831489698,0.0
8.571297163947264,10.728280592109323,396.4311410330921,1.9363615382663273,0.0
13.731549022289514,10.014356933815884,558.387096276389,1.9302003011191382,0.0
10.947665841823575,5.827044683257831,461.24775184918803,1.2340082492386206,0.0
7.617393005594703,10.32097924794696,457.2753268630973,1.7018270361598264,0.0
11.31310721726766,14.425062078794484,479.8467065981639,1.146428164568948,0.0
8.050636659545358,9.279921462486035,513.6118362663694,1.9212948845984856,0.0
11.574169207484903,8.543845804289358,497.1364794588949,1.5735707543682709,0.0
12.317191158014808,10.746697119422796,527.4033462353585,1.78489244958496,0.0
8.358635363296578,10.624756420933144,433.02553167356706,0.9854719958452384,0.0
11.926752258488644,12.38547033083283,462.88068147846326,1.7032911305774665,0.0
10.825561853872996,7.484263688182224,494.2001463839233,1.497697780894649,0.0
11.64412031998898,11.462760505149985,594.8943646329353,1.755578721237253,0.0
13.793585965307894,11.180844122502927,494.3093730793121,1.7744603394293548,0.0
9.509223767994259,9.715706926118909,554.2611131830815,1.519735406842425,0.0
8.492527671285021,10.67737463584338,501.9277584392159,1.3197511082712257,0.0
8.220971140748954,12.058914963196715,475.8170681281216,1.7339088546538484,0.0
8.368379430069123,11.7446307600569,487.66377879427796,1.4819536501784616,0.0
9.845796581171792,7.713961375852543,491.57901439855596,1.2381645139417072,0.0
10.682303949633289,11.640316373510968,530.1822869480369,1.2239543305626943,0.0
10.553381598660039,9.870622789934963,568.7305633788277,1.0568506751062856,0.0
11.654366498072047,10.14574819603103,517.984042384316,1.346912652131081,0.0
10.026003783755813,10.146393982003389,559.3538839370877,1.8308076138223135,0.0
12.907068154314633,9.69951402240348,451.76051311851575,1.5533489399116303,0.0
9.470686333524087,12.38341499421413,479.26847455929845,1.341069688223088,0.0
15.440338333179238,9.832564080301577,463.78487328961666,1.7414567814540238,0.0
11.251334695530012,7.760907743233663,515.7222295437426,1.2502570134829833,0.0
8.285684887167434,9.212940288060542,482.05208074102933,1.5286050822998336,0.0
7.858215003877776,10.357389433620952,536.4886468517097,1.4461108881823455,0.0
10.96494483048637,12.4584295685941,453.44991441837794,1.7337391876765056,0.0
9.553074429348298,11.206189369897666,502.15154866606406,1.0268314887241499,0.0
11.428000988184184,8.298929442505912,534.3428955506129,1.2449406762556032,0.0
10.94647524914709,14.970379833357782,396.7348612479695,1.00852630227164,0.0
9.854342174686254,10.52955062195596,606.0815653665102,1.422120983457219,0.0
8.30641256386319,12.55078147599803,485.8424057560062,1.863428251089729,0.0
6.970305550628271,9.696571132845541,398.7480043161913,1.3483658371039418,0.0
9.106970095865957,11.0667184894109,507.9046949288393,1.3467948185413048,0.0
11.712797588646945,11.67893700903681,501.67217339865755,1.761517327255241,0.0
10.428187488260408,12.436389423508512,495.90528102137534,1.82056486753659,0.0
7.508522442576024,12.11473661075645,549.5595556463334,1.473428679819363,0.0
10.346361851702364,11.744394000145956,537.3722485713528,1.7054144562149676,0.0
10.770634759457673,9.369826537611782,514.8938095511922,1.176913637736616,0.0
8.232285127597734,8.856507916087878,522.5077816973323,1.913392300177624,0.0
10.307450211891055,10.665215020648395,494.78207752809567,2.1446118881811156,0.0
10.116417436892,11.866256144682138,588.7745424620024,1.6563647373566175,0.0
7.714059404338753,9.554558598446786,426.04019908211166,0.8747005135971598,0.0
10.715574720696566,12.130343931428772,506.9825837107948,1.3325309212806646,0.0
11.121569052736469,12.905233490972359,503.251231559439,1.6838475965007964,0.0
12.166102486350553,8.16735816185316,540.6640203032297,1.3735551008500912,0.0
12.107604104069805,8.32615859240744,457.80730612875504,1.8816595662750293,0.0
7.244661264085818,9.719249882189327,412.81636988017317,1.6764471793307596,0.0
8.124349920169754,10.615225336378392,507.84115080490966,1.288057349770261,0.0
11.03007053441732,8.950865972465898,514.0615246109302,1.5096794432313758,0.0
11.027571901824418,12.704405357734288,574.4799704723824,1.231850033808273,0.0
11.030095372612095,10.848133723036902,436.4818976837457,1.4452245364762675,0.0
17.70546298130944,10.078894096481479,557.734688335836,1.3336220278702344,0.0
11.141781021386334,7.1281809522629445,618.3707182013561,1.8524285400699114,0.0
12.271131280361198,7.368368367144986,481.11175562387615,2.1348036170492986,0.0
11.908003526986406,10.562018500563612,435.4528890253388,1.0706435000292744,0.0
11.302782502611596,5.734808747690328,479.65128168133145,0.9230351141370744,0.0
9.369461510719308,12.025274819288143,500.700248368569,1.4264482734445842,0.0
11.517938440986535,9.68369231125536,528.1893937503457,1.0444752903513952,0.0
8.454349570924856,16.48618593918947,470.43026350809765,1.5138634811012752,0.0
9.526362786519982,14.615832501232221,577.7599267073671,1.724680834141778,0.0
9.029272904341793,9.637101861504966,444.2733842495969,1.9482425691800476,0.0
10.163748278772646,9.78732599493737,413.03974239136,1.5604183676145844,0.0
14.629317133347017,11.99116302800406,555.3355212143658,1.4420534325451264,0.0
6.265469614816504,13.406345219836076,386.26894843969,0.9064845250280748,0.0
11.372520380749027,6.723941885127966,489.7935115563642,1.5078555447557396,0.0
6.774568257620697,6.427249069290626,655.8840564604023,1.5213861781648386,0.0
9.056136268421133,8.755930388891237,499.3978223520034,1.6916870442638237,0.0
12.177901193934732,11.16547516634773,443.9616174651875,1.2874535695412725,0.0
10.128560038190926,10.993747181015195,497.13012681066033,1.369484219929242,0.0
7.844510444141388,12.1395429099677,497.45996056902334,1.0565993234087447,0.0
8.569392581480063,7.600604943269383,508.0324970176558,0.8126121579347805,0.0
11.35919549786935,5.367712274062247,533.113149107981,1.167450872760965,0.0
8.539266736565727,11.71602839060429,448.04444158161306,1.028902255724095,0.0
10.43291717916395,8.34360745406953,584.3774027618397,1.6010136886261834,0.0
10.091143679807628,5.963024271222724,512.2557142186309,1.3445597829999427,0.0
8.696799304788366,10.290127491918764,536.3397023200902,1.3385288609775632,0.0
14.28788817865065,11.586351376437355,468.5925300122179,1.2046760861474364,0.0
11.267838044636022,9.755885735757445,564.3191068497766,0.53023037024627,0.0
5.949714826684786,9.084303227635022,487.14737955934675,1.952493224624265,0.0
10.372908629538856,9.681275535708187,513.8776256746766,1.1999188431669636,0.0
8.676427070463223,9.258834475198434,453.34469614064454,1.376273979045028,0.0
11.704866669592448,7.303905776119666,450.15341867989366,1.0635323504132068,0.0
8.4149585231346,8.570638646019136,534.4102653226441,1.7915791030321901,0.0
9.770527117066202,11.04255981002763,477.8196584896307,1.5430286811111973,0.0
11.009974557960915,10.643357082753,457.30884562478116,1.2520904144202394,0.0
11.731510388340244,10.33611961193364,467.8408328986485,1.3823311165967929,0.0
7.599407185888447,8.00970303629324,534.9476535858711,2.003453976637461,0.0
9.330997528318104,9.636993675728666,468.54810693981943,1.4781091704356166,0.0
9.050109377678087,5.645869907114291,494.1172534198918,1.4454799387152282,0.0
8.693341534852577,10.35695332777078,500.75138751435486,1.2175855541582203,0.0
13.530908480562193,12.857715415627135,404.13255569948507,0.9316256548583092,0.0
10.80996342192191,7.051735735915789,426.4436797313241,1.4519883979261967,0.0
7.478232091329909,8.82814465336449,516.8138944623781,1.5976455336973854,0.0
11.835723894109552,10.65821355742026,463.14853194236514,1.829875339298301,0.0
14.244312394025266,12.505685268854968,552.8362455640209,0.8254510396501034,0.0
12.064930521102294,9.103550767399701,548.3403552125272,1.1624711018930913,0.0
6.961260068091973,8.615499341468208,535.9584333177719,1.3257776728330648,0.0
9.031531854267497,6.062153715167834,590.9885893656299,1.4989557454280396,0.0
12.533822298373245,10.206876258616212,495.8455336128408,1.4564898925414733,0.0
8.584661068762438,14.084152080287488,532.4440962951919,1.463493394293819,0.0
10.887638856292456,10.554716923929352,470.77995117019844,1.6224288175709833,0.0
11.549268106858673,9.955442041632573,622.6184956434362,1.2290120667662672,0.0
8.146139056843834,10.644164621533971,599.181682621801,1.7802424326701083,0.0
9.8809492878764,9.977815992102796,500.5940217258896,1.6300357325098442,0.0
3.517465319861855,8.37397125547974,519.3293114952596,1.4040503207615762,0.0
7.951224717331421,11.646559831355411,567.9648799682403,1.9802723975666745,0.0
9.49486369721368,10.451523046223508,492.64302475929463,1.96692481067153,0.0
7.504433636070301,10.035226503867314,467.16879646001473,1.7798686065581426,0.0
13.26482260786327,8.0492679454435,543.6994875503441,0.5944329688296623,0.0
7.139717244078735,12.607015863869519,503.9219623041835,1.9736835278153926,0.0
9.119911026606033,11.32940549066622,509.14972248226303,1.7384275567415801,0.0
10.261481154572182,8.894158325265396,458.2864328466017,2.101922591313881,0.0
12.882546578132231,12.003649707363873,414.11639258183015,1.8712393775200615,0.0
7.128275697641121,9.004858323229586,511.80712049395504,1.9735028032491857,0.0
12.32632750430992,8.435993014977926,545.24810207471,1.7635964550541137,0.0
10.020466122039174,8.480593765039426,488.70966254619793,1.9046079595936536,0.0
8.036982697904097,6.457862893823817,571.8214759779434,2.0982371222203318,0.0
10.92420694852654,10.943084760836411,464.80418372922276,1.5649664215134618,0.0
10.39811939114694,6.3377102433233,447.264777251704,1.0283308367765611,0.0
8.79956624568241,7.543112337468475,496.63848464019344,1.4077617299954575,0.0
10.139604169980037,5.8488239818429335,495.8703712324355,1.616983679815031,0.0
9.22937280627648,9.827860614418213,538.4984365667611,1.5224662753114673,0.0
10.227034690502496,9.699359079456256,461.2518587968008,1.126031410152172,0.0
11.324261349042093,9.346607573627272,568.4047118407449,1.0106797124415063,0.0
13.172033632290704,7.9148446106588475,598.3458481254127,1.2776511994095512,0.0
7.524369002346302,7.65553249312672,498.0427986515829,1.7423218667952454,0.0
14.266066749312532,10.928739727093149,562.485521009216,1.9741019312468908,0.0
6.095824400954996,8.898896136583025,447.175146468737,1.7749702841333104,0.0
9.696429809928834,10.632716643072289,553.7610770590958,1.8172281861342408,0.0
11.176634412969154,8.229502627751556,552.3638204279731,1.4757553280509328,0.0
10.561983735470065,10.362125485542165,543.1718640094939,0.9773752626882108,0.0
8.754600960358813,12.606556074632127,499.2218455564853,1.3634338257351883,0.0
9.58375549928545,11.172331600785567,352.28755293789845,1.4223706764382864,0.0
9.013998130682335,9.17517236356704,467.9136428173935,1.3508842539492953,0.0
8.821270486111576,10.514397940711854,468.7041991157699,1.516408459612388,0.0
11.69920419404205,9.518669650939573,451.08725309697616,1.6324259279678852,0.0
10.714030971930095,10.015760369389456,506.1121502273533,1.7559045564730493,0.0
8.614180809478691,9.348777895702993,479.0518277239383,1.4165640406901,0.0
11.799199750866501,9.671329588229218,458.76939951174893,0.9288721783066219,0.0
10.614599041753218,10.424186706148351,447.05999258760903,1.3551366842126595,0.0
11.62572423767792,8.0132826008361,464.2243507257386,1.513113119097595,0.0
11.259257683847224,7.968242346020043,556.0749605924964,1.8668423766400224,0.0
8.342009978155856,7.222914892337577,466.9487472686253,1.3296576473447683,0.0
8.879637919606061,6.79945779099258,474.2530646783364,1.6537630885198205,0.0
11.494587210246523,7.565434615559042,477.1651192488377,1.5870263698906297,0.0
11.22074053086693,10.318925013608258,516.9496756904709,1.5131701599370164,0.0
9.958196812071703,8.214424969016232,522.8124744264267,1.7791599957973774,0.0
10.234654766617563,11.027228928462193,347.76717303784187,1.3017476409742257,0.0
12.555329791576849,10.069427497505124,551.0817606913804,1.327444065106945,0.0
8.81685722232834,6.062991573123893,571.8184017121877,1.4964297530717316,0.0
11.094194762340075,11.30995116844338,447.49067313191654,1.3079560484718902,0.0
9.595614695132213,11.62159729118342,451.38508776325824,1.6524036873163799,0.0
9.564637593545559,8.012274650330294,477.4873306110864,1.2860423086901602,0.0
12.19755370397438,10.840383085789984,462.1997990271698,1.5678912623235404,0.0
11.65083269797606,8.287003525181602,511.1963436973303,1.469948169363973,0.0
11.627019272001277,10.195340753496671,402.67373568205676,1.5644777894330117,0.0
12.610957614308658,7.471003186090069,444.103619598163,1.3620775814810884,0.0
10.042007683265519,6.413787094930846,576.9598600087454,1.3982735116419518,0.0
11.363905942589927,9.234365620774062,453.5890016325991,1.5288027803991149,0.0
9.379466486813088,9.752542107450328,562.1714139051462,1.5606223518483937,0.0
10.648332704976884,9.204640612770792,517.7669097795068,1.4987394253826531,0.0
9.73971389126463,7.631938883554881,409.5366142705871,2.011608706953925,0.0
10.193991929985437,9.200201875737726,531.7664597608103,1.2027789243776148,0.0
11.190314050873827,10.538589505161468,494.1166348903573,1.4807388615141859,0.0
8.363558633533055,9.910213939754925,477.226647187513,1.0279112933649046,0.0
14.184774551370921,10.365002061198426,512.2478546586002,1.6116244436002158,0.0
7.987965237000596,8.659769599091534,523.7316742783396,1.1654260390869557,0.0
7.571622774424536,12.34343582943232,535.379591098731,1.416506923237027,0.0
12.316221747000135,7.647653326890438,558.9126423774001,1.3883807024006023,0.0
11.583325387925871,10.975120594173438,520.4067956389179,1.5842673379803514,0.0
11.24823963410431,12.363782185919924,431.2182955606819,1.334162724736446,0.0
11.25669101852856,10.96181618549779,476.3177271174404,1.3214082906918052,0.0
9.97550645430617,9.59495154587034,647.1524167634311,1.9307569392257693,0.0
8.205491257028337,8.943405906674041,536.2245530190863,1.5853700371423578,0.0
10.151609116387453,12.072175302092512,618.4643650405749,1.3316847443933195,0.0
8.645676576975777,7.154050149476654,569.7717041099593,1.4247498984566307,0.0
11.950239466835502,8.059751479240713,512.0901035777874,1.9936064856812235,0.0
9.705885236995723,9.204884469016557,515.0703534890558,1.4294505365246708,0.0
8.349005606414977,12.475307515023996,498.17099800615773,1.2932170130542837,0.0
9.357228316694012,10.759535272081791,413.109769207675,1.2945011549620822,0.0
10.82586290855125,8.06390848297951,500.9023626234112,1.3352620557031267,0.0
8.87255089439205,9.379384589230193,560.5337276271099,1.3216506832719832,0.0
8.355559208867136,8.77135371180741,470.0180002589398,1.1161056454952272,0.0
10.487374422983825,8.58042201553293,520.5976499530905,1.1627399709159065,0.0
10.489933142217446,11.957779117113558,542.5795522946598,1.251203887691589,0.0
8.98611364925774,7.256513741472989,454.51597803437625,1.6774713055359294,0.0
9.057923388763355,13.217561711468747,477.4348567828168,1.3856288138181378,0.0
10.464099874715272,11.656459380369245,449.10442547614207,1.4378514932717879,0.0
7.103831317005351,12.181723341207396,458.89171966552965,1.881026407576469,0.0
7.1850724512468895,9.074120975949484,435.61973581734696,1.8885021449815254,0.0
8.563111557495128,9.700118561841782,454.97757693109867,1.4153625170586794,0.0
9.573105696576306,7.133696370950576,570.972784039892,1.3107409467949773,0.0
10.621815131196009,8.950675185866395,454.2261485454854,1.2406709058979386,0.0
12.950712433899104,10.987309695286301,506.3229609530345,1.7078327309124712,0.0
11.71531924640404,12.592126123562792,474.8565623164522,1.4385878299433137,0.0
9.680122940073145,7.785686366395097,558.943296851847,1.3840515329031629,0.0
9.961967584194623,9.268988126029468,565.5581148301808,1.255900627458734,0.0
7.994941270724382,9.697401559534955,543.2034991069473,1.2691000772965835,0.0
9.96297372801522,7.20842159561503,515.3067276551378,1.5960174574479733,0.0
9.422682722159724,11.1826984835168,488.4470231579551,1.1053685202338213,0.0
10.64543712067618,8.552019336514782,440.4062647904375,1.7984606081363816,0.0
8.345538112895355,9.609219297645952,597.1764440561099,1.3398466068555244,0.0
11.038693028482344,9.096101256176244,462.0163491123723,1.4551092167244621,0.0
13.065477826005155,8.421322988560652,533.182317351642,1.0989066125578337,0.0
9.782479703086285,9.985910029038891,552.9782786311698,1.4962902185272906,0.0
10.803423444197882,9.568780842863955,472.2359751547335,1.401503717192832,0.0
11.380287983422225,9.256284235442669,551.9006263657981,1.48497582034306,0.0
9.197559056228327,8.543076756639314,538.2106601669427,1.9415126695085672,0.0
10.448184963620834,10.639049341565912,586.3981917690883,1.553309413737072,0.0
10.02518480156359,13.30723453698457,476.5326766786644,1.2616022447562587,0.0
10.195352197097664,10.279774465678255,435.70679913601424,1.2866040268360295,0.0
8.453980432289066,11.992236429822258,474.72551222777446,1.6785393557741306,0.0
10.049020348517885,7.219556149693075,510.4426771267166,1.8896079872980271,0.0
10.9959965824909,10.315522878587538,502.9106363542528,1.584575406225315,0.0
12.902287215590084,7.805263362057866,480.32810518627247,1.7066138233664307,0.0
11.918541652170413,7.046150144936197,404.54012705113786,1.6829213170010116,0.0
14.306364915023114,8.521257185081927,523.5241498064553,1.9257193240072563,0.0
8.4653048742239,12.383798668827145,598.61722395411,0.9151229481821902,0.0
11.744641273441356,11.90003165733929,523.2125619061502,1.7001656817913584,0.0
10.366684011476703,10.486009444108799,530.4567759526757,1.7951208131710692,0.0
14.379605866435345,6.934598880220138,528.6222653077551,1.098382888159328,0.0
8.383403429289697,9.607438697224126,519.85233349412,1.2342995447980751,0.0
8.320556315638449,10.603400017803471,546.5832983434047,1.244765175411554,0.0
8.801214709111957,10.351072459157196,519.7686840592833,1.281362941086785,0.0
5.752208551380386,6.3124128330385085,484.3661415173362,1.3554848847193421,0.0
8.948489956638477,8.219364303960257,460.2005544995623,1.5727808439164825,0.0
8.481734676892604,9.871844471702566,487.5513172359662,1.759702395350211,0.0
10.300787572952416,11.07258181903438,515.7064748225333,1.824395087330561,0.0
10.683511951554319,5.607744357800107,484.1958519438513,1.2486530816496655,0.0
13.752341678431772,9.675752049040284,515.7169341565715,1.2465891003891052,0.0
11.9008476763721,10.286097539757904,521.9575066850209,1.8947465520048667,0.0
8.846192688675194,11.699223977032426,541.6589715635091,1.6940231806255934,0.0
8.203170657303284,11.385715168474874,564.139748441949,1.5248594525606989,0.0
10.983838343013012,11.16514263761761,503.9003709239429,1.6420010026664902,0.0
7.359533585958715,8.400118986596132,434.611171742617,1.4910588654445678,0.0
13.662917531708707,6.183995725753385,482.7447951590405,1.6573754049142844,0.0
12.358880241442574,9.213894485877198,502.20312837033,1.3991799910482778,0.0
9.061648695790591,12.00326365041712,408.2115621911455,1.5806414803317692,0.0
6.573730941818245,12.786909055048863,569.4332260051241,1.0468361848891512,0.0
12.707744748330825,11.421098204595571,507.1188956255233,1.2936647115523707,0.0
9.770920309494764,10.858681645603468,519.0676417290142,1.2968966469628969,0.0
12.475632623946924,10.75927929677193,568.2763231263133,1.3876829900379257,0.0
6.811144682411266,8.887762506478438,468.49285849288265,1.2220460235660755,0.0
8.801249954092455,9.73987941289276,528.7020965442015,1.3399369122530755,0.0
10.010487399436366,13.338139051652663,494.5067938449032,1.045675781280564,0.0
10.093961187529484,8.114883988416247,490.79565664920403,1.66461014291847,0.0
9.099869057041513,13.229557581419703,461.390380609781,1.4752459443265817,0.0
11.245699864694998,9.355943691015883,583.2801606843263,0.988437717667195,0.0
7.864759141234812,12.650864218190158,481.2249979962215,1.2495510268359982,0.0
9.715241029957413,7.1863699810049235,534.9732123447851,1.6009804282686502,0.0
10.240591263423799,11.171808402329297,406.2496306264032,1.3370934160842631,0.0
11.028877668117499,8.526459728104756,558.9994264844893,1.290917561958571,0.0
11.42322975617778,7.169465616151625,552.610557797853,1.4776221968975771,0.0
7.750715816324261,10.437068084821892,504.87170551486514,1.603079260553465,0.0
6.931771658528755,12.018943577191937,488.6528766931038,1.0690942628882518,0.0
12.555353643797018,8.310117122813008,520.0000002806784,1.665038544365364,0.0
10.664628023959184,7.0019680790831975,614.4395330440145,1.259912015517787,0.0
8.503026926886893,9.81631047133009,411.83816505482577,1.4946216095250604,0.0
13.102303951045046,9.825129342445639,539.1013693787064,1.489373957792547,0.0
10.231349268585717,11.096639255108997,454.4191348923049,1.3418801645280678,0.0
12.358594368127653,11.899189142728977,499.00408018501344,1.1929020761607858,0.0
10.135036962820218,9.881169637455011,487.6059940460668,1.414294035572321,0.0
14.121495849763974,13.711006629588526,478.5840871101122,1.9875990927225584,0.0
13.510681684886409,10.448469489070584,499.4767435473635,1.0914974908609107,0.0
9.502071703041853,9.3071469879862,443.29144273611047,2.007693905731463,0.0
11.94314190190871,6.776865281794344,551.4590218063984,1.4220836486770403,0.0
11.290751899170296,9.474680959367664,410.29282444007,1.5106114251265916,0.0
12.737263115064698,9.327226109177728,526.9882256414171,1.1739867565845818,0.0
8.070153078839791,11.92060959256294,483.67320737327145,1.2686191749967557,0.0
11.372102919996879,10.924967248133708,441.4537553096273,1.3491271049885942,0.0
12.116848973699176,7.641261756734766,510.11916852993477,1.1862915087366264,0.0
6.482521027153771,10.344508772822074,422.1524456646761,1.4373246127887385,0.0
7.63348297466845,11.343062343458106,501.9856910859817,1.3778952324579687,0.0
5.921535644479799,13.056062718775665,428.8561546094223,2.05523434273072,0.0
9.461186331110884,11.77500793482812,523.0636042158916,1.1502077442958618,0.0
11.435084511591924,11.521693308622956,453.7821333184812,1.530807155024576,0.0
13.004714104192056,10.120171989230327,477.45029914853455,1.5743538845705474,0.0
10.148189560839551,10.776624010846898,514.6974693971581,1.1789038354044488,0.0
13.257231091142584,12.499009801412317,461.3728944078882,1.7060482486358515,0.0
7.239797083570217,7.3344452050407005,497.1018000165849,1.3805018961355116,0.0
6.593235121289691,9.301121345566088,424.3084749377573,0.7522831045250798,0.0
9.888904602206763,8.454862502487519,531.5437801798078,1.6979548836313696,0.0
10.768130897878615,10.75830623745225,588.2456902775385,1.164917734769291,0.0
9.934610503811815,12.460444351301575,639.6104433954981,1.1856675161582704,0.0
5.865115799920247,8.806051426557852,504.55840733332195,1.7063706248677195,0.0
9.821759920974424,5.219391265061124,539.4102070398593,1.395851555274465,0.0
7.391060998990294,9.17555850995106,410.96871635462554,1.77533164516545,0.0
11.339345097660077,11.826947464034813,575.1367163152794,1.8630498286095956,0.0
10.733196492193697,11.075259805899758,538.8114252362053,1.3065214619033108,0.0
8.120240427345289,10.856372495621152,475.80332775243835,1.7379787487865093,0.0
8.972266165326612,9.440013396251041,561.8590400144504,1.2733617595821354,0.0
7.881572956222097,7.441938527560428,487.2761961677329,2.169934775139653,0.0
9.874641805453656,11.030588643248935,477.0987408492722,1.2921128986406354,0.0
11.910284641002477,8.33143637993075,523.7667462713746,1.8078262322880012,0.0
8.028547907328912,14.368193466760912,446.8322750084841,1.7531370077644728,0.0
11.008093031035688,11.141014416709032,551.0812382199974,1.5948263466326802,0.0
8.939484763255118,8.838703394892098,447.20050940365786,1.2988370515749952,0.0
8.414254335475311,8.777229505222744,447.49726050884067,1.4545807524175773,0.0
9.785939280090885,9.814111586772823,454.5155105795833,0.8539235661166344,0.0
7.929515355161252,9.520996155956501,537.9750018758061,1.567326011514675,0.0
8.892701389305635,12.23366755105991,469.1612319240146,1.6048845993085157,0.0
7.6042442148223035,10.372832339488093,432.6002107816416,1.5400498257184114,0.0
13.929450265832779,8.536736522182943,469.71600000321007,0.6080081486122327,0.0
10.070527103943457,13.780881370311565,498.3978814659757,1.1203090664730566,0.0
8.600548984014829,10.098616663040445,440.95137581678074,1.275572705145401,0.0
10.427959821468445,11.537679351937793,442.4159445482828,1.5874976799567138,0.0
9.77534390061834,8.783546985110481,605.5648167049792,1.5868016716928954,0.0
9.558060800933553,10.726231255489047,456.97172980930566,1.4489328624086462,0.0
11.22833340008685,10.62221998228639,483.84788156134965,1.690573660981187,0.0
11.51501542009461,6.220701415807694,481.6381499600357,1.19212728740913,0.0
8.938997704778945,14.030550220921281,478.9321596114779,1.6830705017081988,0.0
8.84836351871064,12.581288921845093,531.0673369984551,1.6424226314519674,0.0
9.449896605696711,9.205609367708025,547.4071475236025,1.613266419851373,0.0
5.39615767052883,7.795460519088289,484.7022784234204,1.4453878706743033,0.0
6.9696178756028955,10.695123227607104,438.1760856703826,2.0492231474493785,0.0
12.733748534889049,10.173395398828793,563.7220113924452,1.6479587065469636,0.0
13.289935427002568,10.711337897126459,495.23294544016585,1.2094992410239325,0.0
9.501927920887244,10.38315479238818,586.5160907428584,1.5744916427207953,0.0
11.153113926111534,11.012481978611852,387.72070512174184,1.7257450131222656,0.0
10.622500309087073,12.894611398783614,509.770161064166,1.323567420322707,0.0
16.157761616910477,11.136206410257293,595.9303166938104,1.8267816740793297,0.0
12.239149822869154,7.900689002180117,482.3367932280921,1.6146101117148033,0.0
9.744164817038467,12.725125705424905,488.7253288332682,0.7972564987003959,0.0
8.088919118799149,13.281229126976575,514.7755845795169,1.5899015932013778,0.0
6.787107359484855,16.30411346902417,472.0602090557521,1.3781912536761853,0.0
10.406927271734446,7.7530119335208045,484.3964033973634,1.6611539443625207,0.0
8.487298509431394,10.48576402630055,483.10924529042984,1.7832644520755443,0.0
7.155492580804651,5.8358025936220255,468.62896327868134,1.5585486141425453,0.0
8.706854231514948,11.106298312758419,561.442827510028,1.9995756701834086,0.0
7.8369039927712105,8.903599403666455,523.0539016148217,1.4463879346309514,0.0
13.37428327014513,13.846891589649907,512.5314116051651,1.6874453469161625,0.0
11.763279513898901,8.450770059962837,540.4285503445059,1.7414827720912043,0.0
9.984054717366766,6.621633924065477,486.78220833982664,1.4707962093321802,0.0
12.959888277780053,9.057472518594961,461.28980908235496,1.7336322923933347,0.0
10.154736615295237,6.049024457565725,469.8687847692721,1.3215981038513493,0.0
8.277431597343472,11.50219890901462,500.08915205523044,1.3732294742936344,0.0
13.046248154539315,5.869833907487359,447.0394145813549,1.1062533928991063,0.0
11.077820087369318,10.056915162366318,474.9869491706662,1.572422734911014,0.0
7.925507691347088,5.844376360287606,474.1941679064283,1.5975755027563032,0.0
9.619322643832783,9.359404390926716,606.2278114914507,1.8537789475737687,0.0
8.248763493230486,13.286756311609068,361.3092530033042,1.737342001306765,0.0
7.234400538071328,10.72129578287159,491.0190139297183,1.41456133300577,0.0
11.852355095063283,8.273012790070132,586.2846896407385,1.146546093799717,0.0
13.818833280940261,9.937593022121833,506.0922232066227,1.6298551207559921,0.0
7.202864852361717,10.036033744088893,537.6708736710547,1.8332259517243925,0.0
11.125938473381142,10.945260691686812,504.9913157549884,1.726555492141183,0.0
8.698714861756347,7.266283273438347,466.633330939176,1.8253432574571862,0.0
9.025749232470607,11.18513454769466,387.90420327455433,1.4364331406405273,0.0
8.815212151522262,4.59121673679445,510.2727843518151,1.3600143095473063,0.0
8.272018460640368,8.74023089527238,461.21966976988045,1.2789295943304604,0.0
10.097043255889654,9.023452315096911,459.98322969173483,1.4832310600159213,0.0
8.338099767177924,11.266653652142477,475.0506372010444,1.4764227612093541,0.0
10.540913651559677,10.045261705353738,587.2430703311746,1.5620032885617348,0.0
9.899523781101726,7.188873892287427,620.2418771126986,1.4612107628893476,0.0
9.52210390626718,8.03001374836597,510.86039687642005,1.4599116810819686,0.0
8.184872675916804,10.397360019094814,476.7616388044136,1.2669917841083569,0.0
8.846457338863335,9.841865316270887,441.1386791274395,1.7824857040654472,0.0
11.510782451651512,8.841751780728508,523.4270080773034,1.5229554186731133,0.0
11.001834375248762,9.038332420976042,589.1452800032572,1.4476668197144154,0.0
8.044889510402898,11.392335994318579,487.63298064874215,1.2757712240252386,0.0
10.19866461085845,8.964614854261571,381.05019796233876,1.1004260668826742,0.0
11.502774246743577,9.823817511941854,533.5024835907761,1.8923892577648032,0.0
6.6611894377572565,14.339873176161085,549.2699855725025,1.6663916124395421,0.0
11.08672038475987,7.152634726232154,420.7077179807076,1.0128246472290099,0.0
8.674752482108307,6.296314536850683,508.8242091831476,1.728942690212897,0.0
11.141197337186318,11.567179329597213,522.561300806805,1.7767443510699328,0.0
8.473481686914965,8.642713877411794,496.34463489955306,1.5373128366902788,0.0
6.390235798670962,9.36352494451476,460.4614540457323,1.9794332687255276,0.0
6.744915124233675,8.437687243737772,550.7968611781778,1.565015892636865,0.0
10.096169893322765,9.480399718464975,479.8310127015659,1.074952941615243,0.0
10.519445003442964,13.197076224192683,425.7406918650034,1.6095507003144962,0.0
8.191366749791182,11.604256917236238,397.52627571651595,1.5734691905138187,0.0
11.277184917554749,11.724447023773955,563.0424759999655,1.3190109453665535,0.0
6.67695987546208,7.167545888414709,530.8331988235559,1.6720676510632275,0.0
9.867840402705367,7.6976925268942615,504.39867735645845,0.9997004201427414,0.0
7.577967600475087,4.321842681029146,477.98626815745985,1.7971700482328368,0.0
8.696327784395681,8.381238357834492,473.55007928984367,1.2365634889183643,0.0
10.094797342632829,11.913406372771316,446.2131675779194,1.2045161624648903,0.0
8.279173269432095,11.033893031496742,478.42721777200575,1.465852568307757,0.0
9.23088891154035,9.556973474095752,393.99563924399126,1.6298918784130907,0.0
12.012585618428881,9.955399432563894,463.1968173265743,1.5491772190780289,0.0
8.846216260953703,8.622228914849188,484.4531241824453,1.2772022502682865,0.0
11.671384224130284,10.409517764803569,530.4940023595209,1.3481732126424335,0.0
7.740586290684764,11.531756558961229,498.0036768313318,1.1600872957867614,0.0
11.059608355830566,6.768226425179055,539.746155693778,1.432596029511039,0.0
12.8831372413158,10.599295375674696,567.4567552556715,1.8225063643532728,0.0
5.056710999745421,11.864869741909335,552.908504691205,1.4987211187068372,0.0
8.406209489059046,9.169799422073261,523.5254923689279,1.757824276427836,0.0
11.15414425436108,11.401401224241168,500.5931339590392,1.9366204013178574,0.0
9.593909227914015,15.629308888945106,450.96059957932204,1.3235944442889098,0.0
10.742291746742618,9.791314414026216,536.9972025689658,1.4440280240833907,0.0
8.79202962656836,10.786614100010647,583.9873691110764,2.1513578583187485,0.0
10.1731795749458,8.523885832677216,517.1053019825209,1.9333030235939836,0.0
9.68864552921584,10.362502325204101,595.8629574213062,0.9982786422562943,0.0
12.335564123319614,10.920543249964608,423.7214145969458,1.616144494818272,0.0
10.508841686602427,10.389684680540276,442.29183076102294,1.5001679977019087,0.0
10.675205324150404,7.9606093605822865,542.7600753874132,1.7479359332576287,0.0
9.176246067755065,10.412723542650902,513.2145105076626,1.2765063697544834,0.0
9.024787551855013,12.924391877435273,565.6891088285904,1.2481174883877983,0.0
9.134883624360759,10.897271529029055,499.22641796366304,1.2971787854119172,0.0
10.788904284756594,11.923974378143683,456.6012288735834,1.3284214361404703,0.0
9.158031038359475,9.525976059974745,489.32033788974786,1.7445972500427043,0.0
10.579549713792826,11.49980047884742,423.3658014538133,1.145639648055336,0.0
14.150801597290878,10.558535676433053,443.57046634514825,1.3132158300122043,0.0
11.742249406863385,8.098178540625536,548.6221998959005,0.9632962828495677,0.0
9.347952935664317,10.63704200959775,543.6393707234805,1.8021353470237118,0.0
12.402427844327889,8.016606673119378,518.1502142403039,1.8813090298293422,0.0
9.183849253956897,8.734239450230415,413.9461239519765,1.401877970740864,0.0
5.923750929644292,10.378656614584749,482.07982122435556,1.4106151905560331,0.0
7.983827378165191,10.594488546760248,438.75000556699746,1.6359665706848692,0.0
6.258416157948289,7.621535069845741,558.8266626893883,1.9423446022134767,0.0
9.296973031917382,12.107971542365753,470.81389332186995,1.6225832242691751,0.0
10.036836758379103,11.144012556600945,445.7126144609225,1.2907374172574657,0.0
13.352874624550566,8.590543128778233,501.4898082560712,1.014353228404068,0.0
10.653854747528325,6.924830407101649,467.9922771582694,1.1654621212009537,0.0
9.561798942382271,9.710190841837138,574.1871955101853,1.5219658350937395,0.0
11.658811162366979,9.10811257227768,463.2594551232905,1.3034017430397618,0.0
5.57772938198423,10.226280914106045,430.03858703876847,1.5584903117972275,0.0
10.471229116217131,9.273766677688867,392.3543242121242,1.33412279512913,0.0
11.541730387773933,5.98508627850998,498.46067487932925,1.1825560706116764,0.0
7.0428275084403165,9.223306123397684,471.9034943071037,1.1468905105640788,0.0
12.287508086413858,9.388761777863374,428.55476967441365,1.9687063528119688,0.0
10.676992814988829,11.267322049548117,559.4613230627892,1.7666963247550929,0.0
9.169424172198397,8.603600650777901,533.3622573714621,2.0191553855483875,0.0
11.26556373221257,13.357349346745131,498.5891060531385,1.661985270226531,0.0
14.541385715608792,6.176718898696485,568.2163122085433,1.3710025774155483,0.0
10.363732510116991,12.622334995605248,533.1268016699306,1.8970022767469814,0.0
10.496441172600672,9.551362058243791,458.85720492407836,1.4900795995914697,0.0
9.081278200919511,11.719169744687113,448.0389918004617,1.5662525310871056,0.0
8.300311261070416,10.159602968117467,540.8990772226931,1.4871526862773443,0.0
11.66067163308849,12.279111072050938,519.8183478233675,0.6159287342147957,0.0
8.287832348182265,9.225276070894378,508.4873883985331,1.9814205036884558,0.0
10.143132474438785,7.802759149644375,457.6751098565546,1.647301183787326,0.0
9.044685106469768,12.841008574542126,530.3973783502877,1.598946918260553,0.0
10.957959651492784,9.773038708235717,462.2250558433025,1.4814671813188318,0.0
10.667324210573897,10.443116947248422,494.9006672703161,1.5490283461158394,0.0
12.075079888515798,12.46950382808959,572.347207319349,1.3208163192461257,0.0
8.979967202290506,7.93608951581113,466.9582882094927,1.6849738056921812,0.0
9.460250129413257,11.190981795278514,421.35053714635694,1.1078704966802602,0.0
8.042472568435386,8.820210487074219,447.3726404064945,1.555820529741164,0.0
9.111413479847776,9.735661288711256,549.7149413343811,1.6684720411713314,0.0
10.754600986089704,10.144557930768578,512.7365568690104,1.440399259853129,0.0
11.513977233290703,6.999556277106128,493.55613106556234,1.6112603377413075,0.0
8.155669351644748,8.442325914359131,474.54530973442155,1.202599682329725,0.0
11.73921184021132,12.702145784826278,524.2679953776595,1.2102519687312108,0.0
12.711275717609901,11.772382377169592,457.5447574504888,1.571015136307918,0.0
10.826869806447402,9.87472084534553,515.2832784321298,1.7035648963863155,0.0
13.753591625116131,10.486246917025786,463.43727155935215,0.9375403033494868,0.0
8.452421601792853,9.411514988727085,455.11703073624733,1.6566061905332299,0.0
7.510690593377166,12.713166771655963,468.12562825874943,1.3370395498870988,0.0
6.442559502191443,9.599294844411672,481.2296276758019,1.4421581738077762,0.0
12.992088622978367,10.463684184269695,497.55850820331483,1.098144622930489,0.0
11.308731312708115,12.29206028828413,511.7727897555557,1.2445148279439875,0.0
9.88883065817909,8.445257030308188,315.58173542857776,1.7898375976590934,0.0
10.55993725263964,13.117578368993788,459.61747211266174,1.509859012194064,0.0
7.7490219054032465,6.939077180513246,480.42150113219805,1.3851664794871326,0.0
14.891503959233653,13.259284262225597,575.2531019304165,1.4650534942106896,0.0
10.258442363950454,9.25464883209605,445.9998695808934,1.6467635473992903,0.0
10.218789589209786,9.514602504349437,508.1398309049956,1.6321483488490014,0.0
11.451533247797384,6.219979657634115,574.7515154867918,1.4774918998809596,0.0
10.962018463473427,9.090410565244614,434.35157350263637,1.8278877332690004,0.0
10.447768048558263,7.9203869379462315,519.6987612932202,1.7911387910719998,0.0
8.419051089109375,8.784707309253054,459.886408303274,1.6240116087391188,0.0
10.942936714271992,9.725378068422241,474.76831288553825,1.5163835348730212,0.0
13.764048992950068,11.915583228945811,459.84445830233426,1.6971963285358618,0.0
12.690840092309955,10.415206702801251,463.4071345792057,1.594280226540355,0.0
13.186373253278795,10.615353306802227,636.0956073953246,1.8182400215417842,0.0
8.97756864713763,7.808961222308875,542.2227936035833,1.7698684130214923,0.0
8.020790359482838,8.23849182079454,555.0868930893105,1.1945238295746814,0.0
9.748426159800704,13.597450036702623,524.5996743418248,1.1742110487774882,0.0
10.11144982457739,8.529597930473507,419.68716057990207,1.2896251366787772,0.0
12.188383036941897,13.31241650411459,519.7478985161654,1.7928416070200763,0.0
6.615070740570362,9.513877602238267,553.6464807253674,1.0271073009686265,0.0
13.059100638921228,10.004575872287008,457.33002629804446,1.6184272167323979,0.0
9.683984202842021,12.14073032045986,548.2663333580563,1.6087629273278885,0.0
9.14623786010516,12.543784843877313,535.216810492704,1.8487944176058577,0.0
7.975791249479665,9.778374879441825,592.6020022406835,1.5541016071991662,0.0
6.690286656268461,9.223513892956923,479.11084937431906,1.0970371828248298,0.0
11.64634116792383,9.888159102955573,445.11945088621366,1.2121935118055631,0.0
10.146635934376807,10.675915056464236,481.9185945313727,1.1454013434306527,0.0
7.420078200517892,11.782607373739511,571.7785496581812,1.338616810100058,0.0
7.409842455872768,10.008459717988304,408.57970595790187,1.445129529772822,0.0
9.328430601419743,11.237772596046307,396.5812142284484,1.150367542133683,0.0
13.338043050578786,13.276719464541882,504.46976394658066,1.9411985971956867,0.0
9.48081729727279,10.762619224529569,477.8705353612922,1.1024155884142677,0.0
6.993714093763788,10.623305712009557,500.38639465878424,1.9038310271587442,0.0
9.50851387182811,6.962178349819864,547.2655885617933,1.855548909431802,0.0
9.45455286050466,4.738539726341873,472.37153269405735,1.7694907649067106,0.0
4.606226714116857,10.776751458460337,406.34970845346896,1.2918700177509748,0.0
9.891410266964376,9.810351537438256,602.2240778599972,1.6027352637530705,0.0
9.538130939582643,8.970434650170516,450.1385856280612,1.1167886599348147,0.0
11.392412729626837,10.48706040837269,447.04814389939514,1.7732721105101248,0.0
13.69791218989069,9.879192541606184,555.1860006861298,1.4778045655391194,0.0
12.253130059095515,12.255560501267798,480.7755439479241,1.3772039356239945,0.0
9.462222618890339,10.172221736517956,496.83050739825944,1.1328765460031192,0.0
7.786948182516659,8.506153429859665,524.1395062030159,0.756748164411295,0.0
15.14671960649972,11.980332477918578,554.1791551554998,1.1884377428892732,0.0
10.118436868028976,9.565737850107595,483.3269653409114,1.833839458683872,0.0
10.027858583825893,11.053073367344615,575.997600295715,1.3791499714575588,0.0
9.951749825779993,9.0451785876144,393.21000756325975,1.4492013428654857,0.0
10.39616952153571,8.700346229005127,537.9893618476539,1.6966663074865358,0.0
9.711279176152114,10.168336460371393,458.0236220991171,2.0417006634348795,0.0
8.852675986239527,10.02565728708737,568.6135658303996,1.8975013964836915,0.0
8.906282117519215,10.959654070733666,507.10222394152726,1.2082994988551436,0.0
9.934493459568003,9.462708493380514,466.3547333995299,0.9172288285687781,0.0
8.91315045773247,6.327280432459205,533.1420546510816,2.207884277730031,0.0
8.57430843464567,9.134452232823223,544.6594173603626,2.180697483497836,0.0
10.212860455383794,11.587636934287632,532.094706142932,1.5565360789287848,0.0
9.49004556515829,9.405247841513788,448.515188018347,1.1188535263254535,0.0
13.007985977165378,9.507233194970905,475.79914381889574,1.7889679601681818,0.0
4.698060383213976,11.972753011811875,499.7963581439283,1.467604894196217,0.0
12.183013703844924,8.576053545482154,497.937017367497,1.466105663068017,0.0
12.492170384995259,6.914393563514201,537.4872737719174,1.7683376529315387,0.0
5.853219535183701,9.678737760949012,399.25493837466956,1.6003124240619895,0.0
9.314624811839302,9.031652097502526,516.7163527276751,1.1442555266955163,0.0
9.257118268008417,8.067507360493492,485.500932278168,1.402577419475408,0.0
7.184976610564357,9.649243088202619,458.0749691808024,1.698345878598404,0.0
8.44436662481825,10.983011294493567,462.87566111152,1.6530756667215056,0.0
7.7788483090683425,9.981422876864368,489.2731167741018,1.5786049723075428,0.0
13.504540886847245,10.613962145372476,319.9457447770241,1.7800268863427593,0.0
11.871356786294923,13.626815397030846,464.9355214604225,1.3914849036548207,0.0
12.543110189988317,9.314242276884872,456.20925876768536,1.5536009325657216,0.0
11.443344128086471,10.556697269289339,526.6391604661312,0.48732626994672,0.0
7.741896457565542,8.98157327480173,459.72366587447397,1.365104941847156,0.0
8.950959467440452,8.307280560226054,489.2443099914755,1.7291708725726933,0.0
10.978749122455836,8.83018469316446,577.1138313830651,1.3828816598648572,0.0
7.555744382216109,9.042482856956623,549.7175759907711,1.3601317824848664,0.0
11.425996860344776,10.718951595094252,545.1135699971726,1.1875641144675544,0.0
9.51934920368373,14.698151573401514,475.0063784794574,1.8010097678187438,0.0
9.250358384900805,8.56791312744832,527.1516139644826,1.6645389820621712,0.0
11.421919936406983,9.166749388769075,488.3051099773203,1.7476243793469255,0.0
10.88852662297208,9.873753973777504,490.1953394661531,0.9821358114126332,0.0
9.27806766836184,10.791597697419494,520.4842671873275,1.4518649870203097,0.0
12.318659606728495,10.52710162390957,470.15032057895337,1.415966697674998,0.0
7.837873344800205,12.568191587896234,574.6501552221602,1.4158284880204342,0.0
11.231871213888528,5.1472158589295836,491.99349302010313,1.3151917368846133,0.0
11.186202515936767,5.226140259608655,530.9180283129832,1.3961687184659954,0.0
9.380907121372019,9.008243655979701,572.7800239628649,1.7548934348119956,0.0
10.652266044484236,12.194600375087418,551.5826887287587,0.9261445939956512,0.0
7.497772847229394,6.868703936788807,429.55404486547377,2.033188430409136,0.0
11.848054038413801,3.9847353206124856,522.2447947504942,1.6451523375079384,0.0
9.630195727114021,11.142358812438417,542.5359697230324,1.4873004313019362,0.0
8.95455395896192,10.48731444740543,544.5931511080374,1.772050243911878,0.0
12.098018451673779,7.8195831864011405,444.33525829426844,1.0644495764494695,0.0
8.59131261891448,8.02892079855814,467.1482381491338,1.300589728454696,0.0
7.183077407272881,8.06051256073065,549.7279117870811,1.4636773702828338,0.0
6.8867416529521925,10.22107063494788,461.9119814658677,1.9096681111296532,0.0
11.21201990269128,8.747369447633986,485.0151971667843,1.4860510256620327,0.0
7.439141295007434,10.988127837951039,578.7937904750985,1.635016401355544,0.0
13.50958836396873,4.290746674191218,497.6100374807605,1.3231263012191616,0.0
5.836141184232556,8.286296269744401,463.66129310830786,1.6460526206902473,0.0
13.392912736580076,7.7478920781779,456.11913215685473,2.003171877892337,0.0
10.422034934405238,9.487318643255016,516.6359664792594,1.7986580075022343,0.0
9.806573776259215,8.923904483019722,433.34259957613955,1.4755632036666362,0.0
8.910161826382101,11.595687559791534,487.6332018051791,1.702647254179641,0.0
10.798272228704143,6.281326456679885,516.661526749501,1.6732550863821636,0.0
9.924730595150303,10.090982952661504,564.9574910273834,1.6519763015091826,0.0
12.206603764033042,11.11667284642341,533.3774040184998,1.8335860082581226,0.0
10.228455297324079,13.71329487312391,464.29674410089103,1.8313433111512398,0.0
10.300603522923755,9.03646805781305,558.920965878186,1.4618524209375348,0.0
9.272775575572288,10.648917208705035,485.02424812262615,1.6925637184433309,0.0
9.886108752557865,6.392274414875271,438.2148488975296,1.3850715236520619,0.0
10.615603537784118,5.216087591373952,491.3979320367264,1.2230782811053267,0.0
6.579663214686748,11.6895487515634,571.9084600572851,1.419151873288804,0.0
7.303629155788574,9.98887941270386,508.26200250324626,1.4771165544781253,0.0
11.48652818804543,12.357025379596845,500.6260932164893,1.0015257032466023,0.0
10.341730876255884,7.253194222060502,581.8605822351426,1.758099767825016,0.0
9.632033327294641,11.039804279057504,428.4322576472787,0.6698023732192806,0.0
10.036867866130786,13.737635681087706,435.72004429736137,2.3144450818458964,0.0
10.695163410723342,10.839411216714531,419.2076764516584,1.9505637401388958,0.0
8.920480639381276,10.553163011182097,518.6324093240028,1.421697382748306,0.0
8.443390549195374,10.017112161648699,508.32465635575625,1.502827908169132,0.0
10.391690510195364,6.858237085748176,577.1368183639888,1.590891562076185,0.0
8.043254444769936,12.711145871420696,512.1737538568385,1.3232518836033174,0.0
10.816505511428943,8.778284720389868,479.79214202603487,1.557785744276081,0.0
6.594832791524319,11.008966512766033,500.08974364390536,1.4568000066895017,0.0
12.058311274651288,6.8739313868574925,505.8853709230479,1.4717181848307102,0.0
10.945194964826086,7.641080670984439,416.41193633359165,1.5544383190441915,0.0
10.51205946862775,12.87017479844447,635.5165822167446,1.1059416604938017,0.0
11.965381967891028,9.305395422084315,525.9935509050956,1.5118709172400944,0.0
13.330948888925153,12.90655095208509,510.50041540112943,1.549034323985243,0.0
12.028740130036262,9.843538681882965,530.7581992139291,1.5386548864067744,0.0
6.318251537336709,6.316204454084286,535.4705490293303,1.4352507733691537,0.0
7.4408460665285965,11.78413519946344,492.97232572487843,1.8413573327908115,0.0
8.750362844608642,8.820215364488785,468.43794318796495,1.3939042335355347,0.0
10.052182100421668,11.397377627034087,529.9725343160852,1.568197772046957,0.0
11.035318040938247,10.050421735080164,519.2855420265727,1.8891892601776636,0.0
8.548512373693068,6.913763544114259,459.5054950455296,1.4761871579939063,0.0
10.373533528954157,10.328589530741137,570.9517805683632,1.5643389802402654,0.0
8.489234135293355,14.3924462843056,514.6676018161492,1.471084609105531,0.0
8.776964394016103,10.985972917028919,536.4909681133815,1.8712109380690798,0.0
7.186677806303555,9.884964493989074,569.596044383996,1.4226826315241115,0.0
8.153533507778192,12.150686803913796,501.0944410582417,1.8850063731864617,0.0
7.296630788767333,10.421336930406222,515.8476003492058,1.4689236316058807,0.0
8.048253494045335,10.419068460525589,540.5013619253058,1.242162082965595,0.0
12.10728359321568,7.816749655681795,463.7569458099974,1.7038119511722363,0.0
8.101202222336115,10.467696051579196,502.70258314230006,1.408599649873303,0.0
15.26476412967478,12.070886832833889,506.2774293325574,1.6861502697297488,0.0
10.986635801761778,8.32787569579995,452.1970724158303,0.6811786845228799,0.0
10.369672247389747,12.848991642493896,615.8818394336939,1.501561578568484,0.0
8.283284439637573,9.816587951709748,429.6353278253799,1.362118410372756,0.0
11.400619758817983,8.224460976922918,435.0948048156421,1.1810223940406166,0.0
8.848724347524453,11.99526415384049,565.7113287851789,1.3340276994480602,0.0
10.244019629290722,9.426411528523461,535.6633125398271,1.3278890567122046,0.0
15.12016907653759,11.519029774972216,448.70175912596113,1.4856042615448257,0.0
9.8078802005507,9.416482735482926,530.3644507550846,1.0898020616145132,0.0
12.298546652571352,9.880347712940193,573.3925222498655,1.594882134077914,0.0
8.593647149748225,10.987120408668583,498.4868471201507,1.9098644355617365,0.0
9.930023019006077,10.581794115180012,629.9411450037292,1.5842785490843478,0.0
13.54160127127102,6.008936439096523,413.7969094565982,1.7426965827687027,0.0
8.746065884424466,7.7575125198112165,534.6911726929551,1.8283687363841388,0.0
13.624897115993857,11.858819969581631,558.3264168110502,1.8709468536552532,0.0
11.415503870910952,9.735726822196906,544.5671950802623,2.0610416078463913,0.0
8.875066448211465,8.952537394457156,489.7822136677176,1.350239400517221,0.0
11.264815478111043,7.282851969485051,485.47792589944254,1.284454804451665,0.0
11.94510889925346,7.840527357448304,522.2072585543629,1.7350396944974205,0.0
11.243619924434393,5.956402720076105,540.7877243326035,1.71247986589722,0.0
6.859550560219088,9.797438562596934,530.1236718141182,1.7327025898847068,0.0
8.545725648350263,8.803124838837906,552.0028945396695,2.0667847362750758,0.0
9.50496272889699,8.06682421802937,449.05650214666326,1.5034109726395481,0.0
9.851133141799908,9.863753149664094,488.61145104381825,1.6278469678938554,0.0
11.241344195101355,10.727941261705476,452.9992033938123,1.2058835245549575,0.0
10.355402001866508,14.18639586441989,480.6943611956929,2.1405963371927874,0.0
7.3293112825797975,6.976233160873573,550.7610445907153,1.3990365236372666,0.0
10.760395702011927,12.318762086601044,505.39919603626146,1.407535221551751,0.0
11.221171490567647,11.946203122030145,630.3429581574885,1.395975032697527,0.0
11.119580895862079,8.441814521246599,509.67031835948586,1.3065312424066986,0.0
12.161561451109243,10.406471909172062,502.9845940289868,1.2811688853457053,0.0
11.667844309097807,9.08473350132477,505.3091459720108,1.3428887151331423,0.0
10.918360158456874,10.371377160837477,468.1095653570032,1.0902612215847167,0.0
9.859668577082706,13.0182620268091,497.1081693811203,1.2644046239210285,0.0
6.678078132968017,11.211212465262626,556.3894013555823,2.0846889334342857,0.0
10.859236438265171,11.017216746466884,505.6985334063886,1.7206965430924106,0.0
10.415375374326223,9.139381360090715,460.3270135058264,1.7777712530183154,0.0
10.543157674390747,7.03188667015133,453.74576897606823,1.8531626362250744,0.0
7.446502848359382,9.583063578919184,477.4899054167078,2.0502403693087174,0.0
7.837886919183475,12.41321630972783,503.693171720544,0.9685732345668469,0.0
12.106305706665808,6.945664286820705,559.679326773813,1.1310350654140378,0.0
9.92088969228669,7.88982126364661,432.97556793167814,1.2588829017315943,0.0
11.363001394745249,10.252535472468136,484.00868610556216,1.3590810610531208,0.0
10.056636752260923,8.030690430305475,507.21550097175395,1.4098291828244254,0.0
10.059512278991491,8.414953105769575,408.31471161852824,1.3659067341581879,0.0
11.876567611951995,9.152802836543646,458.32008585167966,1.5657926739396162,0.0
8.967910543565253,7.268765191619702,466.00557301319066,1.5105886172235647,0.0
10.192241553881967,8.051756307567263,460.2014813074751,1.2831495614465251,0.0
9.075449422589916,11.406855833574618,509.59447725108237,0.847335366903729,0.0
9.131007545135368,7.385260435538072,491.97201952491014,1.2021393883863905,0.0
9.381655753062722,6.804255731010325,472.2356948699482,1.3352284040062274,0.0
10.444267543267426,8.73995004093221,521.3981313276317,1.4258761689576842,0.0
9.042502756673045,11.46391100501969,586.1537358823125,1.1610997622068389,0.0
12.511512251147042,9.606156384006221,581.9628258370876,1.352758060051074,0.0
8.210785395560992,9.070837843768764,403.86141139688317,1.1607037834543241,0.0
9.626256711677282,10.088717595031214,528.853609191757,1.4622541945355,0.0
9.12053788345165,6.508585134280696,491.0988354968081,1.1780726014912153,0.0
12.893955768707466,10.989411307550064,507.7577671432678,1.2453286030888606,0.0
10.39310955302315,10.766870062807289,480.08584832287255,1.1073947607032584,0.0
12.06368907893727,9.181383051808558,505.8794314943601,1.4539497913290649,0.0
7.028879253926056,12.011849023592834,507.57036980360095,1.2400656690142804,0.0
10.534100531738517,7.745007802093923,471.05241213255385,1.7720352800026289,0.0
11.779261591246874,12.255817986507138,455.18162260874095,1.6217550800078697,0.0
10.16456797855085,10.308987331190503,477.5652158690258,1.4790444395449072,0.0
12.130960750130702,9.326894820243654,511.71296322283825,1.2607543507968635,0.0
8.965423099799256,9.960252729263377,529.9498170842132,1.614156091594891,0.0
12.81869488037116,9.785470468378117,542.6674488670074,1.7072102668045912,0.0
14.5977962472385,12.440565792835434,475.2904988466544,1.542806523660489,0.0
9.274322879120682,7.846641745057973,514.1922283651369,1.981110556640079,0.0
9.108994957198457,8.474961521706803,548.1251295976649,1.6378911954224447,0.0
12.906768954235401,12.07260578414496,558.2797447572065,1.7740821652704102,0.0
13.159144291461425,8.808930129632282,497.0583572934239,1.5400696246607934,0.0
8.954279945693463,11.801066154663182,488.9534137530194,1.702699335977093,0.0
9.159626365808286,13.398871966017419,509.5562116918196,1.2609656301992473,0.0
9.436430782278986,9.196409946116733,442.51462635512974,1.3624804910361619,0.0
7.3110989779314455,11.362724653150611,490.31952444822457,1.6048090660447139,0.0
8.162696107031604,7.692615437320283,537.2293199236565,1.6026298444672145,0.0
7.991718466495865,11.509466596135619,532.0973564721851,1.6522835468829742,0.0
8.464404869791743,10.398847971973534,486.48661978180553,1.8301178676836187,0.0
9.930630225226437,10.94607656432043,510.8859100543583,1.0725086484553763,0.0
10.468429465073042,8.70885585592921,458.7674829854656,1.2076642357169112,0.0
13.101000985628154,6.677833168865655,535.1746074112513,1.568871792322276,0.0
8.003291918522418,11.00650412949901,496.1089281931763,1.2826909104589617,0.0
11.968644796953168,5.873193695041091,486.2024274151931,2.5133304723868086,0.0
9.572022311548983,9.36529901551493,481.91380819533066,1.654715885751041,0.0
9.901072580695134,11.88236373283994,496.8553066550071,1.4765007453209529,0.0
11.349638984333208,10.383795471746073,477.6061177534021,1.3453592180748424,0.0
7.754555956875403,13.896685289579626,532.9071518001282,1.3559513150420868,0.0
10.764819492368101,12.050218305163547,480.23582259919095,1.5090421983945532,0.0
10.332904416426112,8.692203223348848,579.648204801369,1.5335945797863773,0.0
10.984902528016299,10.054626759702877,573.260525174069,1.362990256591946,0.0
10.578337287815636,9.905258594911128,455.42282550727475,1.4180543260440295,0.0
14.91060027982179,6.8356464733077456,503.485213471464,1.9032853725703789,0.0
8.724520031497368,8.119202167031293,467.46716893319024,1.9153514887953103,0.0
8.938006089996364,8.87847818604028,483.66762184056944,1.5756101939804632,0.0
8.753718947150471,5.927558994288127,600.1213733822399,1.0976220818289786,0.0
8.88904576167949,10.094986936503286,484.62142914421,1.6615509469917131,0.0
8.725225745386965,9.501856310693919,518.0113018538715,1.9662847324833077,0.0
12.378033062215103,6.654212197376852,527.0660647004139,1.9109343305887136,0.0
12.84100849597971,10.808425730554664,449.968531375838,1.7203277558429002,0.0
8.858507412501048,11.43174548938192,457.24522627953974,1.9267268865857465,0.0
8.335288853791543,10.454068957729778,439.69888142959405,1.5160152817437065,0.0
10.942831112772808,9.351863649582059,455.70146330511113,1.6884308909501116,0.0
8.895553911438057,11.182884303503709,357.4984945341409,1.295767330102446,0.0
11.265863635511021,11.360440720953383,527.2291200396814,1.5876796368467136,0.0
10.405846041702599,10.614807139439376,602.7096920628035,1.8988602731911572,0.0
6.968511770005536,8.350775499130478,507.3910369518263,1.3231729765539326,0.0
13.095010402660122,10.553201531022362,429.18655703296963,1.241566971160714,0.0
13.591755346191043,12.390961301650957,467.8611808550026,1.529246681707109,0.0
8.774422619031228,8.806741882776539,477.05615774875014,1.4320013388828001,0.0
9.224596880128031,14.195878678264862,449.1207611393312,1.6947443163211262,0.0
10.57173078144981,8.94873813202923,543.0091319197578,1.3640221422158874,0.0
10.668913579974049,10.064814026680272,540.5130022187667,2.015531884680814,0.0
11.31708854534566,8.655028807987328,442.22741030911703,1.1130971706116832,0.0
14.0204090775327,10.44654167184052,536.2540522223754,1.8761204358659205,0.0
9.6461055450119,6.51555661472945,576.3406331788633,1.2705452315075692,0.0
8.403405510923093,8.907916402366558,595.127910261478,0.961205179624793,0.0
7.241361543970946,7.815757599302866,643.2606011542981,1.5713625469046602,0.0
8.538139920116162,10.270676695784582,454.9003675278401,1.4236176041958348,0.0
9.933746054252406,11.988894751017815,641.2110213197602,1.1671171896290908,0.0
13.589115727035576,11.292012374229103,482.2896805745606,0.9955869324854209,0.0
8.964777401927657,5.256681278282215,470.37672723097427,1.497491763818563,0.0
10.447575903277796,14.08413930585576,516.3536187438923,1.7927510674871454,0.0
9.967154207854495,10.590559881241736,470.89693329534936,1.6754860479259333,0.0
12.376786546896168,8.447001719013999,519.9522070323263,1.5170119946517797,0.0
15.053864851747242,10.314255837981882,433.9961406131349,1.6436542719653204,0.0
8.938262454159359,10.352379645005385,488.0623698968283,1.491835760286643,0.0
9.021121114963556,8.666302566096872,564.279111718084,1.0710827270908887,0.0
12.088321754138144,10.39583333468415,497.1469354284422,1.0737318044329671,0.0
11.363782979252623,8.785055424759385,507.07978933699417,1.4390494413045964,0.0
13.693414651472068,9.191276014619955,523.7629302358656,1.4518040140901776,0.0
11.167856370651927,8.627441728489831,558.533081465883,1.7552948035520295,0.0
9.28141581842588,7.1346574205206945,417.23876439052833,1.727191267132424,0.0
11.181309661384619,10.291672940430768,529.2262025918717,1.6815399047276849,0.0
12.217407161165816,11.170598873032676,486.59304303791185,1.4159151860768457,0.0
11.640964362394728,11.029767192152745,508.3318947655919,1.0858043489669582,0.0
11.014548062214596,11.639850505270468,552.9975084881188,1.6236213411198073,0.0
12.133349379178307,10.648680420029736,440.2906674294078,1.6575507939786505,0.0
12.338591180891346,8.934549003566193,449.3677779278455,0.7834405612566943,0.0
12.764317982075054,11.679327728862377,403.2285020143097,1.2496985440252013,0.0
11.297419775179286,7.2849649203161295,472.5420529118112,1.2926836867818312,0.0
9.665763839366292,8.19865723497504,566.5216172189408,1.5355050603370308,0.0
10.293427372866645,8.07159985715351,493.9706405763265,1.2589918701702918,0.0
12.413017933016715,12.16011211827862,432.99375521726074,1.488559629352608,0.0
8.366128658025527,11.885577028280151,475.71606277124766,1.4368395178941025,0.0
10.737346617745802,10.974610474089989,425.60691482546883,1.4522551585386816,0.0
9.213322375345278,12.143859730423594,443.7406949134419,1.2850817118897762,0.0
10.057489645869635,8.241434435176023,519.4409455131856,1.3083044837799966,0.0
12.556903725214598,10.69719023972196,441.30633368469853,1.1759198820657921,0.0
10.382198136039806,9.749651143233672,555.631715260165,1.6140202321721495,0.0
10.092873096312298,11.693764207769828,496.4439854584832,1.6713307885774105,0.0
7.280287718040162,9.769551534895605,504.2797351972263,1.2688146149623984,0.0
11.492507132054442,9.230114223179838,486.0813516196053,1.9561920288051133,0.0
11.29096836228215,11.08181703712198,538.6423919271862,1.4056195657673853,0.0
14.32650944661092,11.752338334382465,539.1579943888505,1.9590556871389682,0.0
9.384443530093998,8.663309610306397,516.7527175956086,1.307361847850519,0.0
10.438300655327877,9.877848657295248,528.2394552953824,0.8920266670201694,0.0
10.498767367421511,7.883118732716694,489.39551650397874,1.6206593474737054,0.0
13.15490655952695,5.003877965014121,527.1101503454524,1.5745635315356963,0.0
9.809408935226095,10.400919262827458,483.1061112263097,1.5103181385922748,0.0
10.558043051540679,11.217810712509264,500.1115811081201,1.3073302564668032,0.0
11.215793019433079,10.524133618173451,486.26781253168514,1.4896283323542543,0.0
10.373218246312716,6.100876564491266,477.1390730340402,1.3466221626391417,0.0
9.107132770898943,9.298301139847052,465.5444101139105,1.4092951301004748,0.0
10.388179985796615,5.5633044798978375,523.3845051929443,1.7524896767295224,0.0
12.147263499719545,12.73940221530837,565.5302956406731,1.555265168859028,0.0
7.9469694011778795,7.827890835763828,558.555098583478,1.6829854161995932,0.0
10.265939348293752,12.510807218919792,437.1717332027282,1.430439448012263,0.0
8.599758370121654,11.891739287368292,564.4601525703437,1.3973947962585676,0.0
12.390093257849685,8.198819294927876,484.09207491910354,1.1539552407334068,0.0
6.95362619043245,7.73443009746451,530.0366507572796,1.3889890162295409,0.0
8.882156305456823,10.700740432772676,454.68923339763944,0.5036656333232584,0.0
10.754423750129043,8.311351925633858,507.09899569370026,1.3229334101083094,0.0
13.13104805846868,10.204969284316416,515.6861591448453,1.4754377468427482,0.0
9.868499477854025,9.034344818386163,425.76976040401735,1.6691020962810468,0.0
8.889600946613603,6.437683171068733,530.4133583172095,1.419396636742513,0.0
13.76231413888118,5.539063961751082,567.2967503919158,1.6043020626734998,0.0
7.1039721991675115,10.453368496989194,491.2676027159186,0.8460634015829264,0.0
5.602388086759836,8.87688450733875,568.0084065414006,1.4829489443379151,0.0
10.880028900106664,8.893820366171735,490.5153253273796,0.996149162125979,0.0
8.995891551294777,11.391727678187571,542.4792265523308,1.1375089453022003,0.0
7.9575343657385735,12.34688455326489,389.071501702445,1.4438503356408416,0.0
11.416712894598707,9.454910557276381,620.9388889656732,1.8828791963620664,0.0
10.487601427542398,9.318802586180277,574.7729122621479,1.6113620290410176,0.0
8.871842738526544,11.000286066227767,485.76872478731605,1.5054692991411351,0.0
7.439391202658211,7.286128860600849,401.39554866780907,1.4941408831598693,0.0
11.74491465656029,10.446306109495394,514.4014184152744,1.2859113320386597,0.0
11.300402355917322,11.103771943644308,427.80372264631217,1.336804975988195,0.0
9.801648272441234,11.360460416835258,522.2426768778744,1.6282128136412393,0.0
13.693273992095332,6.12649459499507,520.5782859582141,1.0843918444666518,0.0
7.859830467347695,8.477289460382119,452.92984154989875,1.6779162150849063,0.0
6.948949658150522,8.243473494353067,556.0483511807189,1.3834478798643441,0.0
8.616183860237511,10.199773908818425,540.2787351403086,1.7476671224608695,0.0
9.908827967289005,10.961489159535969,548.7911668644282,1.788328037169625,0.0
10.486678898645383,12.993420814891962,500.4428851834448,0.998074796248278,0.0
9.51752788428734,9.010069039263854,429.2237966543147,1.3255257710318347,0.0
10.704110793028594,9.004855003381572,548.8936136105568,1.243341693617813,0.0
7.496921151619112,12.299344037757495,486.4814300432104,0.9561816104780572,0.0
12.88752920814652,10.59315387706061,430.51099284036655,1.1902400171371768,0.0
9.835697643214862,12.535303022375947,567.6019682987163,2.2323767535796017,0.0
12.234591663176255,10.577456006019673,604.9703760251255,1.682852968863732,0.0
10.685450692755408,7.685766762573458,497.93759355103987,2.075186390581726,0.0
10.913506438307568,7.333743290444387,607.9560577301646,1.7487295320055007,0.0
11.139534560464408,6.896975501882142,504.5657364305675,1.2774470516974574,0.0
10.89541712003463,11.324103669516946,480.9772047916824,1.3854686409977872,0.0
11.285445519735088,12.377193646174016,468.47707729072613,1.6765308540720922,0.0
12.658305060264862,13.698724282772762,581.8541203996372,1.6312518610419109,0.0
10.39304233940294,11.686210664646481,460.99280593061144,1.3267973952874998,0.0
11.418007515177024,12.325677155069972,536.7634654987494,1.047002048826238,0.0
9.820528611425546,8.83996733469263,472.04180824703957,2.486328356216622,0.0
12.880234430898945,7.687168366512287,476.98466187128184,1.4576550982971583,0.0
8.64721539588146,11.700158664835106,551.5124846984784,1.402278332045214,0.0
13.60188086582163,10.8353615044788,480.9981576855323,1.5340003391715906,0.0
9.919684098711313,10.214888748681785,479.76023102898534,1.4271814232066915,0.0
7.138449795763904,10.77474296126598,556.6402348587403,1.536818672311645,0.0
10.256208829821578,10.64637096491641,579.8698646610811,1.8860841858349258,0.0
8.637896685050238,12.567633719707123,532.2344901642117,1.4626354560940729,0.0
11.681287097977448,12.589971169633912,467.2615112188025,1.1511868682016715,0.0
8.694752041395219,11.088440704680695,474.469575035121,1.4515068616564166,0.0
9.10763313357044,11.691605745125857,503.9957631870019,1.3606794655770267,0.0
6.220918538108938,11.028125104849552,516.0465030962829,1.9271696811740555,0.0
9.095387361501846,9.077660535930763,450.6067044930114,1.8513357194212712,0.0
5.152241346742087,11.51312934982628,536.1518969789931,1.5322575001292396,0.0
6.832194353028553,7.211009862281477,504.27566648197995,1.116379243554223,0.0
11.520829312288594,12.107783104591766,414.21458406809353,1.1322323209680163,0.0
11.571600317301664,7.61095412046793,453.5536758769635,1.5045369784753662,0.0
10.85091512356993,10.571606573589467,474.79356631741683,1.6008968907963843,0.0
8.066047713741574,8.309692083147683,496.3571155579472,1.3876131542021835,0.0
9.904577287716041,11.106777966148854,594.4639397751998,1.3559491247378297,0.0
9.992794921818863,9.932149548144181,511.9085653069814,1.322160230046406,0.0
7.6832706216149145,6.810488083673335,457.96140550506874,1.4929818119268161,0.0
13.006796603534301,10.841399262036958,511.0315402153582,0.7851712943780805,0.0
11.754724581151343,8.844158446334578,482.395612627306,1.169602011369087,0.0
9.558071652340672,11.762293441626738,516.2379119766771,1.3118847463657948,0.0
10.053771677989062,10.002651377468814,529.0283843517807,1.8622509584855762,0.0
10.416765615895105,10.790841970776077,560.4615323611969,1.2558559074213211,0.0
5.916530263151419,8.084862089969576,498.7856752164987,1.554140442549362,0.0
9.505645234958806,8.821335537145277,581.9480263799917,1.5679628252792988,0.0
8.636031504004404,9.082722727797831,545.4011331268096,1.8893749516982288,0.0
7.996759980210169,11.71340496048511,464.6280227593906,1.878773222089245,0.0
9.43779941422809,13.354754175610978,610.4927832874232,1.482749109361525,0.0
13.595373053699046,8.389656496514247,516.3497256635048,1.3573545776431672,0.0
11.28168572253402,12.153696289315361,458.2437748013882,1.3008500691522928,0.0
8.857642020434406,5.660645164548596,582.645652561521,1.4276810332602656,0.0
11.145165562712318,7.611621197815421,603.8888792599222,1.36978999370292,0.0
12.798710873172004,8.08244308762645,498.34873681402195,1.6660882228074696,0.0
11.849267365825538,7.294982621118555,474.81748698122016,1.6260929452455612,0.0
10.119260739840348,6.8328232204248405,491.3812521273169,1.6775403573435046,0.0
8.706126444588852,10.825997824275595,535.7365863758849,1.8777851134308505,0.0
11.39644662722718,9.571864604544277,563.8928327515257,2.058860736420053,0.0
10.7869707708435,10.75881079521022,528.5243665431786,1.537399018022267,0.0
11.790386440055464,11.380945372243026,505.08616042358847,1.829839131418696,0.0
11.270343603363939,10.531233986345066,574.9005885152213,1.3945019448497356,0.0
12.09910543063867,11.315526352300747,484.35817634742386,1.8555020950749048,0.0
8.929529576878863,9.86093542751546,551.5459669183454,1.8184527471527532,0.0
12.634788131268651,7.626013223388511,485.5968600824361,1.8025247909828974,0.0
10.3951992093848,12.115628361641592,521.5511479005446,1.5282209523574573,0.0
14.150521745250531,8.821775734437747,494.32187176047745,1.2994925508027333,0.0
8.621624363820864,8.128807402475148,497.20739086735944,1.081641468640357,0.0
13.4719276063305,9.644164248391204,481.1306741268895,1.4879888377436703,0.0
10.395821566925296,8.174378161406974,567.2427015590347,1.9599037626747549,0.0
8.697163992771102,9.165139236021135,463.35369809457325,1.4070465295907781,0.0
9.032228331891357,10.688107843126932,462.9883873725646,1.7355379756380163,0.0
9.35930538361136,10.696683478492254,606.0496782922555,1.7531854201556794,0.0
10.848331892803833,8.204339867148741,548.8923782327166,1.4148941337218481,0.0
11.045670976071,9.02458925410251,380.7443150653482,1.8949034512558558,0.0
8.852599992122842,12.148666009540488,471.73706303947984,0.627401776655849,0.0
9.951290815478034,10.992800235467882,409.4005331218973,1.1331749163785476,0.0
14.284540717223727,14.150130078697083,452.46546532923725,1.2253103110924621,0.0
13.455086340201422,12.360256347483055,343.07426668829805,1.2540854931397831,0.0
10.872647339348065,12.288586137119879,493.15052111530287,1.6008788853557687,0.0
10.0760069563364,7.224262899088396,442.90290904193444,1.5870113409161706,0.0
10.240062653436523,11.527720703266844,502.9952628398219,1.6181971716525023,0.0
11.227035945460834,9.89378639660618,418.74393705587374,1.678824448239746,0.0
7.954414869603189,8.898036392923501,504.14559265860197,1.214968629256305,0.0
9.48524692515331,10.336030681065058,479.25418609398366,1.1345471799578044,0.0
6.662831852244821,11.890423069222967,575.0976482594298,1.618895904602359,0.0
10.798446245210558,11.001663182008423,570.5678430872813,1.3109303779060684,0.0
11.294391879405483,8.24305239731588,539.2672801505141,1.028857486389609,0.0
9.033627075401252,11.48491782718524,483.66931096693935,1.7914032853624444,0.0
13.147973526580065,8.724824915848073,599.2690197630146,1.9185305719506893,0.0
7.548468673995318,10.433366237928572,422.34823610800896,1.9671482669095979,0.0
7.07125023958036,9.393299865045732,429.82206852181685,1.5561023164424161,0.0
10.448903637119944,9.562267496528749,495.81084500554675,1.6877796287918707,0.0
12.094196605224308,11.53248595008102,612.701905446056,1.9109604670085734,0.0
13.367855382915737,7.919612560368204,489.88305465649563,1.3075752629929698,0.0
9.08223147426212,13.890390148553866,490.8377378395359,1.8332033052162275,0.0
12.157361666862592,6.357827861411007,427.9044821944095,1.5826188702429627,0.0
9.922983060998586,8.804664633490287,547.2964792635189,1.7741134957027773,0.0
9.65474540011836,10.740423779883482,547.6588127164677,1.5558279062627807,0.0
11.767319874973344,11.16862833287062,539.4537600699955,1.8888770129244006,0.0
11.30464575682684,9.79904855885659,468.53896635763186,1.567057128762461,0.0
6.847215686031501,9.885218593996916,464.6646615813497,1.0548062821597748,0.0
12.953080699451792,10.821100170655233,435.34388747975146,1.9355779896944165,0.0
12.760182708294902,9.53786104508464,504.1936250880467,1.2157407777083664,0.0
8.748874596980942,12.786362515869811,445.9796335360749,1.8759174630731743,0.0
10.791607066874818,11.678698228463205,441.12917473753555,1.4729271355679034,0.0
10.988060372565478,11.74564870201127,478.8154641544662,1.852803295559312,0.0
10.521347531647814,8.067686553259167,475.5421912407892,1.8404305844600295,0.0
8.89938969230916,9.841223151188593,473.10107355890227,1.6290428922946114,0.0
8.656753264123896,9.399068102558592,523.322229842013,1.6525605952881393,0.0
9.94889185801711,7.9887972486210685,503.95239010751396,1.6267885851577697,0.0
12.345458038518728,10.720328367891534,485.5921984744441,0.8958525731156767,0.0
11.087200309188864,8.924708484440368,509.1506464155741,1.5354990656694607,0.0
9.258771335827788,11.310807659700474,450.4236479447684,1.1651807471784315,0.0
11.543397421296689,7.859616874211337,505.2639311954839,1.5513561431236988,0.0
4.302914758739849,13.438081225683643,507.53012464223167,1.1571172360850355,0.0
12.297531400744207,8.207334682815876,424.847657032126,1.1445144176321775,0.0
6.5205724424438,10.438604674400873,549.7846877185181,1.9814803505261707,0.0
9.275118117193736,11.583718620776136,455.9283147386502,1.8208342164372568,0.0
7.760660210747712,8.858719139599774,504.51548996032176,1.4987572245167537,0.0
7.410637048558188,11.704937286865901,558.2205870267635,1.5554305950747072,0.0
12.32165357475704,7.541632804399168,546.2838378856935,1.4256251922770973,0.0
9.064597597376217,12.90423539836512,501.7166694284418,1.6709629127938568,0.0
10.69300776346143,10.028298529931517,481.8750498558966,1.2971836900353586,0.0
9.906158842241632,8.80717718406224,547.3755954287784,1.7981220788603873,0.0
10.954081654446243,9.40163645514513,533.734748890431,1.4240739476957667,0.0
10.153643782120511,11.617838538785438,469.0817489977935,1.3740459012506314,0.0
7.434015551622861,8.831089416299124,460.25531764991547,1.5065139055454528,0.0
11.99253363889428,8.501284621154445,396.3822409152001,1.3226559510223168,0.0
9.012486833677375,9.556926804832523,507.70159208417937,1.598604704848945,0.0
6.886836202680498,7.646075774460064,495.8651127490801,1.33879122320598,0.0
9.143769678068175,13.641087815883632,556.8095687321271,1.6405570808456509,0.0
13.00151958126862,8.867210817570554,517.9527546740184,1.864801961673443,0.0
11.700443484226986,11.663233572360808,566.7114597086345,1.284203493957548,0.0
9.302695731184281,10.418940167295546,465.13178860419146,1.4608273628114485,0.0
9.301484591363142,8.030931899036064,556.907516548381,1.6383992139106265,0.0
9.356729897565234,9.988090581574541,473.55418104476723,1.369242793505578,0.0
14.153495967121682,11.568005558621497,538.8798030896136,1.6392961682479996,0.0
10.763870904463106,9.623477329827386,427.06208037346534,1.666619658195522,0.0
10.86008329438214,12.386225891702056,511.7567649683094,1.8249785328882913,0.0
12.060566908063684,12.043030785563728,400.7656029277045,1.3182029861745264,0.0
10.477578318053027,11.837829709316658,486.64312570291224,1.2171674279308577,0.0
9.481915708358594,9.080686455454007,522.0176996938957,1.4077267831308768,0.0
9.607300301830044,7.8403151044370265,473.9515724384452,1.20967429813587,0.0
9.856797481171872,8.772824789274411,447.47811856220164,1.6693494612142492,0.0
9.925555526980316,10.39248188133344,542.3059234647967,1.1514746099470767,0.0
11.45525908727396,11.091573427064711,494.8268605076538,2.1999049254758063,0.0
10.103891771614599,5.656857190479105,475.5214676484664,1.8887783584721252,0.0
11.46528015443116,9.9837735967765,502.09479605771384,1.5037727308800943,0.0
9.838566839782835,10.316178450646369,631.8334570972794,1.760218347899393,0.0
10.15727038063218,9.444911487368897,557.6751424890772,1.0089594407067626,0.0
6.003598630935785,12.582547678031759,558.128683409392,2.257011999419867,0.0
11.832655349404963,10.843560148501743,521.7773159496182,1.3229356163398531,0.0
10.692976951795986,12.620383816161794,508.32426362885735,1.4638507758301922,0.0
11.996020219719304,9.568078959299536,380.1958855834792,0.943220013843469,0.0
4.207489243612621,11.87495498501385,466.0509826768434,1.6458861914222684,0.0
14.176749409561456,13.270132789055038,475.9712793398763,1.1680967528768673,0.0
9.720820743689652,12.623386898545322,406.25539679762335,1.5304967284698088,0.0
12.216365633475032,7.815716813142534,442.12921048922834,1.3367176701226386,0.0
7.920188145748938,9.492647844915238,400.9581764538683,1.176676819520897,0.0
11.22554781012514,9.309670589100406,498.0838082151314,1.258691549471215,0.0
7.893168873652687,10.978509070152656,540.9382985424409,1.5677364102256564,0.0
8.75246207860839,11.372707110029067,555.3387259312165,1.1155527081393526,0.0
13.828062707733572,8.322214651948528,520.7392231039621,1.2753564986929269,0.0
9.618635198473307,10.135677027833875,451.83018294007155,1.6989820143793433,0.0
10.434865746359446,5.960145335687727,403.396742074002,2.280743962462294,0.0
11.740135461377509,12.88389001160378,412.1565650299249,1.6432766458659014,0.0
10.99136377594521,8.975251518646612,436.55087113727507,1.2248215073468138,0.0
10.300837810287153,10.111727879688994,455.55701509821625,1.3898657489783066,0.0
10.729922004932451,9.380700572023878,492.0125751004207,1.5094767018457735,0.0
14.80683117047655,12.29205515002683,449.2917890936516,1.3951725148092877,0.0
9.884762405932829,4.324987117205242,516.9487946834131,1.7709174500210798,0.0
10.402198093429934,9.966779315348182,488.3863248600264,1.5652420449042674,0.0
12.101308792015224,9.788362485004605,500.52728558705127,1.772355715472961,0.0
12.211051865915968,9.092727224816635,557.0125276335602,1.4056668629107112,0.0
12.374060611120761,13.452453091271265,440.9884132899815,1.8976500659163769,0.0
11.27746044405837,8.225341082288457,520.9352289146184,1.4500543247155362,0.0
7.713990174539033,11.543592354471322,499.3013385761963,1.2086430392586025,0.0
13.266863064602191,10.712505577412166,483.32568595151525,2.1531961143126663,0.0
7.707309213962624,12.523038505071032,544.262816043298,0.9525066759116649,0.0
10.605270930478067,8.665621830444989,543.9507077278504,1.2783783824085218,0.0
8.491448299961284,8.534062201752482,452.6754602005786,1.3118916444508817,0.0
9.871723306814015,12.192139814954796,490.8919708071038,2.252491881916969,0.0
10.65752482060696,10.85064261666022,514.0605841292032,2.0420576652439535,0.0
10.642714430900547,6.910125306646483,486.3496625988708,1.9481784430926592,0.0
10.84384150847057,8.92138997107346,529.2510666143899,1.4008024012871005,0.0
13.227422538117294,10.772765307696123,514.0596008955138,2.2278534011525326,0.0
10.907068603027959,11.675528443093178,591.6280620178006,1.6105056011522914,0.0
9.511686729418702,8.64153869361409,423.48604320351063,1.7931790110909367,0.0
11.928174336576715,4.171488020366118,493.87820051263014,1.5539086143318621,0.0
12.37894097784928,11.046446371474067,454.57487442439043,1.4851600286030247,0.0
7.544784369726015,7.559358620112048,530.2053727719522,1.4244663978220862,0.0
11.194800139699716,5.965322403755177,419.14140549772276,1.4371080019742513,0.0
11.402345484621797,4.335348150031718,517.3156355112443,1.6825474946034236,0.0
9.404872993280016,11.627961720395483,468.49757843258294,1.6101599396326165,0.0
12.75141362662324,10.257234900809934,463.2919066939493,1.4905585889388948,0.0
9.699888825934947,9.548687238575496,427.6750898229656,1.9528571978096563,0.0
10.251152906943085,12.778048725925522,476.7462026899497,0.6099740793777808,0.0
9.65385635143226,11.274649366046145,554.2250265145462,1.6529661743763584,0.0
10.031158095162935,13.232600085443833,498.740565823526,1.7153216119976937,0.0
7.807449826209597,7.2145290556660076,531.3840208937237,1.8440888604765509,0.0
7.119898234811411,9.930898752092073,583.2320910983137,1.4805385676839917,0.0
13.189010126449944,6.7665732501039715,513.1877792411287,1.5623760202151873,0.0
8.306077303363345,9.541235336289066,472.060021396883,1.7957845149944163,0.0
8.017215301087386,9.502768292466646,523.3626107591394,1.947349921284054,0.0
5.69321977279257,11.253227274526141,472.7851926842854,1.4098392044463695,0.0
8.722076504620995,10.091127762283797,474.7788658351415,1.580092734938268,0.0
7.353820413185003,11.246814276559832,424.0053600190507,2.003572189304627,0.0
13.284030320272738,11.406880266277788,546.3128745542197,0.8627918772363447,0.0
12.01963417868527,14.309857354766283,480.699871217528,1.2929962200556244,0.0
8.623699309644552,9.369406689427752,509.1049122907931,1.9397507935808889,0.0
14.504871610688618,8.117954598667241,448.20190356966805,1.827761350082491,0.0
11.963530973983188,10.492167230632818,521.7973814857736,1.6567335632780082,0.0
9.350337232982755,8.395439945720913,461.90293809324584,1.365420938067264,0.0
5.001188570252854,12.963921536873071,492.9145639149088,1.235454450304374,0.0
14.581885145181484,9.433563922109535,543.8913015619563,1.322635314227288,0.0
7.220855066472808,8.86884726425202,539.5379656116264,1.9644024662456077,0.0
6.709202506086216,9.057368557697764,498.89849637415296,1.3114671932533961,0.0
12.045140864019281,11.436834846943281,411.5934483646641,1.5304268892718973,0.0
14.879504812678546,9.68450603353703,649.6405285030321,1.2738877065414762,0.0
12.768545637021036,8.716666359739236,587.2929485136568,1.7528322090297082,0.0
11.12781824010472,13.330703835247062,536.133741244415,1.3383821158960676,0.0
11.189508683330573,8.2876603186765,462.33981092045144,1.4707218329536758,0.0
11.706831117560615,10.071132148065987,494.3203919149018,0.9949853600871523,0.0
11.51785717957353,11.30461230322046,472.82897851117417,1.0159895291385181,0.0
10.562382847938752,6.7373297791658535,563.1927969548194,1.5023019579964518,0.0
10.208402207903752,10.96052100281185,513.1251445425917,1.1024528534406715,0.0
9.874813744200955,7.889784649039101,460.79180708200835,2.1315259918003506,0.0
8.492070822266648,11.645565561668004,476.4622450437609,0.8815430663663252,0.0
9.438649846266452,8.074697976162048,556.0594071284952,1.2599474104007689,0.0
6.614086371609229,11.385538063697721,580.004892341024,1.505010260180265,0.0
9.8033207464105,12.211666132589425,576.4165781743122,1.3904601186612646,0.0
8.022817785698166,11.72287305126561,537.8516032526989,1.1687563630008242,0.0
7.792821365568458,10.502633296476205,487.3687565598682,1.2126216481514196,0.0
10.359788302306956,9.5373981141406,337.92430873354397,1.2028037767502284,0.0
12.784004572689199,8.847160847330311,514.8580011904111,1.413983491553981,0.0
11.836633212004626,12.942069381634209,499.908562057795,2.085578726855227,0.0
6.8589987927536455,8.601009559664714,506.9991048160677,1.5233811889674629,0.0
8.020743726859324,7.925867852860008,502.6948673516603,1.8548701468162572,0.0
11.881542375976432,11.33073787006566,433.68689190254213,1.6520929037484424,0.0
8.035025212923381,8.407726393627009,527.8704278425593,1.834158719394666,0.0
9.550733700005951,8.099873005067746,531.6108157015925,0.6600107092219243,0.0
11.100104198049104,7.112791475660471,534.116939102983,1.4086625936555313,0.0
8.06331109027273,9.034180321078965,547.3288501786693,1.8921406269452141,0.0
10.21075101229192,9.834569952207014,530.2025822460812,1.3284792531751999,0.0
7.331949010163591,10.486183455321397,479.49852942305444,2.0287419494608834,0.0
8.797264712097572,11.902612488598967,496.4581576041955,1.9451670461303285,0.0
10.639563868285073,11.053795847331587,504.55624336266885,1.3592607851617613,0.0
6.814012532936662,9.61825556089364,505.3849724553309,1.349050944286093,0.0
10.880949475920797,9.603608647240561,549.9108827985865,1.1959182472936594,0.0
9.960724402146637,11.020314937830367,532.1834376511246,1.3111217304408607,0.0
11.104979908834295,12.545140325857139,603.8671719784977,1.1302232807493255,0.0
10.447828268129323,10.2526283989664,610.3234489942336,1.6286433541299017,0.0
12.728280859947688,9.061738291579182,503.9824791306963,1.06318605199607,0.0
10.250449005295815,8.01426799782891,308.16722257703157,1.6811199048570664,0.0
9.141188917749494,7.109589471175549,561.8416233063633,1.6884236090700746,0.0
10.244595006064568,11.332539344087046,472.9811830506473,1.0016386784448232,0.0
11.086596058072775,11.155957047279115,459.92580390844967,1.9649455818985018,0.0
10.09772014065141,11.154727050213323,480.07773625053164,1.6540827883245666,0.0
10.081183382407765,9.742681107295889,477.6678476592697,1.7249094064334607,0.0
8.59601662438649,12.813869491783501,530.6134905052696,1.2724004395371684,0.0
8.674198164898105,9.031763010830364,422.0282110436887,1.6867137355419355,0.0
7.194789456400613,11.91053847441441,446.1139627104199,1.8379180349166195,0.0
13.499153486373878,9.922514210020914,517.1579277098708,1.4704174802985968,0.0
7.512273529217429,8.783298470641325,531.1472015206654,2.1005767377745084,0.0
8.614189604408185,11.185060614635523,532.0770822468006,1.5132193904738813,0.0
8.563185468861604,10.819272237367988,460.64818605333505,1.8422357401357423,0.0
11.789848753888883,10.713945518533853,451.086717536688,1.5879026421775966,0.0
9.410100643415944,10.162556844112398,474.668258310604,1.6756564598570602,0.0
12.495484145347469,9.924213836566338,511.99363761423626,0.9986003197095684,0.0
8.653018751512263,14.776743985740877,574.2738684636274,1.611316121464609,0.0
10.557988324447605,12.368513290392347,397.6281407114625,1.2795074696228201,0.0
8.329305893480486,11.445653789971024,488.9635621520817,1.2460805082666937,0.0
14.290298255546777,10.223598316406777,433.3660779487398,2.0232309553397934,0.0
7.624803161940974,12.014314401193339,417.3878661323255,1.4358689255812953,0.0
10.619641420454055,11.035989552782905,548.3478322672408,1.199009450707351,0.0
11.267553761864196,10.052409505548072,527.231228724967,1.3922605115673377,0.0
10.827598194902997,9.39287134946817,522.4716757973631,1.109864931323426,0.0
9.629424682244583,9.838165324674623,546.0512919865497,1.930165340458881,0.0
9.740358600533147,3.6591485282438887,476.0140551616932,1.2912957767500455,0.0
10.08762294395822,10.421201678595283,478.3681241833236,1.6587899801831008,0.0
9.705995996743022,9.02304783977928,609.2865308361287,1.9068320142630975,0.0
11.92775823358982,13.185339996565768,487.6714472870213,1.3499541956355812,0.0
14.421046003182703,10.038688141623508,536.7566056527046,1.6596067296818358,0.0
8.885016429984333,7.622073160930077,500.31907704816575,1.1909741835286711,0.0
7.260394040841844,9.900239691743765,407.58707349607926,2.2337308707341053,0.0
9.82343590329749,7.907757829874992,397.7685498099366,1.7809140403849866,0.0
15.159418675308636,10.946814831424932,471.05078900300475,1.4422180683717583,0.0
8.392650864060538,10.581894728678972,552.8050625834994,1.268149880733311,0.0
13.278233610888135,11.915679262216536,539.4145828318002,1.465801034148112,0.0
13.355401628152881,8.418236416610869,545.7038582112017,1.3980048832945442,0.0
8.892823516584011,10.068016192456293,450.64769105318425,2.085883366199852,0.0
11.137966158370551,7.2699564091467295,580.7936245061156,1.1323395833355294,0.0
13.256793246257075,11.40298956384943,451.7553349906808,1.540440426987061,0.0
9.241744518025026,11.037742360880245,510.64121993349846,1.4944985800098871,0.0
9.592839279795276,10.991610042055141,499.48238550461315,1.464776909896539,0.0
8.836638172102713,10.003238062713882,491.3063089842707,1.4674150035184972,0.0
7.970486538614266,10.829545781577583,566.9296069147804,1.465178756963855,0.0
8.701444909867986,13.208678216617193,464.74447399170197,1.76191981989963,0.0
7.552119466475487,9.429811485915971,432.5197372144036,1.6826953339477306,0.0
10.068166936518452,10.27729036742017,500.99977431032096,1.6256734834118358,0.0
8.460053537882716,7.827747401637181,480.00866328567366,0.5898031913564193,0.0
10.467571823581496,8.263478076803334,668.8691459541324,1.5899384622489492,0.0
6.888208707592746,10.195626586186615,533.8253738219987,1.0033081919489752,0.0
10.661760464428914,12.207867093403815,479.5329712390688,1.6938960489407475,0.0
11.667057923217849,9.487438351496856,447.1944215406457,1.9423492102711544,0.0
6.012528714857089,9.528166941375751,405.98557947156075,1.2221282662234347,0.0
10.748113139695144,9.18622951099125,448.73904571312835,1.421465783297188,0.0
12.455337984946585,8.930486658311354,505.74708858795657,1.320193288484101,0.0
7.580717962617589,10.589942911417642,571.3664325797384,1.8706295327270401,0.0
13.345144773675408,7.005484709642711,556.0844571193959,1.5285083655816218,0.0
10.83803801873209,12.561879153333456,511.45474158231895,2.0184988141699,0.0
8.589976288483182,8.66915540374108,483.8416167148758,1.6241262608842162,0.0
9.888461844684588,11.443806970876283,513.4406178206077,1.5727350541907459,0.0
11.116653825043445,7.460002805212248,474.0681001257712,1.5204620347808508,0.0
10.152010782824822,11.337680261092437,585.9181997881938,1.745397629777201,0.0
11.077511984892737,11.343889215628995,490.540490936246,0.978694140526397,0.0
8.158652813841268,10.768404144011793,495.68310708766364,1.525603186656153,0.0
10.338721648072156,8.011142956400416,389.2088787489666,1.4789860668816106,0.0
7.17257100619004,10.499096379196153,490.22825767386183,1.7176256481473298,0.0
9.777547877302599,7.6338876305312215,541.8242068982471,1.443689518237789,0.0
8.19218471707042,9.494473489807628,446.61387114807275,1.188379669751199,0.0
8.528940114820466,12.058826201910652,462.46398327535934,1.5022052024759098,0.0
12.472186350420875,11.593403854141485,539.6355508866832,1.1751478413394971,0.0
12.182620241188538,10.030365885080867,426.1671388240973,0.9224213362237544,0.0
11.218276241814355,8.050386848154316,552.8900503770959,1.718136744445648,0.0
7.815374470654842,11.291175424348387,473.3928054913449,1.6737184718084013,0.0
9.367183100610395,10.03876247539605,480.57158897543985,1.6401272831980724,0.0
12.426195399958367,5.359368803539153,443.8060797437203,1.8908785265837433,0.0
10.28343382727981,11.565259652633037,518.9023130213942,1.3004904329088225,0.0
14.63865907996339,9.951534332260616,622.993599251469,1.0706657571686236,0.0
10.786635678788743,12.404902495966144,539.0748619730316,1.4789910669575865,0.0
10.384098232980064,7.809458962314391,456.7857369029732,1.395749910088227,0.0
9.381767071594997,3.646592373607999,556.7810292745738,1.2473112849689794,0.0
10.267081809564564,10.55816771669037,484.1660227032875,1.4760452539536613,0.0
9.695060327238913,10.583127353363945,568.7242490713779,1.3165184561386245,0.0
11.416217353377181,6.618656744787096,540.3338201082181,0.9491984149929507,0.0
11.913404633589169,8.043000908266787,352.84292172641335,1.367646992761872,0.0
8.4280210789841,15.510435487439803,449.7960183522486,1.1590874499888428,0.0
7.337534092884444,9.388778771692394,547.2192611417695,1.569494421483277,0.0
6.327589253793407,11.461917952752433,507.5828636072509,1.3031895725278035,0.0
11.015982653825088,8.698680345263233,448.8122026146075,1.8334894422423154,0.0
7.793266787652253,5.819394202293687,468.3205242253094,1.9811598201803597,0.0
5.694218814095034,9.65948350640819,404.688168995531,1.7038144119035719,0.0
10.777157209061928,9.46879087942779,495.5813356236802,1.034692145405004,0.0
14.985999034865582,9.200243522663257,610.5344863007882,1.9515587996637118,0.0
9.987858176920213,9.770718328987215,540.2466695366163,1.9727161351121294,0.0
11.676981548903283,10.528536543291272,609.5208500594212,1.5056371533923822,0.0
10.16365871709513,9.699766097492386,544.1198544894991,1.8968778481006596,0.0
9.802220693617715,7.4719876641052725,551.3739671676345,1.3344974585859966,0.0
11.838152965975537,10.972369583123879,598.7039343872511,0.9401262195451232,0.0
9.419450911622697,6.101256489355153,518.8631629671113,1.2719146684135219,0.0
10.534784628143806,5.8992850854315995,490.638633924656,2.018790259813427,0.0
10.643395612392027,11.478360989403136,551.6328758311006,1.052676022916558,0.0
8.663819092713902,11.014040544270713,572.6920118560943,1.4998563845794484,0.0
11.984084699073046,9.885209269851927,476.00176786438954,1.5102431680020636,0.0
9.650080486609182,7.209102990489856,463.92154588299854,1.3461077268096564,0.0
8.48850968101431,8.584178118651849,506.942801621544,1.3669435200488655,0.0
11.073019687140807,9.474506504626993,541.5749433465832,1.5216747402708608,0.0
8.203064036417926,6.808212062851773,539.904552433078,1.3313512974195818,0.0
10.056362314738257,8.521942683953535,428.79161999062006,1.0733824508496208,0.0
9.981762006711593,11.30466067635336,595.5803033531661,1.5645095828830369,0.0
12.171791131663156,12.854610728578432,467.9417535301575,1.8220099747334917,0.0
10.949396465759905,9.161130494682899,486.746750155571,1.7608717555960263,0.0
9.949946082509712,11.512976708632197,454.867282000609,1.2570793597830565,0.0
11.635532598400575,6.171879858825065,634.9164417968543,1.1246316253866973,0.0
12.780415098034627,11.318902482227223,512.1035335143984,1.4147436353535665,0.0
11.115620612703724,8.392103170545038,457.45124596592177,1.9703374529386992,0.0
10.02070523968676,10.61469123341594,543.1961774981223,1.6936794236878636,0.0
7.376327535299681,9.504495163520582,538.4567889655017,1.7111894030382702,0.0
7.869772673849255,12.640828019567667,490.6136488210058,1.7669570855356485,0.0
9.389550591290664,8.251128703320164,542.0303356391692,1.626229968755576,0.0
8.780975595681433,11.255212595123663,458.7354019584568,1.5361825642840736,0.0
9.626057394029107,9.440985073406933,475.3540862525374,1.6986920689943903,0.0
10.113299849794215,9.683389043980672,399.48916727169683,1.336150168734594,0.0
11.059385508713461,9.63229221368158,433.8024457890219,1.0756610965901037,0.0
9.859002443881817,8.308653791011775,590.3815402835343,1.716899080387297,0.0
10.973003287652404,9.971802068186657,582.0714313861157,1.8713214317247675,0.0
10.12894882962024,9.874703555756357,503.2894324324481,1.1645304181931906,0.0
6.049066867292257,10.482480496813459,583.1465723594919,1.74657644472477,0.0
8.121329212362491,10.169010291385725,491.99627566958475,2.004229714016457,0.0
9.71182488855677,11.595989099224472,487.8294848716046,1.4993261394728636,0.0
7.580610514317785,11.847017232094737,502.8255324232778,1.2545993445774761,0.0
11.199857459992408,7.898753356344398,493.7539202338217,1.5369056020580267,0.0
13.061501664687395,11.737545001181543,489.24018382199097,1.3348398095397895,0.0
12.437523703394634,7.627327145780291,557.1699053574777,1.3149809670130794,0.0
9.573114258139585,11.17571177627547,507.50678269781014,1.6299552201814627,0.0
12.981452273699905,11.239477569405738,535.6240882216903,1.0188811574910315,0.0
10.297334914404223,6.177366216674992,551.5690262638666,1.0668213232523318,0.0
9.325828057763921,10.18595849305882,519.4092897827367,1.5057872641121828,0.0
8.77319467291812,9.063007773279368,451.4864337045881,1.4933074383262706,0.0
9.395060627023744,8.48246948412925,432.3567055517981,1.6030663731119807,0.0
9.223646362917542,12.701704661398011,507.43903174036524,2.0625676165450164,0.0
10.340832444750976,8.692641718725163,491.4371847587533,1.5313542108227463,0.0
10.32114796209973,8.3872461417639,504.3695714460061,1.6794516451004384,0.0
10.006092040306829,10.151389880010187,499.1972980375707,1.2073401193156104,0.0
10.8738763394927,11.371179492596832,629.1786830083283,1.7303812990549612,0.0
12.381292549572683,9.716702827979747,433.4886872179331,1.3420827404667968,0.0
11.899108270882648,12.332741091338505,400.5026865089438,1.521426249774328,0.0
7.030204063100193,11.06195132392818,516.6188416759804,1.4673454124792515,0.0
4.89215773019609,5.643577360537139,481.17887227059026,1.8098922704742093,0.0
11.868639822478547,8.941066072985983,515.8033934864976,1.1070070336875002,0.0
7.266242603169157,8.876315801296602,529.1941511142,0.8150284096154882,0.0
9.550469196214634,10.958721906858845,564.2052347589449,1.4359701908736227,0.0
7.6597739478812805,4.750365887251776,424.6387089808031,1.6405593770715372,0.0
6.396039124839961,15.098019417435445,472.16410510714184,1.54568081274225,0.0
11.082925456409576,11.062052189788421,521.4380629440382,1.8696612712241734,0.0
11.518310320605293,10.297753607835382,538.5231797843613,1.6312118022539006,0.0
8.846979198546562,12.363135432838293,609.6724775144193,1.330845500442042,0.0
4.81791541571018,14.687308105625249,547.7851985556933,0.802373953758096,0.0
8.907511103495034,11.741493289176807,497.16057020568616,1.4288063297414346,0.0
10.783608010805093,11.89762619294324,455.47821235286693,1.8083877006773394,0.0
7.0421768624517425,10.261380048928764,471.78550736404907,1.3823856651998656,0.0
10.36671983955831,9.716948493266104,470.36485885214466,1.5084960791033293,0.0
9.96938030165401,9.048409111990198,532.761681425688,1.6264080762920126,0.0
11.158582999202176,8.347776016570915,512.8498722792915,1.1954122877250553,0.0
10.239160736828307,8.625971800601006,433.8175214578911,1.686970768991645,0.0
8.05386211823689,7.298888071314034,478.2049265454784,1.9911365370005116,0.0
12.393143003328984,9.848257098629954,543.877377672571,1.4481559944319782,0.0
9.68294085394606,6.630664845547226,517.583117748703,1.1612806734503094,0.0
9.945390920980136,10.38183304828742,528.4322308006385,1.4800196918934079,0.0
8.133464081853608,9.927338783915317,519.1460855028631,0.8326847674173394,0.0
9.11343549761698,10.293870596773376,581.321536730443,1.601070979192985,0.0
8.230394571946198,8.955736859960016,511.8021531912185,1.6356823132945737,0.0
9.654107880153154,16.153720740361006,480.6988601064651,2.0026908881536687,0.0
13.423416960284687,12.720231800360626,454.212247943322,1.4418015622300124,0.0
7.256197714137287,7.510914999830554,512.4804729104856,1.622545601443941,0.0
6.772877204246518,10.465736174853797,377.9647992612458,1.2416135692842296,0.0
12.942340654987216,8.783987714125352,490.78554990836443,1.3930718638424764,0.0
9.581352645696267,7.971040546585172,489.7080070039328,1.0424443690013407,0.0
8.661854522680168,7.31985585775213,431.77645731913594,1.4415631136150293,0.0
12.079809374792152,10.864433381518507,453.5867080672002,1.4084072539444306,0.0
8.788768920526271,8.637239529860853,540.482876507412,1.5897599298266687,0.0
13.652019427093872,11.935652048050407,511.5355874537481,1.3129209359002083,0.0
11.355851742678539,11.987564429060878,505.08941668536636,1.5250036052925275,0.0
9.024177183708595,12.747828770422899,515.3173766966012,1.3999859833177004,0.0
14.314616426531007,8.295226467851792,504.63137939744615,1.4005501835101457,0.0
8.788570153993323,10.95073122138402,562.1431281429158,1.5241086977889091,0.0
11.484190744018614,11.264908433284601,506.17145908518245,1.512156882695103,0.0
10.598585160812984,9.05164364979207,427.0893443090625,1.7283522117154915,0.0
12.603482578797596,8.45645608521425,581.5064982437206,1.4638070897610496,0.0
13.123022393453706,13.219041331551946,518.5170133664423,1.395034395263099,0.0
10.064008298131533,10.454991751464107,470.5373134602466,1.4457577664738321,0.0
8.493164259307633,11.271935501423476,437.3299140852491,1.2856007649477021,0.0
10.919944285878232,8.355847976344146,519.7957110479023,1.3920266719299985,0.0
8.644569260495787,7.561431066955612,494.1413997512812,2.1093476139219693,0.0
14.026774495053246,8.86110045101578,578.7073393016204,1.2261963717912399,0.0
10.273070662165475,9.751957225220005,482.7046359666586,1.4164030998362072,0.0
9.269356897375783,7.871559986365302,458.13096051587667,1.3837534010190928,0.0
10.369360611729817,9.980310382699233,544.7898109117964,1.42584851632668,0.0
7.305747420940607,6.622989623863,546.2640946358416,1.4006282073364815,0.0
8.056771922978697,7.759905155060256,508.4325683805098,1.5837720303662999,0.0
12.400827815888851,11.34182249655375,533.8178523837454,0.9869474695824617,0.0
8.686211442057209,11.207581040555787,498.1156439628881,1.8111514417596013,0.0
7.90617803463612,9.216246469226267,511.69325505046237,1.6897748398926593,0.0
11.073305505054572,7.964471381846094,558.2495441281961,1.1271385241810596,0.0
12.371408309325993,7.945192896947978,531.2659167010752,0.8192768181142797,0.0
11.437906621330134,9.253463508117372,491.53627808336876,1.2068783561575795,0.0
11.992095371611633,11.289036983290583,567.6181272963075,1.4272000615718632,0.0
8.486409822861079,11.856491382688649,381.7572313604244,2.2740875696072322,0.0
7.1563786665163125,9.006936529036063,602.6036655710967,1.662977089492282,0.0
13.002667303910973,7.693015148030432,414.70204525546325,0.9577231052455627,0.0
9.354640322315728,10.535687275732666,468.6453587613852,1.2931033485297168,0.0
9.498333967089906,8.352930058748301,497.95412324024653,1.484036269118105,0.0
12.656388283698115,8.963494722277595,492.6759664635919,1.5761050662894291,0.0
11.11246001880132,12.650552180874076,550.3205520013278,1.105575341906873,0.0
10.911775544163214,11.654230857131536,447.10816906948827,1.4595029316068815,0.0
14.330004689802168,10.315948624502903,513.0383408741532,1.284708258716838,0.0
8.712963539239714,7.456161997774554,471.0893950890123,1.168872431219305,0.0
11.855680256162474,10.422793134941317,514.7570489668708,1.5778786940096863,0.0
10.114026249794168,12.125314581575052,496.76138701010615,1.7321631520328467,0.0
10.537184557726514,9.248732668468929,504.6467826341489,1.7523123830884857,0.0
13.056936852825064,12.70222817997343,472.50375837678274,1.6723159053401628,0.0
11.015671512579248,12.585490579036414,474.4968024951959,1.350789140057921,0.0
11.076592158099267,13.327465664286947,514.3636257013713,1.7143649284390516,0.0
12.145014674619604,10.610486253062707,547.1857752878022,1.5927163314312864,0.0
9.27009454091423,11.174783399612025,470.0860332901076,1.540182564885604,0.0
8.321580665321987,12.82837457666218,456.5616227713545,1.3164920634894606,0.0
7.910381611957932,10.89478787413795,530.6730082835918,1.3509371617975416,0.0
6.067286821247997,8.997531784419575,498.3748053471155,1.5221660808373663,0.0
14.112414259880644,9.102914326944278,541.5249066992976,2.2319623400956505,0.0
7.793583268556634,10.477109907547478,454.71013933144263,1.5903727440274171,0.0
9.557492752828455,7.418877156107563,411.02805372882847,1.3166434493249142,0.0
9.446373400222159,9.713482169271614,473.3497959086833,1.2502831665091672,0.0
10.614813395618201,12.193094236460507,461.6823695367492,1.3524700162031391,0.0
11.631474425078594,5.617492297669438,496.060579995985,2.1531880342647196,0.0
11.72094697671949,13.06896420358903,468.15773928648053,1.3802230062162113,0.0
8.833845122862122,12.244748437406319,537.0508475668224,1.7720611603830854,0.0
9.665756572427178,9.080470768339048,485.5924868788742,1.387221526358593,0.0
10.5651599009766,11.08678165574362,507.52372493869507,1.5783553623838886,0.0
9.502617747632906,10.006295453812653,507.8817279220472,1.7375235822026167,0.0
13.214691152039986,12.459980736877366,509.7477546206094,1.3284291450570227,0.0
10.981949903276503,11.965366285539883,498.7935444772513,1.307666503754169,0.0
11.469755572099634,7.199858553633982,525.5300345205156,1.997660908336599,0.0
11.325762537334825,11.174524826928353,460.2172433087096,1.7953778684687391,0.0
12.34694771497065,9.588744292713505,569.9708963326941,1.7372016956072185,0.0
10.362043117407413,10.1656651410362,488.17313083157325,1.7361828879368741,0.0
7.406336104088307,8.543656198060368,434.4225431050659,1.6378726464933195,0.0
10.799375903505283,13.49627413824167,509.40366784958866,2.1053327439525193,0.0
8.697286212416342,12.080123639805151,457.44097587762576,1.513172490563147,0.0
8.942766636500487,8.520457672054066,533.2667267254437,1.6731787101602758,0.0
11.172728037510186,7.330778786179534,610.4802788021188,1.0647261214217962,0.0
12.476566142867272,9.228654738044304,460.6713954221075,1.2525117940226278,0.0
10.042543153472124,10.869005292182612,516.6186166611992,1.1397543000494879,0.0
10.617666025197927,10.480411687892445,412.22472056476863,1.8822190750548449,0.0
13.404429889270476,12.506265649536488,522.6952614720674,0.734237954393775,0.0
10.481506358977137,11.579839444361705,455.7143100100155,1.3793069931741833,0.0
15.203366228360789,11.939138051505815,468.7582690782759,0.6018880192018132,0.0
11.131019291263089,10.653710801220875,444.9356755080086,1.250613631355433,0.0
6.478474481688364,7.221402539578019,536.6075613027368,1.35271531508044,0.0
11.506683242209064,9.608602937706197,550.3652178736631,1.9154613281382131,0.0
10.762316769765555,12.120179479817331,501.1692607329254,1.6189883817664372,0.0
12.579505508165491,9.896954142950708,456.778664733214,1.2500575430013101,0.0
11.346362702539917,11.006180737247494,579.4761518051931,1.8197891159195478,0.0
9.723088032032452,9.362503369507733,462.4794936122672,1.5053496763589274,0.0
7.551403527421268,7.9403763029163095,391.89838500362805,1.5112700576121756,0.0
9.581953485427949,9.75331187190778,522.9194504978534,1.1391985476684023,0.0
8.2989590915814,10.618094886065307,444.7612663179242,1.2029958858290581,0.0
8.838953100390555,8.688624561077113,549.4304396749587,1.2524708100163426,0.0
11.17715680884122,9.528577510286663,480.94311516632905,1.5139383819462569,0.0
13.339809008702812,8.121073516028035,530.1856620272098,1.5233657180942024,0.0
10.789343059645962,12.238489835128192,570.0750173276078,1.9632277990572136,0.0
7.608233875929631,9.411088484823932,439.5570567689639,1.6155165503813502,0.0
10.88920533644028,12.905511090252366,471.70314345537975,0.6877302918983677,0.0
12.393262973291302,13.057495701081816,496.21644636714683,1.578792596361507,0.0
8.780434191361236,9.837908070556512,576.8775659517172,1.06499509314974,0.0
9.731965666654165,7.983102534905301,467.0808641029777,1.210208722616539,0.0
10.029376389458394,5.8282042445333255,470.27481520254963,1.256349158482101,0.0
8.43020337383552,7.055925853946417,523.9070287777904,1.3009985029463094,0.0
11.296560867687718,7.25233035020268,471.13856371447145,1.087455182387909,0.0
9.758103702784437,12.75693925492301,507.62629414488083,1.5610446010356862,0.0
10.839064887814056,10.231649174453892,422.42312895159364,1.0767593144727123,0.0
8.2250156443958,10.779209048183976,610.7164971278298,1.607000282174954,0.0
9.12508339935318,5.559157982129748,432.6145384845298,2.171091323118489,0.0
11.444762715655543,7.604067141565476,483.91236480048957,1.1011922823197808,0.0
9.254333695816467,11.774159552892574,498.37594820789525,1.4146469086982334,0.0
13.45392770246681,10.573548224765172,595.6344067178397,0.7429627912462591,0.0
9.200727628770796,9.705589442628806,433.757710953363,1.40971941210896,0.0
10.449369451503772,11.129684717200245,599.1852067739376,1.6928151457894451,0.0
11.86518166374618,13.27159561227163,537.8588410551012,1.71619176940718,0.0
7.163268534133937,9.5579150729259,520.8547662211623,1.523209119085229,0.0
6.478382376038448,10.13873960531614,450.76831564910225,1.7667790274276927,0.0
6.94868737085981,10.38519383746261,528.5570621019037,2.2638163607828377,0.0
12.525168206854364,14.784219270547986,463.82566887901,2.01369140623128,0.0
8.896283708215107,5.801287471161949,563.3330626599206,1.3432437211771089,0.0
15.116398571336504,11.366446029577617,451.44689854461336,1.0646688040599783,0.0
8.871504802685223,9.770395502481872,494.3420752771958,1.378154575027859,0.0
10.369102606394074,11.13354345236836,472.2363455993414,1.2159051703147956,0.0
13.08421990513575,8.685254892010551,450.62385187865027,1.6354042643593898,0.0
14.012185776318246,9.9020699382831,537.0659908453957,1.1456419381711505,0.0
14.123007153272795,11.42282115893099,526.7729373704817,1.4781532702228974,0.0
12.416732461186285,16.22582040208768,560.4505099450498,1.7514042163608932,0.0
12.048125051622925,11.616072378804143,411.00624458959163,1.4697912381548468,0.0
11.185053898402366,8.303868803938983,553.2085351170522,1.216105853175661,0.0
11.556722152333275,9.152480635954593,625.2724452678447,1.8524442172757074,0.0
8.897628567342933,9.093171783232291,477.4179455411527,0.9363057165738519,0.0
8.363602233155385,6.4087136547399695,594.7574306054485,1.401661483236761,0.0
9.993251085178096,9.339819616597126,486.8419363970087,1.4875019929855995,0.0
9.659630754950143,11.46565816364349,431.3795131219347,1.5047725975198893,0.0
9.09354390134545,7.45153576184641,484.71837787966024,1.5541488168234243,0.0
11.39277489491343,12.096965302101186,552.4101983837638,1.683131945942848,0.0
11.910610417141022,10.975549642168676,458.09117588342343,1.4893777682863947,0.0
10.176813772583694,8.531533356057924,469.98306704967564,1.3895825153568957,0.0
12.955060162110524,9.716940725324305,529.6769716146596,1.3777231966020913,0.0
7.71662177173299,13.196643615282067,500.1530058369286,1.3165452593884936,0.0
9.612681081440563,11.467095627011732,529.231147624337,1.7362629972980597,0.0
8.56635535879439,10.017567309796295,511.8914770379168,1.3060414561570457,0.0
6.26692676585388,9.524633366078032,523.9812659775787,1.7540313327024732,0.0
9.834638628314602,10.15321814090332,478.38494070952294,1.5056997246779613,0.0
9.756504983233432,8.976472884115394,511.5865471015196,1.343623557943161,0.0
13.026899486484261,5.790500988561971,453.6313497152033,1.6855221647232403,0.0
11.261623369109556,14.084355821069462,564.4216811251695,1.2817638225830645,0.0
7.95162635134159,10.310649998398803,468.2862641591343,1.6914552122184638,0.0
13.708185132668376,10.796294530245074,556.4423743774695,1.5638178363575355,0.0
12.442067391050706,9.884184500246182,488.3196519508567,1.3211025932724239,0.0
11.164195406937232,8.529766398550825,510.09995053786605,1.6585904446003676,0.0
9.547031802300337,9.628151038102459,475.25177245546496,1.6639769177065915,0.0
8.08112152655304,6.801210475611377,449.20022844159854,1.8472558817429874,0.0
9.255586447857894,14.554172996106608,412.7619806197349,1.7898441037227888,0.0
12.177497239408371,7.530976003155208,447.23379207037704,1.647382206217885,0.0
13.769172611869218,7.9360674323056415,483.8045573392039,1.161722714637371,0.0
13.086487056544378,9.1194815912272,510.5939589414442,2.234576096452217,0.0
9.022301156427451,12.576151449704755,550.5189656641631,1.0789151366784568,0.0
7.760765133421978,10.029017998525308,477.71212701015753,1.7847789522846926,0.0
10.281772493822407,7.527728407939075,455.9019617866413,1.6293851450658896,0.0
6.463121268874296,12.508676721514679,427.86426069986436,1.1477572882556657,0.0
10.646335428369563,11.462001253570962,524.0031808952052,1.4627097183364501,0.0
9.704794827402663,11.076869914432905,569.1597257664672,1.476374134126608,0.0
9.067926996263516,11.43146848234168,563.3165133978144,1.891674814743157,0.0
6.810593865466409,14.788723801164902,535.4966374073618,1.2860067299159366,0.0
11.027200213139434,14.370189790072224,531.92716586338,1.4214164980726938,0.0
8.934598320676177,8.626569313993409,584.881188985467,0.7991791184936211,0.0
7.6601663285794235,13.247769985622305,516.6040730708405,2.0204288379370734,0.0
4.255475573436701,10.766336379517801,532.3064838012086,1.1788595270939788,0.0
9.944970189898727,10.998191632275498,483.96080690740007,1.5980732592717524,0.0
13.544503193339487,6.615458336713343,431.8978314572621,1.4695776510834409,0.0
13.32251842909574,9.659228469223608,465.80755497502116,1.4705997099649981,0.0
9.085807486827456,8.37435281932687,499.5420480732672,1.7429585954612625,0.0
8.79557587927644,11.656117629786618,503.0392686250651,2.0013787380910903,0.0
10.937548512150048,12.14216100080561,596.3142927427697,1.5754481009825976,0.0
8.003229121623416,5.851027297967377,504.06385837955344,1.6965234052891578,0.0
10.603583799638931,9.955930271991459,558.9421722012822,1.5986674610181122,0.0
11.53216055676938,12.243723009588503,478.2461379211842,1.805259427179188,0.0
12.453866447768615,9.62664207537311,484.4162057117383,1.3611250861541018,0.0
9.799691847040094,11.458127290004729,433.54961813882755,1.8226171663249242,0.0
9.592652499646068,10.702330935254167,462.88359935617143,1.8331499596942151,0.0
8.244034826486878,10.683320463905252,526.3490695681877,1.824761102604873,0.0
8.34623929192028,9.457370043863405,500.37800901970667,1.3019556397990573,0.0
9.547042216196946,7.566838391728581,547.1469309948617,1.4494987097288428,0.0
10.734731013632356,7.756939705149945,509.06269741725254,1.5718400966341304,0.0
11.827169252466499,11.418705028910635,482.3773134181129,1.0887473865512982,0.0
8.39364209863931,10.038916511037765,607.414843189348,1.9784760624258044,0.0
12.985377137919043,9.72297551078555,495.30482156434766,1.4963170399493473,0.0
9.457752797914862,9.152219915355294,558.1500484852652,1.5851783662814165,0.0
9.957265411303128,9.389622309038497,479.9395396727661,1.326898668081839,0.0
8.505576641704353,12.093823588976278,535.4799739691783,1.1019367321898932,0.0
5.151519479454117,9.329511836263947,546.4007829575844,1.3187910343575686,0.0
11.768090792722099,7.3178705733968625,510.42459852877903,1.5657612562900765,0.0
11.473687794184867,11.487303551080347,382.2758538651699,1.702028643826108,0.0
9.437344885763574,9.590246672270565,500.91262304280565,1.5485374621808161,0.0
10.133981434449744,10.062791731065554,561.5230023879988,1.6040172048725851,0.0
11.0318784354082,13.21515661279902,526.3740416513865,1.398892087595587,0.0
6.874908286226915,9.958878885298986,522.2919437614623,1.6488745698736285,0.0
8.94189464530741,10.578367346237451,413.88715330212403,1.944849859915772,0.0
11.588529359243655,7.642153017403349,463.97724646624704,1.711436832731696,0.0
7.491421153661501,9.56066109529808,520.5678815575719,1.7428625664758821,0.0
10.587115864333258,11.219052090417202,520.5191638393446,1.5882049197919894,0.0
7.28683639075319,6.889252532317515,560.7333390066451,1.0490534791201194,0.0
10.932859964867053,10.40169018623142,492.75666224269526,1.186600040810627,0.0
9.928717035405032,10.201582145289613,520.2912043336908,1.636462740199153,0.0
6.7697363681889815,10.082574911174879,500.8187120965647,1.4967182844119742,0.0
12.329478708914342,12.074317797316485,450.6528631749222,1.6319528659418483,0.0
8.530816846403901,10.668877029697043,387.21043344526265,2.0029270253532223,0.0
8.379495125971237,12.956143796712889,521.5504846065038,1.7178107997688001,0.0
10.401138394461885,8.012820968811928,508.69736042064056,1.8776658617228466,0.0
12.29727469885743,10.271849134436696,469.09124789499157,1.528404416841219,0.0
7.968356362043206,10.168933572779896,419.04134717420675,1.257835296754668,0.0
10.123359699695943,7.861491012489839,531.4869757204369,1.4826401522356978,0.0
10.857633000661146,11.912590004182693,486.7039962902224,1.2585744558842586,0.0
11.386211214526288,14.649346611705635,527.8437361184073,1.9674884870317344,0.0
10.352883110554451,9.965987851032338,593.2024265205879,1.737117322960641,0.0
9.265944321833356,11.010042176547534,392.92845598401476,1.6561537489884839,0.0
8.34481955870256,10.169036951630655,465.0199595648818,1.870782960668431,0.0
10.172287766092749,8.572830660185648,489.53121933440434,0.8939830756430324,0.0
7.855721976028786,6.358479444395968,572.7413087073326,1.6764413854027977,0.0
4.157299033010785,8.58845303380927,418.1798490396758,1.1068062647086883,0.0
10.873119608315335,7.216083238096537,596.7930512840302,1.4978232904603017,0.0
11.80786968217239,13.408204156118236,506.7927950783145,1.4064877222598358,0.0
5.274135128916323,9.769780612153522,495.1999669133071,1.6985209836290844,0.0
7.9805385905801245,9.30816134190566,490.0970118390547,1.5684561866882867,0.0
11.238308522010396,11.778307649575613,478.18684839099853,1.9035351520835366,0.0
14.114990939423397,7.756497794288224,552.4058379634578,1.319430851720216,0.0
10.041587415350817,8.466271923990895,446.57396229587806,1.7127343168899851,0.0
8.54399411754173,10.136144538497241,517.2707090821926,1.5486669650696496,0.0
9.63420711779032,12.057537982846961,480.79091671465125,1.0094129189785344,0.0
12.74975283829637,11.003370090337576,461.8933275742951,1.2244150624430903,0.0
8.70807164175093,10.496650285031764,629.2987587841948,1.4550365899433495,0.0
8.401615986699493,10.156235470472033,520.952536737673,1.8336877349675182,0.0
9.034512955635936,10.80047171105355,530.6632772330572,1.6391169172671343,0.0
8.093342783482575,10.403305810258509,556.8888390334331,1.1497497528357856,0.0
10.245340631989592,7.9400554504461285,428.9325027340726,1.457905131585852,0.0
13.24935691693912,10.092158443266303,587.6145954561016,2.105341934637909,0.0
10.646158546232058,7.852622682164495,374.5521410752462,1.5333670004522575,0.0
9.495292995747425,10.162165085801647,461.561679498074,1.4018023274782814,0.0
9.416377462168912,9.038704117023517,477.048416341055,1.6475218922268662,0.0
6.873618382606686,15.078763245565723,529.0861682485253,1.729017923874591,0.0
11.766219554294318,9.920211232496577,510.9359133070744,1.3631494957559822,0.0
9.844325605974396,7.1915208674768225,491.65926296508036,1.650772432311431,0.0
9.63904017281875,9.731639578646151,499.4001327686138,1.4013331509987572,0.0
16.38621513568972,11.038717491275776,451.0988488238716,1.7157982805488314,0.0
10.597505816731372,13.346727892305047,425.13838027579135,1.5509079473913852,0.0
8.496417899809632,8.821095200122564,536.325581116803,1.6445903481158677,0.0
9.147284807588914,6.83514405195272,534.6853056268093,1.2722449361497488,0.0
12.29689141839351,11.633674022861962,579.2247187578529,1.2536140847781423,0.0
10.22654082107553,7.238802588200698,460.4991451592396,1.7836491913978185,0.0
7.123444043365266,9.12768911698503,534.6407605150462,1.4761810855843518,0.0
11.838457869150407,9.484759028978011,485.8146635817634,1.5855104226298085,0.0
8.663711828922011,9.860733093399784,559.5237492596741,1.4080813718740441,0.0
13.74659555243509,11.378328914148671,551.0981388339071,1.769618032204093,0.0
12.160096131429297,8.632731435427225,510.56046996122285,1.3176570059911028,0.0
9.105356208682498,9.452541495666479,483.0234921667007,1.4593196280297351,0.0
12.562032723470226,9.971459294101223,548.0466089304131,1.7357978438109396,0.0
10.135711021054806,10.299195915037576,532.3452261628283,1.8518903097492798,0.0
11.705547350244439,10.195654349415845,465.77797989569086,1.342872212691995,0.0
10.96946563458895,10.87201155044516,433.61006632602846,2.0879051945867646,0.0
8.307286690018254,11.687679019283475,485.5733549659102,1.5939725081080849,0.0
8.712900335365076,10.785268231301936,575.7706907674104,1.1871215214573787,0.0
12.059921635162322,10.907171047018437,557.324357936652,1.6107156145769903,0.0
9.330449335786918,6.835553666507044,444.38362651647094,1.3851002356549627,0.0
9.192703073516007,10.100455398331361,441.61212920500395,1.630220546154953,0.0
8.089754841301295,10.959015096003217,563.7341924839743,1.4871431257018985,0.0
10.847198131186921,11.4578823891409,443.21820476210854,1.5222821070570434,0.0
14.12504983848629,8.61529845153241,525.4647661821004,1.2265219870241562,0.0
7.864934171491454,8.68192145022271,469.1964392331838,1.797018369214908,0.0
10.048438913345516,8.851798649432803,580.8522462260842,1.1531617898546904,0.0
12.824441110830858,11.072827799782686,461.47876004310604,1.1673705313785014,0.0
9.840717217508569,12.067762109848417,557.1680765102914,1.610208104744246,0.0
10.904743592499468,9.185079785416796,509.24293270301825,1.9808532741533909,0.0
7.875212943706241,11.815924627254098,512.6097427117144,1.3942220708806778,0.0
10.856614194415297,10.24695961832919,401.48457093242996,1.7102916968111896,0.0
9.625711469990902,9.751428445675128,389.85433233971406,1.8220020530590637,0.0
11.971459991359726,9.577231540364062,488.9717029866343,1.7444053311882208,0.0
12.374772103129501,11.493222729204314,512.3453031708306,1.4066375132478957,0.0
15.179127284037229,10.65115563357414,443.7401086131138,1.1726859848417777,0.0
11.15926634642715,14.551650855295275,445.5653294761829,0.8377357302985935,0.0
10.651592633164332,8.295550714005351,528.0736314913066,1.421147850161282,0.0
10.388768603154672,11.036203404059952,528.1427240228566,1.8534262105686523,0.0
9.293667414378623,8.941597980376974,493.1129469806036,1.1627502045714198,0.0
10.676967686923382,8.261426026022713,539.0100860593037,1.7100629542556296,0.0
9.409197179721941,9.978265725930056,441.28988521399265,1.2149542409844383,0.0
10.336921952539228,10.274704958814072,482.20325414565144,1.5318217729160515,0.0
12.63519507121592,15.836347110120185,582.3938802891837,1.7123374842465053,0.0
7.986914869440717,9.631708368633596,503.4161064969909,1.3021513689484716,0.0
12.27975712225809,7.7396425410306335,506.31562572934996,1.5511454042090742,0.0
12.634230134679731,10.546021434988772,615.297329298387,1.3754725989824015,0.0
9.763862946017843,5.8507199249072634,430.0328917075615,1.711544597681453,0.0
5.756290201982811,9.816086434791469,539.8215183321055,1.5705951505453912,0.0
8.784356025811135,10.032050564590321,583.199313990405,1.5169523023287803,0.0
12.593989093122218,11.589200765890423,483.7571036750727,1.9675049880425932,0.0
9.954263875402235,11.947244498855694,542.9815393427423,1.6986918427104907,0.0
8.001395535410179,8.992860762184565,450.89902513945475,1.2928944401621132,0.0
8.990450157543565,9.698771970740134,465.66338022163245,1.4742408297606715,0.0
11.681240053009105,8.467758338778658,519.2483208023817,1.4772303644761018,0.0
11.093467136402758,7.743874890384612,539.9283336555295,1.5240958717875637,0.0
9.522135801660612,10.61978955876127,556.0468256203123,2.2573527829822484,0.0
9.266351176370625,7.452828902806802,578.4814293469747,1.6112555678132991,0.0
9.216483701912356,9.170746198856273,496.6276720722409,0.8892292289685673,0.0
8.155179631002994,8.009652080201525,559.6805877586294,1.3371603084849104,0.0
13.230751378938884,11.09936637258052,482.88475782754256,0.9202883737512575,0.0
9.355359061577321,13.602860198532976,545.1045655794134,1.401060522886248,0.0
12.434317041650992,7.396824034393338,510.3744398926091,0.9038069310820714,0.0
13.042632103844902,6.293963034204862,522.2838953540962,1.2385228586794716,0.0
11.996621796295921,9.750226229299866,521.1753937011018,1.043783541109764,0.0
9.136759374563903,10.031395591915517,419.76474951010937,1.6152480533902434,0.0
10.80746018067322,10.437318613514595,443.7939070569613,1.5001618087886637,0.0
9.951608787218168,9.10735896953131,505.1270719908761,1.5908886922496193,0.0
8.192596278539744,9.598721402349137,415.63604601794157,1.468634583429442,0.0
10.648718563443206,10.735020821081203,541.5605551599878,1.0817106749386747,0.0
7.641920417680395,12.080861785289677,543.5777983144071,1.6540564107764206,0.0
12.375358776923127,6.089902459363435,516.3585276438895,2.0766673680808356,0.0
9.070765405403215,9.262121121937076,443.9432993621039,1.622763773581964,0.0
10.402319311745678,10.427617587882127,569.0069469434258,1.3722226202047303,0.0
10.566575743092285,8.164047790778529,601.8605319859179,1.0715798471683664,0.0
9.482190052591845,13.462339263534599,507.3538413722987,1.2275799087720105,0.0
11.17338760295055,8.729180239542526,525.5267689225618,1.6359118969716178,0.0
9.05019268675495,9.917414625985435,510.0869327398022,1.8219354080398125,0.0
11.742594594914488,11.112044193684582,526.51845944994,1.5782598524165927,0.0
7.308040639506503,8.81743042239621,494.0220621686802,1.739966186911795,0.0
10.252759159092824,6.306853904391166,498.27178800780985,1.7123034732081728,0.0
13.87785799811657,9.142690946166933,545.2858800248682,1.6519603174157753,0.0
7.999337350788851,12.058881111854081,617.281208094822,1.3024579214216232,0.0
8.644510058950297,9.326209746429722,429.99643827991304,1.5521770535925457,0.0
11.02781569931783,8.307131397082042,494.8093757798517,1.2454866588353586,0.0
10.359163563879196,11.851344419005443,440.9769757383959,1.5052286858874306,0.0
10.701260198547118,9.338450207953894,579.6012449288041,1.5992590593200735,0.0
10.978374260295327,8.979678372699565,470.61310153400507,2.0036351422160563,0.0
11.26944293712354,10.298912179326619,427.8399603107103,1.1070804076897103,0.0
12.219399683912446,11.541500419237575,531.9093499424287,1.6444522892973916,0.0
10.819637313857026,14.763427063465091,587.2155557371556,1.9443709774870785,0.0
9.517484690762915,11.654472215314847,533.1798934280381,1.727654329751639,0.0
11.345147402405463,12.319679932776689,510.23989386409585,1.7498836328475125,0.0
13.799763869790432,8.98806760202429,520.4570461387997,1.6763084705603437,0.0
9.734732507234853,7.948263788061047,570.7420331412777,1.889500346932625,0.0
8.050941390658718,10.124662699238247,456.2900364992925,1.1737565495662896,0.0
12.214161338573945,10.214339830519192,494.40764479568435,1.084222000208926,0.0
9.759237672092803,7.842974517270806,477.36549257452333,1.4980997578604232,0.0
5.654660907971928,9.649410940191974,441.6067346354145,0.851651368928487,0.0
11.694843354300843,10.798635203438263,483.58123702915987,1.8691937412534034,0.0
8.929343628092155,10.72078679003616,555.3860547991225,1.8662145586486325,0.0
9.818933435391678,11.008575706768545,528.3301074196363,1.3699948334746421,0.0
10.663960661138029,10.581929460274885,532.21552500541,1.3887688210018472,0.0
10.380999359558134,8.985982681459888,507.3237805826659,1.4782957574547986,0.0
11.41890363427808,8.972198746702313,526.1661891364295,1.515606195131886,0.0
9.129027258860313,7.602097204012248,459.97048288259475,1.5381521757582857,0.0
11.026211596352166,13.56955007837019,484.5245057036385,1.667469632063491,0.0
9.480906644832165,10.026900729238585,509.60021184843384,1.4482120940974565,0.0
11.477620961775006,9.550293888410296,513.8757929440945,1.7829579910433382,0.0
11.230734968026107,8.142415837095083,516.0093927460937,1.633784333137591,0.0
8.12912259591081,15.871315804655556,493.0832358991811,1.3179109662382094,0.0
12.171964232350064,7.853343935554209,481.12882994348354,1.900533800341229,0.0
8.928073109771905,9.142304148787852,657.8885641522149,1.0925229041632538,0.0
11.61611559656229,10.831673672572121,545.33936364662,1.4723502567535571,0.0
10.734574626802681,11.200425931488555,520.6573737976311,1.7900752203226404,0.0
13.676367353590244,11.915864110431368,488.3395750896803,1.2830780685263565,0.0
9.553068035256295,13.615217015538526,477.4390586528062,1.5928666940301455,0.0
9.301366407763606,11.012315310921425,493.4599703136522,1.6630018790997143,0.0
9.961160788224534,7.887938400066664,514.6414421793341,1.2418428396056282,0.0
9.393640434331449,9.486109749756437,405.9782227968459,1.4782566841217895,0.0
11.5998838038841,10.61566474502777,421.5305202312658,1.453048850937237,0.0
6.767378783126825,14.136452083011648,468.1558805530521,1.334478644450312,0.0
7.892635161707291,7.204389043151406,510.3569718389284,2.190502455615232,0.0
7.864394156841614,12.405153010450455,488.0363426424074,1.2710680939663572,0.0
11.900615183947151,10.359828739092833,573.9060613049742,1.8014790882203648,0.0
13.42122674516385,11.675661070458961,425.88016065021156,1.3821596949356574,0.0
9.791101562925057,9.796010566728135,462.4327265198315,1.1740091433344155,0.0
9.66235655361998,8.315134739747347,576.0045870495551,1.5308442729465206,0.0
10.140104326226362,11.501745558802664,506.5559662337573,1.6947280153162503,0.0
12.323756605216381,11.308862054211243,544.242129140058,1.7761528725197036,0.0
8.145293731618851,11.944113931479444,602.5623471634732,1.9686795331965208,0.0
10.476737965469571,9.973390729242729,465.3097791049089,2.38357388698053,0.0
11.950395259564859,8.8003559533603,495.0342831103984,1.5751542611266791,0.0
11.002188339879691,6.882426009952317,486.3786549534564,1.3010723478523836,0.0
10.379163233197486,11.638746536278813,402.2703497758362,1.6358622980384674,0.0
12.002092185134282,10.847778964887972,484.4801598122015,1.4201361148780525,0.0
4.593535414001526,8.068434734272081,544.0531093690332,1.777789838955669,0.0
11.355750639061815,8.922852653406752,527.0294770906121,1.1108507110902834,0.0
8.691848633745153,9.066482376097118,530.9541584694005,2.210500362720131,0.0
6.338734206287086,7.034031136035164,481.224550968025,1.756814428432654,0.0
11.022405199049961,8.364635206789732,467.1951381997179,0.9947987946611506,0.0
12.747317090325915,7.732339286387292,563.462783594931,1.2872913293055084,0.0
9.725102970744617,9.175041976224126,475.13414268211653,1.7448243132341816,0.0
11.905749094405877,8.522605003340875,514.7041019396607,1.8529032168514363,0.0
13.22455651597729,6.745990158266503,508.16673403387693,1.118328711830411,0.0
12.629828907168095,14.045180461138962,573.0858508128559,1.7139077551298847,0.0
13.279929058742786,12.505081462058461,548.570617883618,0.915798038201423,0.0
11.484254982143785,8.441961156960028,435.23706896664396,1.4731992403586862,0.0
10.150867277803185,10.54484279330722,440.622341661248,1.8336140526309619,0.0
6.796068376205663,10.83493017964259,528.9454909034567,1.3345452809691059,0.0
9.507875023740104,12.382171709546954,496.78311763104165,1.047923310258596,0.0
8.313506809367617,8.362789946679843,477.2414108023118,1.5438644389132679,0.0
14.341885434995628,12.184213567964852,550.7813941997235,1.3185843400093566,0.0
9.648228375135327,8.90418939158613,509.37296910444553,1.6888675098197508,0.0
10.246409613568972,7.328275191662773,502.6228693444722,1.234402070334582,0.0
11.102970752080935,11.448273118628995,538.9914320377525,1.26820893310407,0.0
10.087204892744907,12.581516848244856,481.2445502528218,0.8936993037371269,0.0
13.390102080861507,15.175817947061368,578.4259492736277,1.5509834133154448,0.0
8.754701276531096,7.600549469819573,460.5976188383496,1.4517285185170203,0.0
10.389214910474486,11.397839370161577,532.8464533171044,1.1434845987779787,0.0
8.515058828603904,9.180397512412934,571.6916419329923,1.5581396141301276,0.0
7.359954977558589,11.566717421048063,431.135225536395,1.8081210901932416,0.0
8.776461818189428,7.059020897537499,482.83324120737757,1.435329616974315,0.0
9.925926405903176,7.474460448602872,557.1103696442779,1.5804500849465921,0.0
9.14139555096548,8.448250353667031,557.8622273865512,1.5819933748755493,0.0
8.615158040252288,10.157928091336169,491.42521998058805,1.1387010518463119,0.0
7.187365072656332,8.717837466923289,463.26644531615705,2.1169757462122787,0.0
9.833788854742611,11.31810868782684,547.7967911165381,1.3587450509633148,0.0
6.990559251937995,12.05378923651583,559.1774551290803,1.6968348605580812,0.0
11.520111927379205,11.199155082490712,441.76683257438026,1.7307645831687148,0.0
10.164879505869006,13.237575279321735,439.804317551681,1.4581214618652745,0.0
7.084897001070139,10.831653258910686,511.26283409918,1.6820385075178903,0.0
9.381581845900273,7.566206579319665,531.4680316714446,1.5737457665449168,0.0
8.495687188818835,12.726753027076679,485.04654573849723,1.0747080728317782,0.0
10.63834902083836,8.789687528788004,533.9646909991175,1.4003181896249735,0.0
12.680900892046289,11.82083699937114,464.4931696581309,1.3162347292937815,0.0
6.249655060708511,13.147468433110213,394.26532004631326,1.3614764875961618,0.0
10.230052158294834,10.913376021460799,478.8049463833702,1.1087990466490085,0.0
9.67973440886672,7.007682373670701,503.16160732565504,1.837930115023809,0.0
11.34268015290093,8.163575666980417,486.20800200517715,1.9805977963840238,0.0
10.426393256475379,12.64548893377027,442.06983681702576,1.7934008927995226,0.0
8.496061336522361,9.661754628714368,409.2175512060591,1.8811587672441428,0.0
9.361892128666764,10.159147069884332,474.2955597816051,1.3966095488975532,0.0
8.407948286393022,11.517648832327218,544.8827885824871,1.309122949504189,0.0
12.152014277197196,11.392645724160648,562.8098719706841,1.2664238859564865,0.0
10.042623297343884,10.557599624770921,559.3856692069228,1.6932194768871667,0.0
13.802381371506016,9.582663257559068,459.20452324257235,1.568118915943245,0.0
9.878678372370759,9.374663108535286,442.3146838184818,1.4768334865204722,0.0
8.583186466179075,11.715797650582687,524.8317307489948,1.8885445632586029,0.0
6.972571214774346,11.107139062135587,531.7550005798963,1.621482406144603,0.0
6.393720647488109,9.485399998764422,520.0084802600248,1.2484027087438245,0.0
6.831728113989021,12.164224625986282,399.2968362881118,1.2957273512592915,0.0
10.534253302022966,9.741931769740432,456.65577075582667,1.7045979897762438,0.0
11.017450046459867,8.296675651331213,498.5155604857011,1.812519855796379,0.0
6.837618595935734,8.48205860219331,524.3609097315214,1.6655040696767909,0.0
11.790076628152232,8.042518327380467,538.3653681301244,2.0690666243616245,0.0
9.033877896633122,9.455179966792626,507.212676114102,1.9905021497194255,0.0
10.293586023971098,12.467448556672386,516.5391903269118,1.6323107504552288,0.0
13.224441256510849,8.389809637938983,504.2432729180552,1.2484258021555492,0.0
11.793678631731064,10.376951522036206,534.2809687109242,1.1070037464804696,0.0
9.462938704188335,8.686621308745174,515.6432825745455,1.3837854764955855,0.0
8.217615549169425,9.479381917457125,503.2868830023644,1.725964033924847,0.0
5.69636919734139,6.979917576029496,486.58156004313093,2.0479941237935813,0.0
8.56169336151516,9.558923541686925,504.06457125212404,1.62523411032324,0.0
9.577739522344611,9.612589240390076,524.2295689419637,1.8506168382693708,0.0
8.025640945697631,11.08057588807139,513.373769444903,1.4264077541436593,0.0
9.737486065815391,10.446561826510742,519.0413209172627,1.686830737568265,0.0
10.153703765917536,7.603215750095909,567.1360930675593,1.7470070488431517,0.0
9.550288036383844,12.168396488087085,513.2581961373294,0.9061217172442415,0.0
8.699994838353081,10.42060608044399,467.5500739763421,1.3759683592870469,0.0
10.337309343933455,10.396787034354974,544.1803392997084,1.7849101152833609,0.0
10.883881299138817,9.981635293229722,431.6900831165541,1.5823405006909694,0.0
7.819201845114308,8.96448510555556,445.9293309630356,1.14104548555472,0.0
12.82186475949254,10.435604679497452,516.7923632360034,0.7709632872817932,0.0
9.802823735431476,10.951176871857164,525.8198333893289,1.3902657764093982,0.0
10.037699245889696,6.50620861730889,437.74743882480027,1.4785242921318362,0.0
11.416428846513114,8.922478325307809,480.8591259506625,1.2348231150514963,0.0
10.466432262527004,9.490106059192822,469.6958083890171,1.5429254811083983,0.0
11.90627326782649,10.512341211388556,475.66618385592017,1.6519160241698685,0.0
10.574248330403648,12.386622011854252,547.1798888136473,1.7012061512178698,0.0
8.775125250719125,8.456518370806435,535.3252731773626,0.7932243225203034,0.0
10.723007050412203,9.004076306364317,499.04389100731464,1.105714470657564,0.0
7.712547585358676,8.9749317787069,472.7019036442536,1.4086132054935794,0.0
10.217119411553046,8.396944819790917,432.51751648899295,1.671651939311239,0.0
9.933540018711078,9.305627009775476,571.0092469390975,1.6467702040650107,0.0
9.58376628545492,11.541604439975941,529.605695014246,1.6415609843630028,0.0
9.742924977122138,7.892329009271309,464.666544796343,1.3849746174093205,0.0
6.236301909004721,10.855628790305806,535.9799748812445,1.4017099688070118,0.0
8.902550184518077,6.596195539963329,496.4888189712687,1.2815012194734778,0.0
10.18568980228223,8.877324007115588,485.64452475688284,1.7304582384317544,0.0
10.3197127839948,9.341021399564028,521.7605764144802,1.2238533636781266,0.0
7.944649718148083,13.34971934582813,462.9250875043638,1.755010918556871,0.0
12.531415681729401,9.450395390494624,482.8121740244945,1.5623559714412938,0.0
8.267650303571,5.597513053098163,506.0730532099773,1.486486656463454,0.0
11.938914401053474,6.0022221862775,475.0274403557393,1.30298688006706,0.0
10.85438872374337,10.068059172693362,533.4542605133762,1.0933374416507622,0.0
8.707545380312395,11.227541711579818,593.4533251839131,1.3057041730865864,0.0
13.550621785219024,10.750911715254505,462.2850933696429,1.400997939412534,0.0
7.6127263364870394,10.335140211601981,416.7437351847978,0.7892927065256246,0.0
11.838308347220003,12.324519195011334,399.9129916261869,1.4407934533996007,0.0
12.001164636085957,8.920817558525737,492.4765929252509,1.7773072104078016,0.0
8.65875958184671,11.78982111205365,466.8417704936909,1.6701653716301617,0.0
12.784930600128657,6.735970229947165,510.39302505335405,1.3511382372775478,0.0
9.499906970802094,8.190104334123868,506.62988360130504,1.5140808895245683,0.0
10.577387258559714,6.385917210136368,419.8391576692952,1.3331506291734,0.0
10.520643677542441,9.450309398660416,409.2558085259297,1.5446282200007089,0.0
9.731382517058904,9.907477565467316,514.7966620173048,1.9620323471232095,0.0
11.621616546319565,10.22820298445304,506.7714417359978,1.7905496407874628,0.0
11.586977441104427,10.12376670577427,478.70910008167243,1.6562382917078258,0.0
6.502936053523639,8.144893338376544,417.1428207433848,1.3521345262848845,0.0
12.608680485756306,9.619518311173568,523.5695631382496,1.7249815178834516,0.0
6.675016023928651,7.005106662788503,563.5949772711972,0.9939369145880841,0.0
12.065092408683315,12.7264579502645,513.8991220109461,1.424293955402733,0.0
12.253410273655167,9.392747854203998,457.6263054717468,1.675113425947185,0.0
7.818067139569603,9.022227761912617,502.22760827855757,1.7221263642143254,0.0
9.17837142409083,13.177880656888165,431.69429595331576,1.7009653470647224,0.0
7.7885906630281285,7.515506932901541,552.8980356919396,1.5884492067629084,0.0
9.57015793942253,7.748825771936062,504.0922167264769,1.4412825062748351,0.0
9.383931431628518,7.80755935026287,411.5921544123384,1.6613927909479467,0.0
11.559321064538679,9.864257236601036,484.96628197781587,1.2141416878241098,0.0
12.620617492239216,10.863263259275195,523.1650755117115,1.246596821012025,0.0
12.791367621579912,11.479350936235667,483.34761895122386,1.518520402938089,0.0
8.875663946843396,15.143990634989937,486.2052139279913,1.5519592928126242,0.0
9.581556252510945,5.5011350915984725,438.7798896476364,0.9523154464306061,0.0
6.6331236155581,11.217471178248834,528.3270493540828,1.6365439142848555,0.0
8.388259867007623,8.885738854855537,467.5765399990431,1.731818513375818,0.0
11.929703266194915,8.827169702222452,392.17773114974835,1.4768144287601115,0.0
13.231165647096464,8.760455743492244,481.4371314664803,2.2123398849851976,0.0
7.531302256240156,8.182460658384054,549.0574857785176,1.295119468105444,0.0
8.815071481694211,13.369049669206904,480.65352767000263,1.3916738509839393,0.0
9.947188486082146,11.684594654027805,586.8992492561761,1.3814799281618373,0.0
10.560322317639214,10.04639195711475,521.4483974274259,1.4771437166126948,0.0
8.380792960156707,12.702031504974,516.9379081140183,1.4013825561101128,0.0
10.848122088928179,6.974942069402249,493.58008670411954,1.0779568366185384,0.0
9.052321305858168,7.338589737338148,496.5856896117855,1.3360355111290574,0.0
9.971095458243441,5.6440645356106245,486.8288182440248,1.4707137912677772,0.0
11.092568496007399,8.601170919753425,484.8865303958737,1.8685716246185993,0.0
10.012844539621875,10.323397053409506,526.5433581033575,2.160672982011874,0.0
9.127228218946863,10.205717155864669,453.20843851047175,1.9006421693551965,0.0
9.780780392148339,10.298683822119761,446.205308563787,1.267386291098218,0.0
9.823274081589329,7.177886337867836,443.8402474562311,1.2912571168121503,0.0
9.259977940235744,11.606309485228044,602.2827273838577,1.4522014267471948,0.0
9.482407874665796,10.479255036477996,526.517145083529,2.035367666656076,0.0
13.197294341009433,11.466108562931996,515.2246100840073,1.450372784345432,0.0
11.121838895882478,6.214475644819896,447.1242664853284,1.101747752838771,0.0
9.409039363941679,10.62298171759558,531.1671150337414,1.3496468589140895,0.0
11.393908809021472,7.624469520164946,494.17143267733354,1.727116800545825,0.0
9.33236102048798,9.205353494897276,510.7084470565875,1.706982083068826,0.0
12.346249275173282,11.068729797272766,451.1689842068222,1.439935000052503,0.0
10.739284384396187,10.182187212511826,508.01344287087886,1.7050244020680092,0.0
9.785395711991542,8.296920040441362,478.80832308967587,0.8180483392359504,0.0
10.895433851620556,10.012546312368837,461.7194421484906,1.5311487705098092,0.0
6.858247695863001,6.936929369512714,536.7053167903624,1.758205626410589,0.0
7.746465062180389,12.300534791796592,423.1146095734999,1.2501410174536394,0.0
7.612149987201889,9.589431961007497,528.2388132157075,1.2490984390511137,0.0
10.285886189527414,12.237099888510652,534.2243066776498,0.9400655541709574,0.0
13.465029998970184,8.946936625807915,456.01781622243794,1.9769686784432081,0.0
14.462600292385265,8.952848023186835,458.98357694337665,1.2839538068935301,0.0
11.276102202881514,8.471626426724306,488.84871593667987,1.5723129833586336,0.0
11.001688949888914,11.75234786338615,514.101810523111,1.6811751124450123,0.0
6.3978845316945225,8.581137685343048,492.3572504092887,1.9536203847424358,0.0
8.914652400531956,11.289190864830353,521.678123009594,1.4538306678043094,0.0
8.424432496183522,9.23509520466142,588.14898262687,1.3381710618664744,0.0
8.758304803497769,6.048073400216761,474.6141615425143,1.551920294571166,0.0
9.66371236283042,8.859371864427068,414.24100146482897,1.885224082962686,0.0
9.055818844605746,7.641783571274304,541.2961791515327,1.448948240579765,0.0
6.041400379248424,10.067805447364675,584.1657287963765,1.2135392755247771,0.0
11.495820512235067,7.61918452865102,519.6384181525563,1.0377726575053914,0.0
7.8545139485203865,11.851950201429233,445.61256623231657,1.1336107846184325,0.0
10.478493728222299,9.817848279293946,493.80538183823995,1.7593174492219994,0.0
14.148165339499947,9.644808010482523,444.0738257894184,1.4038126571079566,0.0
8.161230816827153,11.311784275575166,532.1427746981474,1.3177437270237868,0.0
4.9394249545073405,11.927813868151725,432.43547986507826,1.2852098330448174,0.0
9.427991556239778,9.959802496460696,484.99356065859,1.5255137580600546,0.0
12.201919269997141,8.457599400901419,449.7831086853047,1.4281634718703249,0.0
13.916694908441187,6.452060767775741,506.34123425674807,1.4180603568842243,0.0
7.540900811095167,8.62790048592964,481.6829161431121,1.9047971783432218,0.0
10.993398446473044,8.765575506704076,508.8381051625132,1.96140488455849,0.0
9.069379086439893,10.214114905984594,501.1175277483183,1.016993498127301,0.0
9.788103291391728,9.309706237723946,450.66704861379446,1.5982778193428873,0.0
15.28868669403407,11.375865944102856,531.3438531764511,1.2669413704135823,0.0
6.994059343209694,8.774033457458621,497.56171740784424,1.425524665841672,0.0
10.507479322989147,9.885917666294116,450.573549606705,1.5927835155380083,0.0
10.935386343530867,12.367974886393778,612.0463278102897,1.4361840249207243,0.0
12.171572649878694,10.683650427909933,523.8215083358563,1.5691379641882899,0.0
10.195966306941791,9.87992491662287,492.3369723300347,1.7018910618095753,0.0
10.616101079008205,8.796111116129646,570.7602263350911,1.588373040162096,0.0
9.216702865156417,8.733537206570047,592.0907804693304,1.305949108749713,0.0
10.538253882490215,8.298773494096105,492.73252888430574,1.3112401179089028,0.0
9.313615449005178,8.917986268434202,517.369874321738,1.0680884110145894,0.0
11.243143779712101,11.511331677488629,450.59985909985295,1.2438239107437845,0.0
9.260779327912733,9.556223457415463,492.6403624615994,2.0886205085695586,0.0
10.754200787804374,7.300453861237537,490.0468723120065,1.2623989277714267,0.0
9.941474372630044,13.536338586119566,509.2413516810827,1.141986356266854,0.0
12.252100501544337,10.639930382290325,516.6380239318505,1.595978358553432,0.0
9.897212552823028,7.186113198973661,527.991422441403,1.4668905722124421,0.0
6.453935063586237,9.116302145518352,511.88213281499793,1.4413220289452324,0.0
12.523843001427984,10.221772765656835,439.4628686685418,1.922713789923627,0.0
8.188535398274762,13.409184186594754,453.0766447129457,1.6647380026675096,0.0
8.69246732270236,7.783775083482261,472.67961902681634,1.3410021204889575,0.0
8.808677411913015,11.952081438711893,485.88797040383855,1.372657224722466,0.0
12.748876186341635,12.798972853944687,552.5387145236057,1.3492240458282945,0.0
5.728651572042609,8.74269138985086,441.85305065735434,1.762421886474077,0.0
16.27549706731999,9.444972762279534,482.129247591465,1.4075557111640589,0.0
12.112113618132103,7.927381505252459,547.6504749107025,0.9620539492637549,0.0
10.446477828258319,9.59307771783939,485.0061262751694,1.4855040963796966,0.0
9.890211998767427,9.926820051314138,523.0207824921412,1.0388921996616212,0.0
10.571108149715315,11.319299996164741,493.02289785360483,2.1552691805264708,0.0
11.042244856758677,12.180366942040894,512.8391628662362,1.2102996258458307,0.0
11.290431171900114,8.503807870756706,488.576372809523,1.4514405703926807,0.0
11.111208932006896,6.065349871548011,533.3532736364177,1.577460820410341,0.0
10.179161362510497,9.957510441447516,422.74717962967827,1.413402551796231,0.0
9.605323159385348,10.58707505993728,481.8343995805727,1.4129908795601422,0.0
9.697453432692976,10.498835375370083,514.8286338347154,1.626548185848263,0.0
9.610183439294637,9.346653504981912,526.6847624003096,1.9578647876388837,0.0
12.26754019373413,10.24950419932787,574.6476311376914,1.7302527245451893,0.0
11.187113444561724,13.030889616704496,480.4487666567212,1.9435541635720628,0.0
4.1192227306714395,10.76346833792502,573.9740880930436,1.1860142675719494,0.0
11.311801553059523,9.253263149993831,467.0488086670165,1.5952087899766083,0.0
10.38947238943755,8.999604365808008,566.4323205772322,1.5465738156174837,0.0
9.962582487108206,9.660295284644539,540.8733563349186,1.6053273875030205,0.0
9.222963093822228,13.273479923661279,454.3270710183889,1.9128695911906717,0.0
12.248225439972027,9.633398580947606,515.3519618625911,1.4337632550623838,0.0
11.895052924245716,9.960411310958584,497.4382082233904,1.3783489900337738,0.0
8.454244664352782,9.035372858127394,531.27922968375,1.660194239225599,0.0
10.81410457424907,12.197966714883929,488.8364205783345,0.9665391817302458,0.0
8.056686530917428,13.91967450948935,484.63768871691343,1.4289443852633466,0.0
7.2407636704221385,10.901226098862777,568.4547291381425,1.4597406932143642,0.0
8.746565550820069,10.165545807570851,495.06395527721634,1.2238924151079225,0.0
11.724786944765517,10.07356566634847,541.3211162095884,1.8171177034069732,0.0
11.906250090752174,5.231386422428509,488.73242574779,1.1813279047970147,0.0
11.026170840194586,11.490301728569635,583.3331629613762,1.459238085490861,0.0
11.450191573695994,10.268332831991687,466.08326853322535,1.5879471675968906,0.0
11.032356574229917,10.85668410132145,469.2928234376408,1.9060354684428356,0.0
8.717036809554095,8.57707561183259,576.2258590557951,1.496833069535744,0.0
10.863845089347882,9.231086242045818,477.75268045523734,1.7808460782384632,0.0
11.600819050455364,9.177950126993654,580.0537153082196,1.7101786191831383,0.0
11.508582659627148,12.043245968146078,544.5920289797407,1.5370372668507428,0.0
12.377826742949285,9.242480326793814,492.26751467195834,1.1731459775179633,0.0
11.416607694402128,14.165320644219594,409.3353263991421,1.0696257417286954,0.0
10.702896415083165,10.861724838030074,499.03408478640824,1.531951620425756,0.0
12.140300476632856,7.448634680008537,505.0815026766712,1.337190937829216,0.0
9.94695748150188,9.742907413496086,558.3608866652187,1.7757783275043875,0.0
8.236250697544564,8.696649755687169,579.4223588120055,1.7237569554295733,0.0
9.673866072112473,5.6112350603599515,465.7506410428126,1.4446167016688851,0.0
8.510194710387102,13.19894188022758,540.0590881994092,1.1526861228176193,0.0
8.649643450051236,11.406285084440007,538.2701078006675,1.6532206648821821,0.0
9.710962658568965,11.066414635798624,553.6706351205222,1.1946151661594548,0.0
8.415160158000077,10.330807320599408,524.9344956067772,1.2724608231207406,0.0
9.38407694072192,7.235964862615125,402.8751154519115,1.2061752785354536,0.0
6.212770666092428,9.032765720889127,492.228878373612,1.458449693418014,0.0
10.426587414745876,11.683561549568026,442.2146212541542,1.8510577002211686,0.0
10.002410950724448,7.897559940434995,489.8697113540963,1.4984877389329414,0.0
8.365822737863619,4.936461367498373,549.0002118066947,1.3670343922716912,0.0
11.31849133686481,9.545787984438148,515.2575417937486,1.0423155209864268,0.0
11.875140275253116,9.716484891944923,557.4045433198717,1.6656373754189528,0.0
6.784880271262052,10.271126832829419,517.0876960356769,1.2658786182214117,0.0
8.47455044286757,11.457037287029072,435.08370301655486,1.535255285747429,0.0
8.461715300425404,11.275211624462417,373.95764967136324,1.3937344152250077,0.0
8.120193797782271,10.517539610487843,507.44043808397953,1.7514531658798314,0.0
11.658949683863497,12.391062776173419,489.30367668244173,1.4528290823914343,0.0
9.612347722454393,6.962060438373371,451.1527130309059,1.4823220936430845,0.0
9.470970317378779,11.00916362895478,414.9686375174311,1.645724144236638,0.0
5.992275271186493,11.253076726673886,463.26283932636454,2.1320820546789556,0.0
11.270836060418453,7.5208754278395205,490.2754257567612,1.7665340791075663,0.0
7.521483210293055,6.994258782635221,533.2938911853195,1.4734181680954173,0.0
10.119865260532656,8.508115747048798,509.431554078399,1.5009593971845865,0.0
10.554753875916383,8.676917114969417,580.4033623586364,1.3425421619026696,0.0
12.721317191677302,11.50683892700486,448.21979719773026,1.2150012889440913,0.0
7.382359201761776,8.77092243261781,544.0529446028717,1.3341747638801034,0.0
3.9609756883583493,8.287302963437591,502.3649371564364,1.2683553108864172,0.0
10.36769908950739,8.776732526610882,534.7334562059292,1.6960105151387657,0.0
13.601022363021707,12.237264668308423,478.1742568367228,1.1786415426393042,0.0
12.477892705878874,10.026086748753904,553.5840186945295,1.8999631684140132,0.0
10.419318830549251,9.641497949286176,514.7612379172622,1.7256139150856489,0.0
9.016727628735905,9.779989002597897,466.0277507541125,1.5061505188103006,0.0
11.61424519327462,12.584120668653046,499.3987985543406,1.5000955834395204,0.0
8.052907600591062,8.501656546793516,488.02220705314505,1.3328156071156338,0.0
10.952715538712438,12.631016581880207,524.4589175318897,1.5810253234043292,0.0
11.010940318333255,10.420992597843007,441.0111625312746,1.8264277389625767,0.0
12.12041981499776,9.679161236049305,498.53241489421526,1.2890530613232558,0.0
15.519320077822155,15.001800995868564,519.7653626324666,1.039982373324381,0.0
10.784831934357534,7.888721020402807,501.65116535965166,1.7109654764570232,0.0
8.982072748585002,9.292628480865988,567.3470622194498,1.59730979227314,0.0
9.94885137561601,7.535137521672,538.7011387035526,1.163940359567646,0.0
6.4618481902217635,11.904923941072338,499.62596016296266,1.2799825887257645,0.0
8.610573737821884,13.378377867303358,510.83445487488365,1.2422687177849578,0.0
9.181435123773792,13.339845562809277,514.7832775741,1.2826403192897253,0.0
8.951823204130815,12.447897506292009,520.1649802083411,1.4028951737876436,0.0
10.304709744067445,9.60475906440807,408.7171002167696,1.4200358087157758,0.0
8.355160135235598,9.269518045020307,484.92368521153264,1.304761903479462,0.0
12.242061334648943,6.65766045501187,425.7780465903287,1.2725508541500217,0.0
10.000414129836393,14.071747070363585,563.9140473729743,1.4313646968241855,0.0
9.981399357722772,10.937956156296936,496.9575239998536,1.5503074604578684,0.0
9.344210566974164,9.016086190261033,490.33295251601885,1.4051110390905466,0.0
10.310381367717959,12.656113777973935,544.8398666016618,1.8476001070023904,0.0
11.65019652933527,8.054470966479998,521.1162398724937,1.6524263143262359,0.0
8.2657395685782,10.813244068445348,443.56827428103963,1.0227462429423912,0.0
8.683767021849487,9.65474173141833,496.45473187363154,1.657118329624156,0.0
9.39254794244667,11.277354279760601,483.24165133868075,1.6816631947756748,0.0
7.30825815305357,9.872852921627757,412.7733555696973,1.3695795095627425,0.0
8.361484280557004,7.098144217777552,465.48618833813975,1.0514407238090533,0.0
9.047558252910681,10.151152745340076,490.82298389917673,1.5024200278233408,0.0
11.748778361425455,12.097728283750724,494.25245342540785,1.4976874045553268,0.0
10.52512265800385,9.94156718829203,425.8884288161346,1.1635061290400417,0.0
10.387179822735089,11.550230243178172,557.5832791523737,1.0646342351220193,0.0
11.701795924335944,7.908941028651894,494.89484705542804,1.473733936063968,0.0
9.725256423201207,9.947478413460296,501.87765383302815,1.4300768423847534,0.0
10.78092969985778,8.750979089822845,520.0320819169918,1.3748203904032819,0.0
9.793556494135007,11.49396168020942,460.59618730481645,1.4749767795760316,0.0
10.530724698799258,10.062983124523992,522.8177986566349,1.1691670878539042,0.0
8.834482684776836,11.380147352673225,481.64626769909086,1.3695538161401657,0.0
5.122365683447142,12.175420852315732,455.1707229676404,1.6599975091843042,0.0
9.731441675627392,11.383237150242778,528.67237466777,1.3950089758946134,0.0
12.845496272199881,10.546236868587288,574.5836929400904,0.9984082584622345,0.0
11.852430804483184,8.00357548297719,536.2414686742916,1.3581923166829286,0.0
11.930794969182342,9.994427778666198,546.1488782570216,1.1789524609479418,0.0
12.472261443612435,8.933819195968333,473.96846967188503,1.5801408889385193,0.0
10.177315181922875,9.311872086591547,420.11901354157715,1.5956512210141276,0.0
10.394631414811192,9.250931698499498,574.5068761049921,1.0023676124741907,0.0
8.7646962091313,8.04014885043551,602.7257444702379,1.7277038911746567,0.0
9.367854287945901,6.085322821732021,577.1403386884841,1.1663441096164324,0.0
11.231542299542284,8.663713903344465,483.2107030510125,1.9677546871447054,0.0
12.407768874337632,10.386758903848317,442.26828306355776,1.485367120649815,0.0
9.721107448638001,7.30364590914502,446.71586510902165,1.1260819504382513,0.0
9.099621470297176,10.031364472943249,415.8133716192976,1.1574041787921956,0.0
10.001055917713195,13.80053684862193,494.6310690794977,1.6044285875362034,0.0
11.20241349785823,12.046113110504479,580.2838979041227,1.3826100330304867,0.0
7.112290367732916,13.28708301824106,492.91686840638783,1.4710038271145578,0.0
5.407638093725524,10.782255753865453,515.1161450174137,1.9838340698091117,0.0
8.898926301016832,12.335019645972892,568.7798482152104,1.2902267807312775,0.0
7.558575148171682,8.552070539064426,479.79523440838,1.517988857308712,0.0
8.983719604705378,8.71131946595603,601.7765728359798,1.9259533462119158,0.0
9.704439362365058,4.5217195877250544,599.6047203748726,1.58115404263992,0.0
9.093503181953974,12.372290948084597,493.4444330659759,1.0180191793925983,0.0
12.90493506894149,13.080647959639773,471.12328679903936,1.651616703519641,0.0
10.65348952920464,8.89364550930546,534.8619023195156,1.1510991426649668,0.0
10.600948719221657,9.49209658720553,482.6237528740571,1.9220422586198895,0.0
11.244414288086803,8.492275772618077,442.17223914663316,1.2531397185006066,0.0
7.722333764438462,10.765307102954983,564.061932676149,2.3908528523236994,0.0
12.078223574840537,12.249865090606482,560.822369363854,1.9402127964983036,0.0
9.84847142692908,6.514456052237918,507.775580188178,1.2610162291116065,0.0
11.340961234482425,10.818877061284505,436.8567623135911,1.5060041415004832,0.0
7.856285533919689,9.446656456561708,438.5236874391307,1.726093284490039,0.0
6.892482467967872,10.22678878393338,505.36146442095765,1.7350981422680123,0.0
11.635779316050057,10.917988003348581,475.0064482747484,1.6327008779928591,0.0
10.752819052195033,9.623595122454358,482.94535339291957,1.875647711089833,0.0
8.19589689128498,9.792826293188439,551.0981577530001,1.463109316009689,0.0
8.26067383745061,9.572249664890721,536.6589658711279,1.38998469942719,0.0
12.25086956882954,11.940632403576563,568.9071340248806,1.3959408036226169,0.0
7.621176214265344,10.837519920254993,450.46883883113713,1.7575119695916381,0.0
13.285345906511926,10.441167075474722,482.8404215656644,1.6095543120907938,0.0
8.198758530704263,7.458096557815434,537.9490847730057,1.5873850997070769,0.0
11.276783851216766,9.242840513573691,522.4039170506446,1.7385702747771545,0.0
9.34276304850203,11.797338320678348,576.6190191293811,0.8846842776438435,0.0
11.206374862164687,10.075393146247846,521.0268352952035,1.5930206471625452,0.0
8.911771995771614,11.319062939178277,592.4054552052776,1.5655706666621148,0.0
9.674414187855412,13.533023600655268,527.000890086157,2.0006424243902114,0.0
10.081838350791442,12.077212138417632,553.108372379433,1.0414236053209,0.0
7.9956250884370546,10.186316675399485,483.8242526607771,1.9671559897130275,0.0
11.481648690840252,8.978021659608546,500.71436059419943,1.5226227386773998,0.0
8.973572867056829,4.8929008078882035,545.5472201919738,1.6466968591980136,0.0
9.542800169319962,9.663230155054295,580.6489085296528,2.002775636282813,0.0
8.011301250782976,9.347975008366301,536.4618474655376,1.668228380401672,0.0
4.875332682409379,10.780732388790751,495.84141140326903,1.6201104868387683,0.0
9.617944474799662,9.692189546050624,568.8667514764171,1.5726873557406955,0.0
14.825230843225832,9.359229881126412,390.40106718600595,1.3549565595016868,0.0
11.569208575796047,6.441202138985559,428.88827492465634,1.4914532626468822,0.0
9.961479240531212,8.120064341699868,534.0817111834194,1.2853461701631754,0.0
9.474218341583464,10.953302081601114,500.70541781265626,1.4866299301723553,0.0
10.044931785624092,13.431815262265388,530.2756825562083,0.7992207908834711,0.0
11.09423823035042,9.804949232508752,503.2203761215971,1.6287118702702645,0.0
7.63837436938231,10.655622147148247,528.5472847301936,1.4634788238649123,0.0
12.228643389337744,11.904956313905611,459.27985895034044,1.3991388789999708,0.0
11.430762630882487,8.3782121275995,528.5243043039845,1.565927425182043,0.0
11.43637145141587,10.733628086570885,549.7207264103793,1.0699308231103677,0.0
10.876951477619455,8.519019787335683,561.0275301965617,2.078780998986385,0.0
10.03923331538798,11.729648876982022,600.677714732435,1.46916976155372,0.0
11.34572247193364,10.302806095903465,512.2049221751193,1.4562466701083432,0.0
11.183628267482757,10.59690362796288,513.695554342359,1.2103811369601234,0.0
9.291918578117953,8.434802805162821,423.8413767913076,1.5071839147347783,0.0
8.852796454206198,11.41406471922157,473.42942994307873,1.9160879670819841,0.0
10.203712590523974,14.169425842462033,490.3458962996694,1.8107748628296103,0.0
13.098040302990375,7.984176609143588,552.5159776138178,1.7563313253421668,0.0
7.521785848692199,9.320481984704953,469.44994379551855,1.6639196855001814,0.0
7.06494946849512,10.463214948336184,539.8170009874416,1.392437241731217,0.0
10.329521682473034,11.572812423991634,499.918914151831,1.0649510498889894,0.0
10.101775403712036,8.880907429421063,491.1415942442619,1.4396883684400095,0.0
10.346683328740816,4.33393941971452,512.4446984566629,1.4292385606398967,0.0
10.487906395817001,12.71837898832805,480.4421813873579,1.8146383319013724,0.0
9.55359549073039,11.521012239168286,478.5481375953667,1.5928171327379461,0.0
12.979726877204165,6.514104939026669,414.7607047104943,1.9836934583710644,0.0
6.798192043046969,8.784862416440888,487.6022896336055,1.8592465620114522,0.0
8.343005950439508,13.136364859054652,476.0015926925637,1.3630513171487713,0.0
9.793490479701905,12.895592836915732,474.200950532546,0.9614612410140395,0.0
6.7136223776916655,11.877280045357889,520.8436531295021,1.9156725701824442,0.0
9.648291191135858,9.647775132080275,532.9315976395255,1.9078155669692232,0.0
13.322940331456037,10.16597483762502,511.6097252321164,1.0901365227293323,0.0
10.041772976591924,9.738148389747748,549.7707595224738,1.9527720059482503,0.0
10.461401811437367,12.256479566537674,528.7780962915183,1.6146351511777555,0.0
7.47967046965484,8.24831518700978,485.2471905097179,1.548205649437696,0.0
8.767277183921045,8.38840069023159,476.857185714281,1.9844349762741982,0.0
9.249607239352127,12.02054917367203,515.6411118383423,1.9034055519691844,0.0
9.364569806487532,9.911277088976878,528.688355495095,1.6953992855985611,0.0
12.563287590007537,12.756934710907617,569.8922153515749,1.641965119743595,0.0
11.11538212145025,8.656975586038909,559.5586522470048,1.6849182871591077,0.0
7.777084086125936,9.89044327932235,472.92634967464153,1.3799827698352423,0.0
10.49300955686401,8.155174030312093,494.8996859936369,1.4834695650803038,0.0
10.996443496993571,10.014725362847134,533.5508902458885,1.2293048536216373,0.0
12.280298077042533,7.042906126002402,553.3998889029486,1.4000880672783245,0.0
13.161081373136748,9.024733158090074,546.9484734352396,1.39000983639932,0.0
7.969811616344263,7.127492270143764,496.80610835843265,1.3094083891135007,0.0
8.378284977579323,11.387846466382516,437.2988673785742,1.541023950794539,0.0
7.4848442821707675,11.433178679519303,450.05318118772044,1.4028057447898268,0.0
9.531960281786038,6.5394745390313105,513.6316757159707,1.650670416105592,0.0
10.93271674889267,12.667771491001146,517.1112789712173,1.0133038160118704,0.0
11.974669033178204,14.994830252839709,445.06603132828076,1.4659935617678101,0.0
9.848097952714955,10.092012773472682,502.2284805444636,1.5394654920532487,0.0
9.360304953490312,8.717771479550711,531.5612178485892,1.4068112280489358,0.0
10.30351598449748,15.648661182006093,442.4386671246428,1.4482821900572307,0.0
8.329714196739953,7.3620630033949785,555.2498600902207,1.0244261967810429,0.0
14.179077443389547,10.040212933738196,481.12344257200874,1.6069431314008475,0.0
6.784677945763883,10.359244545263847,562.8806556288325,1.6942817947701212,0.0
10.36948115779145,12.69029524090483,473.327377711205,1.64806118826113,0.0
14.04721243845928,10.719477950253577,448.6687258557911,1.811618117832655,0.0
10.013599689119996,9.002732208423097,477.093150507914,1.5604588817347507,0.0
9.61992192999701,8.097631259224087,495.242593846134,1.6436043541952812,0.0
9.285109154379146,9.31635635950773,480.57600466142594,1.5468272215370558,0.0
9.639216636475185,7.986145278109712,489.19992892134434,1.7062652158777483,0.0
12.74569694935306,10.095650639569365,516.6982574838095,1.0268311091603635,0.0
5.576276177340986,8.871607640279027,491.44103151018004,1.2319257096065968,0.0
13.066867402592651,7.011924413420498,496.6943803023996,1.9760698971099273,0.0
7.15208569509971,12.510291576749808,414.5386800398702,0.7618692533711384,0.0
9.466695341531171,9.004654953141921,519.5849008005237,1.4579466210523968,0.0
9.141511159402675,7.463726390049375,495.5398351154166,1.8516824878824205,0.0
11.17710653954144,9.663481731024916,580.5146490241435,1.4720218003374705,0.0
6.803751296232505,10.136743131935317,453.02174163730206,1.3784966785647907,0.0
10.924345332163886,6.507066548841933,409.5852335750243,1.53882650304459,0.0
14.048619246573704,10.663295334251526,530.903424696502,1.394063945999266,0.0
7.273651990814379,7.905684862619471,517.32635091565,1.5092548478270817,0.0
10.379412335220792,13.422057618381576,449.5783489734427,1.294985689043961,0.0
8.676035644406781,11.047921024153469,423.5125522497954,1.8326023259867172,0.0
10.85177441238607,9.200200019781366,576.8698365342145,1.9269794763196983,0.0
10.038295554831505,8.509664459365299,570.7055195303391,1.4599829033665133,0.0
8.71702618191138,9.790064584872752,375.62716206469355,1.0840531737926271,0.0
10.975744569742147,11.225581483166579,477.08884853717495,1.3428470489059814,0.0
13.608696219573487,9.949011742829601,583.2096027391949,1.4448034019691107,0.0
9.618192416545403,9.565682385726287,476.19687211110664,1.6516616630709624,0.0
11.439515884296364,10.116740581635792,475.46938829866735,1.1975960330487967,0.0
7.413454084257673,8.79228213752609,485.8620336185316,1.2692513044073548,0.0
8.087127246363982,9.313588146313924,443.95515131159203,1.6532028413576423,0.0
10.944812555760755,5.828415122189992,414.7612127885978,1.7816726496118673,0.0
12.96823205707193,11.947452461704735,552.6273655367374,1.3135217864487947,0.0
10.71122669757132,10.597595560643525,407.8531546876162,1.1000348838147012,0.0
9.373883938953691,8.45308831193314,512.3635726054378,2.485235460386365,0.0
9.998582810846708,13.797469962710478,544.3289746378825,1.734991271126614,0.0
7.499184532060565,10.174032960784773,427.4386850549421,1.4198988714698906,0.0
11.209030652710734,7.927712856049606,453.78657987024644,1.760709382659252,0.0
11.76466612464682,11.713474842940917,560.6589594195794,1.4626630110856733,0.0
9.09581933433384,10.796096433018525,526.644586011352,1.7601470667300558,0.0
9.059915704480996,10.789159970968438,469.13571465605565,1.5478179593328667,0.0
10.531756459304097,9.148488790696819,560.1124501680586,1.527381569450272,0.0
9.126560527918809,10.90099144755607,560.3267861727152,1.4659254395307635,0.0
9.867734770748354,9.47648341955781,513.4526346507854,1.065785599961073,0.0
14.199443578333032,11.111882903291685,454.99198860631685,2.0814284698179417,0.0
9.505948598508006,6.190111091978722,479.32756482641025,1.2175398239196769,0.0
9.283319695957555,9.132253074041621,514.3193371977695,1.0919929271068216,0.0
8.704916388729682,13.444310195616389,490.5702585426256,1.4361420351730898,0.0
11.488383942999874,8.465865089199399,546.9478589117425,1.211558455946848,0.0
9.637551653563794,8.792323405013626,423.51129599453316,1.4844861628319186,0.0
8.701253923357148,9.10407732310005,425.2868235466881,1.7063291545685306,0.0
12.642608064546025,7.570387728222713,509.0435555741216,1.798590870158767,0.0
12.839206009027274,5.583438447543496,475.42277930965474,1.7444192164865044,0.0
8.79915286852259,9.538827202952774,468.64756926511296,1.4083103835642958,0.0
6.266920097278767,10.271718848163314,411.59716404128017,1.5148775482984758,0.0
12.015027379673844,9.894989862922696,500.9772922399091,1.6223637152692474,0.0
8.630740348479993,9.710242876104227,497.36224459996174,0.9726637728173783,0.0
11.581251198325537,10.086081741700776,532.6739490975871,1.671175410035958,0.0
6.059792364576329,12.045682943101529,503.4453066560486,1.0628102137248505,0.0
11.785194676598618,9.619107628141567,493.36979608797515,2.1121039796719465,0.0
7.577656141438437,8.851834845825461,558.8500318395169,1.3786454746074914,0.0
11.461528238133049,9.437749030223827,434.3766348275725,1.4445374468416226,0.0
10.028546135672869,11.158693519513552,526.8194609423788,1.2690878702286434,0.0
8.09212116120671,12.8240537570865,416.44264176023256,1.311008990443293,0.0
9.18592737414644,8.743712521661644,458.08190599995964,2.1822280707429718,0.0
11.372636913913402,10.197867574057767,439.3671433688343,1.7821109065869893,0.0
10.211788906230469,10.67671488387192,539.0971267725959,1.0352392664556485,0.0
11.168825960944968,8.014843986542354,496.7294883202303,1.951263870205569,0.0
13.95288116903097,10.040834334425837,499.32483777035117,1.8579726825424294,0.0
6.871516776577897,7.06865228531581,444.6633506135274,1.4156362613135134,0.0
13.234425149937248,6.461899392521202,485.01532520335553,1.5920090826089512,0.0
10.208711875046426,10.733492815784514,461.8267348345444,1.4955167761736776,0.0
8.202431903353745,9.232250517338434,519.1727507427108,2.0917739713340797,0.0
7.33937274852202,10.404560815242439,450.4454432334193,1.261112943302373,0.0
9.621759218445932,9.9642100459833,566.4897182602538,1.5438031829327181,0.0
11.84330022384892,8.047199902672405,416.2209775187953,1.3715564007021586,0.0
9.744901759244932,9.909491396071328,459.67400837717196,1.0700878786146437,0.0
13.022309860494694,7.53379738997029,583.8600254983048,2.157491476516496,0.0
7.097648619896882,12.781944716002801,478.24306260189826,1.1455300262692762,0.0
9.975822104307891,7.288059310280072,434.2560667797794,1.5660387562463327,0.0
7.495213111173761,9.608429458062837,510.95357812688343,0.9777898180858994,0.0
10.727263765249935,7.915456823905503,476.2303878892729,1.380278838227072,0.0
11.7737747801946,11.140842346721591,458.2064872190847,1.6265906464300373,0.0
9.158476412637894,9.337137257436995,445.20645946006414,1.2525798061492912,0.0
4.7915722867457315,8.96266656075758,638.4186802812972,1.6760405552206965,0.0
10.39789629359299,11.706403090103109,487.42240499079315,1.4192876724335752,0.0
10.87347710346702,10.058861183355104,403.72163198335613,1.848024753719584,0.0
10.808589509923396,11.033288891871935,574.6854879502768,1.908528274002067,0.0
12.471564383644308,8.037348126965071,530.5535452555285,1.3239765717809966,0.0
7.857892640701902,7.190366112144986,461.67667844901064,1.523019857817887,0.0
11.3604322109009,10.214415924080267,453.3440455656929,1.5550362679416698,0.0
12.38501502495595,9.362307289010538,533.6736398079115,1.6858047886304095,0.0
6.442824831986966,11.25286934490789,487.6540836255273,1.5043145988732798,0.0
10.639303651837954,9.8401830946749,403.70110907774495,1.5570632878028527,0.0
8.991640337984657,10.41015067846926,589.3619982302334,1.4269780575614641,0.0
9.836954653796708,6.753234940117514,478.3004768892022,1.5345719600916055,0.0
10.695352967076673,13.776873879228514,574.7785868241214,1.8893820580605398,0.0
9.025542871772895,9.671516029935937,563.9217478982857,1.6938249723635563,0.0
8.648583841676777,11.395173940678397,449.9495227758593,1.7103766918330108,0.0
10.068304834976049,8.327816659560748,551.6594932181574,1.7169210972406734,0.0
7.825508122274394,10.616019804434682,467.42787250681596,1.4538573666356893,0.0
7.828349742229629,7.39431047295051,406.6649706598029,1.5956481130738591,0.0
11.358746565913007,10.904135676519342,478.7700916988929,1.1744478964992766,0.0
7.702411929682688,9.288051831228334,519.8818750888139,1.880642296895087,0.0
11.332625001818425,10.058381007871136,476.8631676001831,0.6651118702970339,0.0
10.925182585707903,11.395948060260196,484.6475829537449,1.4738554822993724,0.0
6.548386542418807,7.53491937755944,557.1783022464307,1.8422687931450823,0.0
8.64487069532869,8.631016538774405,505.3246990145046,1.0908396199111976,0.0
12.388218806094745,10.91464856217353,457.8350844357524,1.6199339752850552,0.0
8.037668937720637,14.196442949093495,535.1015161833664,1.2957700660262919,0.0
9.071191475381225,9.723835330677037,509.8837783477123,1.3893590204433395,0.0
10.924121786503793,11.182272235847865,373.9197599268979,1.7837822881918313,0.0
11.566781018565191,9.78605706028304,521.4176456885724,1.559417077765545,0.0
9.496922227911009,13.884491189512598,519.5914353858051,0.8896932396346912,0.0
8.804979610616718,6.505556666069489,501.006056479043,1.2070723380805206,0.0
12.844739723397016,10.189242089338716,544.5850290534787,1.7926007204666279,0.0
13.477799327595157,6.7489119328758775,466.3803207836749,1.6346828154578992,0.0
11.95771610156359,4.986856858926567,516.8249894410451,2.024440671757285,0.0
10.170636285130048,10.594924106235633,421.65203144163235,2.004794278203989,0.0
8.383468556718148,10.278995592294917,520.3545191699416,1.3973264609559624,0.0
8.33911118688687,9.430326124515597,597.6529847769948,2.2509713415208465,0.0
11.045028210531514,9.787611819920494,450.25718237662295,1.5073439009555731,0.0
10.836796441777368,16.196598868142516,462.00989340061125,1.2111994396772925,0.0
12.80319718589286,9.48364972393713,464.49922785542236,1.3099080402268268,0.0
11.300900185072278,11.020248722500149,506.49991129007975,0.8229824684131744,0.0
6.9938393964803645,8.701270360772238,446.8481863573141,1.9821057024747843,0.0
12.103895235445837,10.590465150081206,521.062368934549,1.978428596713159,0.0
8.003878745371175,9.523532649888764,542.3419972734582,1.1953477683560036,0.0
9.232057456095298,9.17896303454054,526.7173606726892,1.4316347134854281,0.0
10.500400412503389,13.63779706440065,411.5792287180964,1.5286822632337733,0.0
13.99133497956793,12.354369926368678,549.7583832579303,1.211894084357366,0.0
16.219837112010723,10.273493294798461,546.8683707126839,0.9734693906186516,0.0
11.213446118272365,5.391576128112066,541.5080686173152,1.4368927188669265,0.0
9.633606762559225,9.277981553494861,518.6421124327912,1.4036761711622259,0.0
11.0690112969611,15.406055128810166,511.0094657102566,1.3834766277033674,0.0
11.775310851747673,9.538676666720583,551.6194699063199,1.5668148187802893,0.0
9.358664748885616,12.206435144107317,596.1756743801727,1.9288558975577976,0.0
13.590422711824644,12.883884803905202,452.3479768317575,1.4090721840924822,0.0
10.460141518382803,10.43792783171195,553.9062697897386,1.5511328996164089,0.0
10.995486178182789,8.316356736263696,495.68914509962735,1.7180611571234807,0.0
11.331848504108923,5.129375336434223,493.51634739856996,1.6662428779538245,0.0
10.843173221228911,11.36832641721791,423.1734654808981,1.3156729426656475,0.0
11.677881000939225,8.370487994352903,485.76052952423026,1.5289131369342108,0.0
8.765493626906153,10.352300903775385,450.13675210157925,1.664261946050716,0.0
8.88339649210794,7.500359320821271,476.8072785247027,1.1614945987467666,0.0
7.79969153405661,9.469524919059596,445.0906808110925,1.8790617032389525,0.0
10.879002461240454,10.067438109802106,477.5545806343497,1.9294766715642333,0.0
11.557873007024227,10.537187162088596,479.6944821488298,1.283165923366652,0.0
10.915545732303771,7.7703556252951715,504.83774592194004,1.5581010055044506,0.0
13.348984866695075,12.393821897522704,419.2625068854335,1.6926834770013095,0.0
9.988807962341907,8.806210430536057,427.72409261273384,1.3363157531013743,0.0
11.337483311185025,6.651061079093509,518.0957135365263,1.6444841537064283,0.0
7.816598247721371,9.781953160073073,460.1280941464951,1.5489766878876496,0.0
9.225800595051197,10.06875061805292,553.7264895114965,1.0596245467083598,0.0
11.391075515131554,10.32117886634352,511.26348610075235,1.6377483947935674,0.0
11.698204221486288,12.724264807370158,530.3381075103204,1.1699572751186893,0.0
9.412066104671636,9.527102326528281,570.5346160210447,1.7817608554986142,0.0
9.856801496283866,9.760760751262458,484.51445940967136,1.2986366774598335,0.0
6.964252506638381,7.793631237533813,471.27566472918625,1.4516143699016564,0.0
9.285941598386781,11.641107005775794,543.5851292799407,1.9116836740339724,0.0
11.780766327039572,10.368618128156207,525.4756781964843,1.6489144939586535,0.0
11.150410032213133,9.159944545411674,490.63348450893494,1.1761578241276365,0.0
11.00133144276242,6.190650613069073,569.5728983477971,1.195525028760275,0.0
10.09954737436192,12.888824390110175,489.38778450800345,1.3202091634128823,0.0
10.014126317256354,7.544640071087885,501.63868187778905,1.618393225007,0.0
8.679357721053107,8.817443981260588,501.06113254171294,1.6074899444798305,0.0
11.39765684040507,10.716689022152007,453.27030525507644,1.2470693086011393,0.0
10.84194588877878,7.606884142766627,503.8792694743195,1.1498371543156922,0.0
10.984037695985599,7.0129804434937135,569.8380088699246,1.5844750215257504,0.0
8.94793031466484,5.75210483459867,522.2484157688087,1.4454419802629515,0.0
5.693314160257511,11.441993905811271,501.55317131994656,2.1471647662343214,0.0
12.19430542350739,8.909627510547356,491.91163594171655,1.5109810969689237,0.0
9.042325087983192,15.85454018494666,516.5433514203175,2.0442758483100825,0.0
8.27444847191376,8.011289868738253,537.4883314244593,1.148884920568698,0.0
11.386957823827988,8.157097953142157,530.4619415444877,1.0280361181314879,0.0
9.215974720161741,8.869214059429197,483.40675690890106,1.1639744602423396,0.0
12.119872768093243,10.486269310276978,516.2390797055057,1.8567389344360399,0.0
11.234011899153394,9.059593322429377,523.9969870574139,2.02683047690806,0.0
11.367138646400955,11.224664428005024,449.64025062365107,1.2653461638142098,0.0
7.268088577598931,8.042823220022692,508.4115270591847,1.3618301910721327,0.0
12.423887970772801,7.236816563072837,391.9348056848819,1.14930572693625,0.0
10.522501062467713,6.403570521181785,524.1266854910592,0.9565080458644839,0.0
9.261445721507593,5.5528516641256065,533.0171527281341,1.7155235093329888,0.0
10.286776934684502,8.963861961049886,537.377306289323,1.566906090888649,0.0
6.44752953420336,9.398039375213557,480.2476573915216,1.5031463948021626,0.0
10.817305622961342,8.737125945033632,515.4523417512017,1.079983038850986,0.0
7.941256983635856,12.486811594374323,571.1976922770583,1.9919870045485981,0.0
7.294659428312931,12.45606041921627,570.6884824145629,1.348992978585158,0.0
6.955281627564218,9.330394025110996,498.541365038672,1.6600879274449427,0.0
12.225376749979851,6.412157773616074,506.965981536478,1.0636315784265826,0.0
8.741473212614423,8.866589783889895,555.5455572367216,1.4428424431139888,0.0
13.067455419833,8.800357212165878,424.95989923689126,1.5874123368715751,0.0
8.928397073895404,8.685730075443884,483.8462128661488,1.5981225654159923,0.0
6.5852840848141065,8.60456219220351,566.7785227768378,1.5463945629709874,0.0
7.766951120102682,8.693074208550385,548.7600270842383,1.6483567476146317,0.0
12.471623240013876,9.22691676820448,518.4631888824953,1.1608438631901117,0.0
9.688203644126665,8.728917802368887,424.708379733469,1.559211781631898,0.0
8.903425407018798,10.416645017251184,497.5044883479419,1.5341273050440831,0.0
10.320036451705576,10.720737431809722,470.50423018750337,1.5695018052585183,0.0
11.00356547233509,8.178709825635021,516.5519451408607,1.5217035651957544,0.0
12.234797631804922,12.542130652014066,459.532665760256,1.1180361678259807,0.0
12.896998459785852,8.039875396318772,448.71383025126966,1.1046600743673078,0.0
9.280462708421828,6.764398772369326,396.75673611581794,0.8357195442346346,0.0
7.3479046278359235,10.761556142730104,561.090234248835,1.7452603529535893,0.0
9.173069677753448,8.36518373117132,480.01147442784713,1.7482972529205596,0.0
10.520561013165771,10.642582941514776,507.8572891851267,1.753065087366636,0.0
8.072482147578778,5.192662797798939,499.88809417629096,1.5920369887384356,0.0
8.085698170209914,12.784911882966135,446.62830335197503,0.8600642346845667,0.0
10.68757576309977,11.344586816080804,437.0467544275903,1.1919868524644202,0.0
9.902695296859097,6.999046901673997,449.7342437001382,1.5511246252779336,0.0
10.065593990823173,7.042445752307429,463.84157805853033,1.5406554008375386,0.0
8.483009330599861,13.344531808195056,518.3303123506903,1.4331755360543936,0.0
9.539198571588466,8.525240193004082,460.21411682396945,1.610675160872474,0.0
8.151533711463392,8.331630302534752,587.3245315797311,1.5034955123055738,0.0
11.780396822249573,5.4678958117014345,551.3575517946575,1.5362311396654085,0.0
12.070498669447506,9.298443588796891,540.4179774832854,1.3082804001503952,0.0
6.307624275523812,9.544560770328495,494.0170548763425,1.794603295836477,0.0
8.14097827961518,11.43098619353897,575.7140367860242,1.3707685173958848,0.0
7.006941489819842,7.201843143631049,489.0997184439438,1.100805275093812,0.0
8.699952131186203,6.959426415518781,498.4369292922877,1.2687002961543814,0.0
9.833124060419278,10.901925269552954,508.49872698746344,1.395460142591406,0.0
7.10070956060294,12.013460142454129,535.0911520271673,1.798200836510654,0.0
8.156280373749373,6.857695297764234,531.8454039501493,1.4873196004695621,0.0
7.992085255837003,12.163028172599482,476.2437360777698,1.4441555343103052,0.0
10.414534658797887,10.075083682973643,473.3503140287023,1.1254009725712117,0.0
10.138688674072501,12.183610678149291,531.9951478576043,1.735644776948873,0.0
8.556524893325493,9.859559276964767,535.7618291945616,1.3044143537929842,0.0
10.353641744278796,4.955444165024099,480.33244375885636,1.4699916423175992,0.0
8.906639830825469,9.696065235367922,420.6405965160773,1.9440549230645594,0.0
9.456689779347894,12.120287637342539,489.6341951995878,1.6526289993147913,0.0
13.346904180597074,8.212507961832571,531.1762899412929,1.0115237856854478,0.0
12.680922103580695,9.224070062185096,590.270842320989,0.9691469290942584,0.0
7.400837526144805,9.647732992898044,440.1021018829669,1.480706864964226,0.0
11.65946483575835,4.200972240263036,478.67143735847134,1.1361778155375586,0.0
11.622793108983185,13.342695150874953,480.52982192373116,1.6945640242898994,0.0
7.703473422494763,8.19724864020565,567.7902669715751,1.5126789194894938,0.0
11.637555287509722,11.011470864945597,498.25292497706835,1.5496154307071588,0.0
13.075863836825105,9.826597727703582,454.6336720313867,1.287977045507294,0.0
7.754910387511172,12.51523811271872,527.934764146091,2.0224150965860117,0.0
8.164994357971473,10.812112244856161,479.7680739979527,2.3527781184031378,0.0
12.035322933687006,9.53015145695805,438.7806363321023,1.4164245828729856,0.0
10.542990621651295,8.21296981496144,455.36133463619245,1.6059117745245002,0.0
11.102952550479046,11.595701402764277,586.7020977211309,1.5292252029192939,0.0
10.681178432800994,6.253117392090767,519.2104610824731,1.4220939409676794,0.0
10.781391841856289,11.291780840551786,505.38800277262715,1.250378859680161,0.0
7.347055743377834,7.801910496890255,487.5053132093977,1.174509603755857,0.0
12.094635413242896,12.50456732391328,514.60744210594,1.1593208203423426,0.0
12.339179984855548,10.32259908532539,514.0117973001247,1.6215720076647435,0.0
9.541218511863944,11.288247535700217,514.6084414103663,1.3440976565389093,0.0
9.913046100372275,10.16397762764944,505.74225451388764,0.726512144957841,0.0
6.937784994888556,6.495245809718007,543.4399169152774,1.6334574661794967,0.0
11.02850951203567,8.278541673209324,501.15521730003655,1.4885216152607532,0.0
11.144114883428289,11.344778675222765,451.1030582223681,1.904001900420344,0.0
9.875617966001379,10.333311634719688,469.3788554549566,1.6119367191273029,0.0
12.248706719741005,12.361979810611345,401.0490653255144,1.0563979211069108,0.0
9.331845538040119,10.806549126074344,601.3408558021197,0.8310970077810057,0.0
11.1292118517872,8.06659621859468,543.1377295976343,1.2841582846986188,0.0
7.960671322615768,8.407871724558731,458.49647524353816,1.3124677737919042,0.0
9.952895698251524,10.205834781046475,485.907757530145,1.78294776030005,0.0
9.651291484194328,5.371911867999789,468.15617628967834,1.497338720313128,0.0
10.450615844081883,13.34688377124597,577.1273605687059,1.8401065494295525,0.0
9.260946142333284,10.883493472755115,429.00614178645355,1.1025500832892097,0.0
9.737054808656664,12.454069194097745,505.723802940939,1.7895793153141344,0.0
11.652094342883013,6.838792118381662,494.5736078717576,1.716296746029276,0.0
9.126471525523565,12.489130320710512,541.3419315354557,0.8945297665706411,0.0
6.786845798522641,14.462997822055497,494.79953861376526,1.8967853523782316,0.0
13.499167808410842,7.358243289245365,412.08955616722824,1.5280375475299057,0.0
12.762908157380974,11.542803589807534,487.44410826787794,1.6176133511605517,0.0
7.415474609788763,10.002219889374587,451.3918891028338,1.2405311662714733,0.0
11.379415610490389,6.9111323035035115,503.97897732782803,1.8825741038765917,0.0
8.994050458897314,10.98576794370374,571.7088518260164,1.144244301228339,0.0
10.526974430662118,11.667206409674696,413.0287377883861,1.7496276055121838,0.0
10.588448258026988,8.797746894662307,459.9888632300048,1.7461822427726013,0.0
9.531184399367357,12.331833040510446,472.36535231082513,1.2077497715483334,0.0
8.432468668827207,6.666473186421605,480.91844522933945,2.0950120798267724,0.0
8.618917895367481,7.010487707100712,537.0062832052622,1.5694585440652558,0.0
8.167616169037515,10.273194791177504,491.32277912193064,1.6961677830813073,0.0
8.33635558353911,10.050770555944544,520.7901362860223,1.0418637613992732,0.0
9.86564341990129,8.56685302315179,468.7113478134112,2.1353190009025695,0.0
8.568480021778496,11.619188871943772,511.49621727089686,1.132632917932473,0.0
11.36410413142524,11.061788628431898,538.8898815438857,1.807465929829779,0.0
12.974492310671854,11.716278141868031,463.3850225131456,1.2015684846204913,0.0
8.839893517259913,9.753727129295465,539.0679059903257,1.3143033591456952,0.0
10.478809001070754,11.205160535956681,502.61863843637843,1.736626213165634,0.0
10.999370220605869,9.108699393940011,552.2730120241126,1.8082658141025472,0.0
10.944004541838549,14.107637380173191,489.9290049961513,1.1186147252657694,0.0
10.151910535832174,8.374908459756028,519.062232758105,1.827141650717098,0.0
11.485364836719445,14.210594858916625,497.9696884160735,1.8134941485399583,0.0
10.964497905361315,10.069775894178818,495.1893868979711,1.2186139773465323,0.0
7.524675155345404,7.248978220862515,512.9465214112845,1.979594278077333,0.0
11.738312128778546,12.736158700977203,526.8403734612452,1.0629427115255885,0.0
11.774581674533485,10.251802776789917,437.5217544037997,1.3125682251667155,0.0
8.473427791642838,11.702248196760475,571.6816804408938,1.6437007872275966,0.0
10.075875670895204,12.447711837085187,407.01684797251005,1.243930114589218,0.0
11.366657985622139,10.67591110829005,465.7593945130552,1.5791457257038024,0.0
9.581372360841277,8.81551831037437,495.28654646175494,1.5723228236409885,0.0
12.145956095532023,11.9514267553385,520.6177984542974,1.4438777190231837,0.0
14.727744989238722,10.001511014909191,578.8086263870689,1.7497201615771678,0.0
8.428027934730036,11.371715637216838,407.0854255887446,1.4314917622027084,0.0
7.23791079369245,5.692538852417077,474.61529358051445,1.5694623206441416,0.0
10.60763719120975,10.893963434019703,393.65832561003674,1.8439415632463707,0.0
11.443125010252286,8.722828349709939,501.58109869551237,1.737205863007752,0.0
9.538267252310462,13.306619274357061,513.5841792250015,1.7358051872442626,0.0
12.906521326642068,11.24617469577819,579.5397871085627,1.155246119334966,0.0
7.322788400553502,10.479715491698594,506.0317380446727,1.6574377726503966,0.0
11.385837246063222,10.972619986700444,552.201256472119,1.2364503627091485,0.0
8.788278358482213,8.003118294246564,529.191854076953,1.1155755060665922,0.0
13.438755812414593,13.246513381056108,478.2375901497416,1.4784880961145095,0.0
13.985030706336236,13.982740836833809,429.55196266039803,1.228711444004523,0.0
8.466686824433305,10.785827021096432,513.7501149145905,1.7371853156519932,0.0
8.900885728182839,13.180807137147276,425.3948991427318,1.7443606379085972,0.0
11.719175773959604,8.861703602654933,564.7603536334822,0.9292121290705675,0.0
9.22573870042097,8.405772867550038,491.8968948981588,1.251509238126933,0.0
9.909177564135524,10.081849497457846,559.7588705755709,1.0620639984246003,0.0
10.05077684108482,10.869882076735797,475.98927829338004,1.3612112170221329,0.0
6.160653687604688,9.212026637513759,513.4425393200496,1.6365527009606473,0.0
9.972324507811525,11.075536380736967,510.4674428667344,1.4273135705464834,0.0
8.620544451871652,10.612778964146829,497.7477940994538,1.3230722277998594,0.0
9.013754355200456,8.00338644941789,478.3670243301704,1.8900529580439418,0.0
12.887264006937627,11.037586034903443,519.622800923526,0.8085428482211134,0.0
7.486986211441487,11.727056485043043,453.6918368258396,1.8710615680554674,0.0
11.626410373495954,10.342938635180781,439.5282335520471,1.3367135120533544,0.0
9.442074139336382,12.305296206523385,562.1413446663414,1.4765672969661632,0.0
9.44047966300833,7.565192413006097,536.3583994446051,1.3417909986839673,0.0
11.580743792103423,10.935900844263703,503.294580430112,1.9628664316617355,0.0
10.68010258913778,7.65943858720645,583.2571191271891,1.1307064509584221,0.0
11.141225994439061,7.771837283533825,486.6117240637578,1.5035209109165808,0.0
11.936369321065722,8.73813833252442,566.135160999449,1.658231595557999,0.0
9.337383233633355,8.11587963285151,508.7787042462911,1.0166991696344498,0.0
8.7755265309845,8.904008362517725,448.7624624961805,1.2240305488661538,0.0
7.829698946884404,9.571699378577623,592.4020095885425,1.4555464399505313,0.0
8.34917894004209,11.674308972662768,549.5355423312043,1.2340004895946877,0.0
15.898188850617451,9.357681922588595,493.94894844952177,1.255322468634255,0.0
12.489359161473573,6.828748586460815,536.3585629766975,1.3950412010770687,0.0
7.297851267583957,12.28013569299032,479.81482830010464,1.694874399493852,0.0
7.35508408651286,8.32581973276992,541.4574517529771,1.3971846669365566,0.0
10.963732123436984,9.882559145790742,380.44607173580204,1.823527858341884,0.0
11.094529594755933,10.893073013881423,449.0099333152703,1.2006726652021935,0.0
11.09776767063473,10.399220836805565,548.9629872143481,1.1244233218579642,0.0
9.490088412892604,12.188359095042951,487.517223089054,2.0779036217163402,0.0
9.749091479994199,10.958006286785517,510.3771147444371,1.3026125617003466,0.0
10.655759048318714,8.277380840605783,432.66071689422824,1.1067263978783521,0.0
10.171786012586661,14.357124347983323,592.3933497851051,0.9773838174684509,0.0
5.56139925450493,10.388666926676466,559.5264821858839,1.8225310361426816,0.0
9.540400738849613,9.705319546756987,489.9657390812335,1.3976086456019823,0.0
8.297187131479372,11.927850846111141,479.7652071568337,1.4238870794800804,0.0
10.350422837817025,10.498901891860145,551.4802180709846,1.452239486524008,0.0
15.97051800520682,10.798456385878655,599.1235225084464,1.8038828654009342,0.0
10.73496333094861,14.984367997201375,547.6880127905677,1.4461410498072238,0.0
9.372940627655204,9.449757143489906,608.5901333698301,2.203216133649788,0.0
11.843603003954504,9.364478211965208,453.8824335469041,1.5401281722162687,0.0
10.965375774418426,10.233157024024928,459.0306584750605,1.8185354300874963,0.0
10.840188980903683,12.143031871162076,440.55294409733256,1.741571957371322,0.0
11.213701186431342,6.986931939619202,522.088032482474,1.4890658039225886,0.0
14.113087129659082,6.0688882170469896,508.78017749021853,1.323908704193861,0.0
7.738223129348169,8.825769458759705,492.4024438264007,1.599589178569966,0.0
10.947264153622909,6.732154081881426,540.4629314061649,1.6530296193621818,0.0
8.147237740036923,9.150337304948723,561.6164302607332,1.3282241855620418,0.0
11.111025292684497,11.004999392258581,423.7168795356579,1.5499016597851967,0.0
8.162626977027811,8.218502272895472,470.15139860494423,1.870861493477879,0.0
9.165266372789832,7.146346846437315,541.007179706153,2.1209843217209037,0.0
9.409820171524187,10.138674323430696,476.6130658070709,1.7563107961048263,0.0
11.951633438689418,11.72508696923034,460.0896961820923,2.0588279059140846,0.0
11.836908887884828,6.610053122966775,550.9268713825197,1.3111877366380633,0.0
7.5085652471072315,11.640464796611969,435.524996513801,1.7105646756177881,0.0
10.109868221999697,11.634612407476652,484.92100961044474,1.9015558525743816,0.0
8.580840290501655,11.908170204313256,516.4322012902404,1.2311000001084014,0.0
7.482990178649331,12.436960429743372,471.30900430449407,1.3543229663864973,0.0
9.565965899151259,14.404027849319231,539.1577828006588,2.021371428550575,0.0
9.383034423088361,9.28781590276189,471.55615124013156,1.207470343263918,0.0
14.853432972691046,10.219143160155717,570.430974672296,1.0976609902032868,0.0
10.865919650721393,9.16712313350395,493.71268512521135,1.9583944720918534,0.0
7.244764998491526,10.003953689511622,533.5635068352676,1.8590289674941316,0.0
8.870451991658115,13.065746711272624,537.3011976491408,1.629636073195131,0.0
12.042766590858797,7.309971032138662,468.62299986279635,1.4862867736062517,0.0
14.17688554573985,8.27790065566885,397.3256725672056,1.3684426483185055,0.0
6.828033375524083,12.754361873009122,518.0377877331917,1.5845846621427153,0.0
6.24015122972191,12.040073013804179,503.61441735624345,1.973942087220465,0.0
13.741930350743564,9.273736706365844,527.7913013787563,1.5715698378426228,0.0
10.779228354741807,11.70880400224144,488.6736263808581,2.15008778017409,0.0
8.263414536247268,10.682431684984067,478.4786150599642,1.2306174043079308,0.0
11.06925817224487,13.000549218001975,600.423650549085,1.4940957737015192,0.0
4.7285045219662445,10.149019187653545,426.3822969244611,1.3880823997008254,0.0
10.006751013194322,12.051264227745165,536.6975239182119,1.1744575370513002,0.0
10.65564234568617,15.28402382098524,471.26990709083043,1.4540748800971033,0.0
11.84854027907566,11.196198310094932,483.2110691129789,1.625198790498132,0.0
7.972208095414924,10.098656331589687,484.1448583713017,1.657269053985609,0.0
10.171374322806718,11.444893970441958,459.82828629143717,2.151135653683367,0.0
8.149150747880824,9.26943828359223,528.561210511812,1.6393402409170679,0.0
10.510767511348634,14.775935411049463,569.5321797974979,1.845041041103885,0.0
8.209307355273952,10.360142075391963,523.5006830623331,1.5198282738896927,0.0
9.183798321679559,9.454133359548974,505.16909981060473,2.0034166801357784,0.0
8.008369210419541,8.328621989959927,450.67797504503767,2.2195347856764207,0.0
11.302272483647315,12.194440383212877,525.8412632912225,1.659325539292785,0.0
11.71690223331333,11.734374825655477,607.817481586465,1.2022022953645255,0.0
9.530758860085172,9.005291257171814,480.9652688102454,1.3353584931668494,0.0
10.076475989920057,11.152902690244845,481.2008210324067,1.5845802909615487,0.0
7.102817170732912,6.982888063574287,471.94554345095014,1.6369494105751938,0.0
9.400646703986427,10.369941150146312,475.529288275279,1.7095275403153116,0.0
9.89959076591651,10.90551270415339,362.73502231638076,1.6380593043690124,0.0
15.241586182059951,13.414659619118446,520.2517692927856,1.5020954748767816,0.0
7.776065948451673,8.458362394542622,457.7223911822693,1.3091404676393614,0.0
12.928354477504875,7.443294742395351,419.48684406041,1.620341478379269,0.0
11.993717546931617,8.209144078149917,537.6594974866274,2.056496207244197,0.0
10.561272808980274,7.32686299937016,445.8991107479032,1.8059785816283265,0.0
13.517240968390267,12.673314715517966,483.0665473058121,1.6604111848908594,0.0
10.744210945213727,13.097278590048074,573.322119559429,1.8088700771468254,0.0
10.778318391335857,10.640433155897657,429.53921009877433,1.3886807913297443,0.0
9.893758693964909,12.442589891370297,423.37008827011186,1.3475204561750038,0.0
12.447137764837255,10.267916761160471,513.4653094781169,1.2756644686902054,0.0
12.192938467621767,9.809776704598468,557.4743682005184,1.4624140131691685,0.0
8.748645425007576,9.333924761892476,421.28291411340183,1.3733982309872759,0.0
7.361505610802466,9.379218017244868,520.3844868418588,1.8624824221956418,0.0
9.594038725208685,6.904396887381937,529.0499769980846,1.3574029746953433,0.0
8.399922871204707,10.528509527214679,397.041975815384,1.259183485132525,0.0
9.87295085076929,9.919332179571912,539.925066895361,2.0827731536491894,0.0
12.474876269368279,11.490721448155751,543.830293992109,1.364587430675597,0.0
9.08539668982642,10.18704699287722,484.41072133719877,1.5460585371751052,0.0
9.91435323737685,9.674592596861816,562.6173181149004,1.6353968474230234,0.0
10.11604546961679,8.257613939984738,556.8227787162423,1.1589920643237555,0.0
11.696861764410569,10.144306473643523,505.15589628586025,1.8706451308509207,0.0
5.50622133203079,11.476474461632325,477.4277304837533,1.6911357121233683,0.0
8.786599410469407,7.7133220178322786,451.35860537085216,1.9675152035642345,0.0
10.422567384558945,10.174947507361479,498.12182453169044,1.2962334188345699,0.0
12.400157912853722,10.466085903058968,528.487945985209,1.529737737742848,0.0
9.01619510498759,8.563870432763471,483.7911569479679,1.5118067264982586,0.0
6.246894587916252,8.824287390183999,390.12494973689854,1.5791665483050066,0.0
11.239422891932273,10.461221697532428,563.4356947288285,1.0636155754268517,0.0
8.729275222348742,7.7331579634147545,509.51116109224466,1.5332509136076666,0.0
7.620666681819277,10.699847430498785,481.0187751661583,1.0720608265728764,0.0
8.751309220573551,8.2092912526816,542.8579194211644,1.6075002213590763,0.0
9.6309492846883,12.125707386066432,576.2319298241378,0.8614052626444441,0.0
8.790510670923574,14.675655490776599,359.9044215256054,0.944523949712824,0.0
5.588867885801862,8.27848639659636,521.7131824961036,1.7455646149319994,0.0
11.794132393774264,11.06841572474935,428.66753945948267,1.3359484634415653,0.0
12.549750082557445,8.54651619023596,524.955525339947,1.2036425779103277,0.0
11.30304398267901,12.08190834759558,506.396360118729,1.8812536863226645,0.0
7.724628659150367,7.46948318182957,531.7863263220275,1.5982878651985244,0.0
9.597016932104964,10.961173516855425,475.0376192752672,1.7616270586601352,0.0
9.986957369541084,8.254022066221294,406.3379944090424,1.450127378303751,0.0
11.197588779123821,9.586030821803263,477.4815904371666,2.3038886081700007,0.0
11.336680977436162,7.9379494497053855,520.3423817569892,1.3186458418320615,0.0
8.531652402443008,11.644700941791507,550.7696164337611,2.0233486648079664,0.0
10.163991112827121,8.326039291120827,441.40843497637377,1.4815901879700262,0.0
10.914560809230482,11.103928518663656,551.3530213436509,1.0036468815261763,0.0
12.911644644293533,9.311803943475335,467.6063855176739,1.6448546237244326,0.0
11.409013079649446,9.771055256402274,518.1224940797264,1.594428768436549,0.0
11.578113374751037,10.295511814800257,474.50530235671835,1.184603455728231,0.0
10.167653255858722,8.476350656682303,509.1085313856051,1.2233342168595855,0.0
12.820918290407008,10.420734227081773,544.5938817285137,1.4925907070745024,0.0
10.819525591918994,13.060669128708822,438.6492961355732,1.6049243445743944,0.0
8.277824179652859,8.443810428334572,466.0047051626584,0.7588010151361798,0.0
12.806739940250381,12.34362028654769,509.24812936710435,1.8159364357571408,0.0
11.395806545078056,12.996195266975569,620.0791830515176,1.3516506078555068,0.0
9.113911957743035,8.367690021943911,456.8405143916586,1.1004757546805473,0.0
9.041014065201514,7.089890789818896,602.006694299846,1.7823199654355792,0.0
10.593151090281523,10.60392180034353,600.2211651837586,1.4929146061744631,0.0
10.92636959053517,8.905184954466254,495.1344424649204,1.8648497330346763,0.0
10.394584531262414,13.737206438326005,485.092373690005,1.6313856788939267,0.0
10.62261734688577,10.069615080999665,465.3967400667654,1.499545649115586,0.0
13.39991474915276,8.395601183929642,496.58987348336655,1.4541810165059532,0.0
12.143086304469772,7.705680977976577,429.66402837202213,1.6448138281668414,0.0
10.381271182530048,12.179809918181661,496.18804913397014,1.3759406223572008,0.0
11.882621161534967,8.857632051831628,574.8440136925428,1.2442282233760502,0.0
7.934952192944921,10.087657598920856,469.4457468761641,1.6829727367963931,0.0
10.795854099893617,11.91160549022496,487.96378480054744,1.4566536475666712,0.0
13.61861269946622,9.03148329613834,414.94297628663793,1.5100702944207018,0.0
9.563908209215253,9.908142342519678,518.7031044065521,1.8268139508463823,0.0
8.30473214276183,9.96686318035496,513.2240842475687,1.4658370176792777,0.0
8.695822222813879,11.366649023032183,503.18511798828854,1.5045101776625371,0.0
7.820733925315223,11.181488671020652,489.1586474888928,1.3201051465647204,0.0
8.430476183744593,9.559772537490343,485.36210406137724,1.629221980194555,0.0
9.258983802819943,10.127298122993036,525.0950116850336,1.6049483738040264,0.0
7.1888659616427155,9.256441976953024,498.5591699205688,1.7702325395371674,0.0
10.031236667899206,7.044775186161111,515.7485935777667,1.3262613488979371,0.0
11.804554347573294,10.515201714796259,510.7491408727274,1.3626549091229443,0.0
8.184487639706159,13.784383521666136,556.1713643547881,1.7376412197436408,0.0
13.038567847283538,8.232561718617875,533.8497048687527,1.5756639010088591,0.0
11.021584177055189,8.453940580794594,509.64309215750956,1.2281345621421917,0.0
12.061161171248115,8.258544456712517,575.921101532609,1.8919662203203502,0.0
8.684330892295726,11.449183557446245,521.0134264528281,0.9904648294799248,0.0
11.709050454133232,10.89697090839288,565.248134439521,1.7352854259791255,0.0
7.816132199209374,9.682924615167087,530.3471304193318,1.120436389200541,0.0
11.780495001673017,8.16396187672207,407.90404605342286,2.065736554945658,0.0
10.343678679587063,10.184753583279848,565.2417381659665,1.0366200819283131,0.0
11.106502439969567,6.870755745328392,506.7588120671335,1.8456751955618245,0.0
7.648810788750296,10.286853133714986,497.4022614549611,1.4755096919966268,0.0
8.209860315446791,11.743048772175868,514.0674173744789,1.3900192290483768,0.0
11.19445643650677,7.497601726732644,482.75084190214665,1.5556189969403285,0.0
8.103303991551599,6.934963446340673,511.3514430194473,1.689570101747344,0.0
10.926412584198246,13.15887578338972,470.4061966828454,1.2286798493007391,0.0
7.2657243870795085,8.77648072099083,563.7136129367185,1.2552636824494283,0.0
11.696348425333337,12.271895691887643,494.3205943189475,1.6948814595338657,0.0
7.534953370462982,9.692004669604337,480.8708078638783,0.98779711390512,0.0
11.104599875359046,9.676090366117345,453.7537092140363,1.3247312720423743,0.0
11.251261867292001,10.87682539899329,513.4387894574321,2.4122060862478323,0.0
8.60645636314085,8.232002286507118,509.35535500625457,1.2095961106232158,0.0
11.164053134169453,10.264994286991291,519.4212306838754,1.8443408375279258,0.0
10.520884526667112,9.237021170351815,448.63740562474356,1.3242147693858564,0.0
8.922316287614523,7.359013113189937,419.94094005942134,1.6527135434391431,0.0
7.982890631847583,10.674964149452798,531.279565125328,1.6963067071788651,0.0
6.074748616654842,9.473384386244168,574.2320930938254,1.8386870205548842,0.0
10.699300094599387,9.685950343110584,448.6823188805052,1.4399238519561672,0.0
6.870394457275889,7.579678113171685,579.4720641780849,2.096665391626456,0.0
10.190688398882616,13.182800735525609,514.195552936819,1.3231990306244459,0.0
9.473103567835501,11.753428372772232,499.64685477245854,1.570266124079868,0.0
11.35828555087639,11.928311768343956,480.1225651727111,1.5735830796652823,0.0
9.395909001020271,9.389110595116636,430.7740990287502,1.1634095640151754,0.0
9.341104427305817,6.54163422099316,549.38642579623,1.4142383235062639,0.0
11.463741408576592,13.905834764979021,461.2196819281198,1.5484540497715222,0.0
10.670116058168235,9.877804983988264,461.00966621312,1.3703636870611742,0.0
10.632311914365557,8.502400407959893,549.5963154943478,2.23227718963696,0.0
10.938535179617052,10.833603148966228,405.8508276664137,1.2484128979201408,0.0
6.928855753585788,12.334241576006594,423.82010946659165,1.8538273404421284,0.0
11.513577359973963,9.953898887829068,499.0932878245959,1.756937943944636,0.0
11.224937588027204,12.557150335878749,514.6642214502426,1.4958413596487186,0.0
7.966633742847005,12.165999877033737,524.2367323984462,1.2404372838443258,0.0
9.511839052651597,7.847237625195883,484.91007533018734,1.269523403882469,0.0
9.921385424744738,8.652419788681048,626.5184834320845,1.344609810235047,0.0
9.731006431196535,11.915074326559536,488.6053720617083,0.9642776154161211,0.0
10.66771993313707,4.574774872379124,488.4606923948639,1.198960372260213,0.0
12.862733563662367,9.701088613670022,460.1506665593061,1.0552570453909071,0.0
12.163533455345657,7.138337596750656,506.19534082605355,1.903762500953315,0.0
7.3755616131371875,9.04689239713295,530.7480616023387,1.6855387177164656,0.0
11.244139980612097,9.402359821941591,560.178902726673,1.7357922296596382,0.0
12.65786663907082,9.283511244184984,425.5357867779891,1.6766495854625842,0.0
10.773617041378404,8.895477495774783,487.70023308221494,1.5500902870002489,0.0
12.181960850371933,7.805712700742372,522.3351805404573,1.938204099638741,0.0
14.02454089140153,14.583822533637372,529.3528767297267,1.3167712032804788,0.0
12.047419092213962,13.734924008322702,500.327432890227,1.5320008966101135,0.0
10.498617191283458,7.675868359487434,527.1211984766051,1.724117648347237,0.0
12.090176948169507,13.164233502607134,459.55180535371,1.1036372304431614,0.0
10.289775666193782,9.201069019054295,577.8952716159179,2.4289766688427648,0.0
10.047806086569912,10.258374946663421,549.6314051489715,1.5085697288332758,0.0
9.297171528572536,9.873452080206167,432.7536106467414,1.5425968351726778,0.0
13.126826717664215,8.680502717492068,446.2448475941622,1.8770634095024765,0.0
8.363142668115998,11.967704687212294,447.6539124946547,1.7744865999030672,0.0
13.064735449356231,10.251773061153315,533.8984985448265,1.5114234058189377,0.0
10.999728247480743,9.046897153561517,435.76361167912665,1.5390388314294126,0.0
7.201387650396117,7.390821112399054,483.44878328959595,1.0487554407156063,0.0
10.735298585982843,8.21280997256176,522.7352198208387,1.333060266645007,0.0
5.799946984696752,6.717239768795807,496.69170327267824,1.655163064847688,0.0
11.251016033662072,10.02444709683034,512.9443757856353,1.633167851712866,0.0
11.770462965977982,7.606668815431208,446.7098644325621,1.866349725001226,0.0
8.815288088695892,9.468878974962918,529.7427186698623,1.4638496825330025,0.0
10.247095391911165,12.740203707220742,469.33940537620015,1.0838140459707402,0.0
13.908314867500572,12.398599145843171,483.76901628010296,1.8170191292327034,0.0
8.988506591476126,9.935446211794764,511.88658639529933,1.9308268038546048,0.0
7.8821848258867995,9.8258305477137,505.1539110765424,1.769473371856869,0.0
12.963326804925197,13.759749098842017,501.19900095077963,1.4509098987427527,0.0
13.92517438106159,11.041512240717422,462.4686589011622,1.8133158155629738,0.0
10.007391343695694,9.344387080246953,485.0225294400404,2.528673143402464,0.0
12.022926070816712,7.147963765759096,500.1091795418518,1.5345456943321427,0.0
12.682951831061763,10.787746436329487,431.24573834164573,1.1064789923264626,0.0
8.515031534923232,11.658647545165724,476.87335168433106,1.3241144851343545,0.0
9.029388329264263,8.736696950972712,519.3839939516423,1.6876428000912154,0.0
12.46174902630947,10.582405510276065,436.1281698077329,1.0185587067305812,0.0
13.370028557417019,9.272853410169942,557.829082579712,1.550820922473621,0.0
11.12576172034871,9.631935201601994,563.4806631299922,1.614100995094765,0.0
8.240371292995892,5.024355884875337,437.7424712019957,1.9605365219437956,0.0
13.974122223398883,9.55643719256773,567.880981652507,1.89305845681629,0.0
8.938058204376071,11.938738604816109,492.8209205643933,1.7593754375255313,0.0
9.329724437657097,8.737194888866883,520.9257279578527,0.8511962968456411,0.0
10.684675668979242,10.105052736430633,475.1674473935877,1.7763159384143776,0.0
13.10832084142955,8.48809858661616,546.152241361338,1.711654015818074,0.0
11.707951953104448,10.720883352585545,520.3047009424333,1.5767833131235038,0.0
10.829731000723822,9.566953604927653,459.2923371701198,0.9809333621563544,0.0
10.926577060236212,8.121516918635987,441.7399000017356,1.266967827243882,0.0
10.087029337286932,12.665102935330255,426.9848782395389,1.1499531691397802,0.0
11.116279029037013,11.85786402706443,509.3970888216378,0.8954974681478728,0.0
4.940879844611394,8.79018647214365,528.6235705889868,1.4991254545755617,0.0
9.406785081860404,10.995576618835555,532.5482839389721,1.2606533635671662,0.0
10.482643869833563,11.074824005640762,494.1009452696311,2.2875916740806734,0.0
7.697971832760986,11.284602470022351,442.1501772167818,1.449368418168627,0.0
10.77264663562312,6.6114882080098445,465.89626009881084,1.888125946759788,0.0
9.591057558027757,12.013213082065256,557.6174319480963,1.0292702925920327,0.0
13.510951396630979,8.860602074148538,475.76857176999596,1.340973124198539,0.0
13.146039450429713,9.284344133117466,507.1708815340738,1.5290693628102945,0.0
9.068388861763674,15.2757635045204,446.2174758212556,1.2275538154176988,0.0
9.698324576866609,10.603746761442023,516.8291522729518,1.3733397945585768,0.0
9.852104868783215,9.227355049105649,477.1157719160461,1.4346147281269384,0.0
9.096681047680754,5.589411254488188,552.3356356887882,1.4298276043665317,0.0
10.390049968056253,12.779528267892712,538.6778853103407,2.056535571910604,0.0
8.48343586222482,7.309580658382795,475.214702671255,1.613467885629453,0.0
7.738769330124947,7.993122193000993,493.6667986326168,1.643853168882391,0.0
11.245422447800538,9.337295401824301,472.4441879979686,1.661896432303521,0.0
11.259059168443622,12.832823583400586,429.0283401727495,1.6837879132011337,0.0
8.391368480680015,11.546479973331518,457.12787852263915,1.4751339048375405,0.0
11.790710861525199,9.68432498031948,509.910866386041,1.4037760885563462,0.0
8.736844541669337,10.616584127277642,516.2629749114791,1.5500448178554833,0.0
10.506330476075963,8.799228614257789,507.42739517963196,1.8470411846740418,0.0
11.640688025224913,10.279307379130701,484.9133473020682,1.837871456530915,0.0
9.932774870592574,10.146673489556273,546.6533302860493,1.4278804572934767,0.0
10.909481824282269,11.937539791362706,503.1770952280469,1.7303531084004333,0.0
8.967140712224857,11.934356244877899,535.1626914047973,1.4416246010880998,0.0
9.607066833143806,10.98795476441129,411.31124338987405,1.5101611648305733,0.0
9.588281138239319,9.275304884907795,303.8799874190829,1.3579429855337408,0.0
8.506843306919523,11.483644588780253,514.189401391904,1.4455064583281299,0.0
9.646451673768436,9.816063067593907,428.76171731392554,1.902399020864904,0.0
6.902763402272507,7.836171262573734,489.3774148643472,1.5277263442017708,0.0
9.017692505715791,9.193424416178123,484.8951479487697,1.5405847525656953,0.0
9.430249013260658,10.169053967568649,579.3700301207768,1.0658346662226126,0.0
9.48764049500924,11.820431567329491,519.9998276471803,1.4072268277101811,0.0
9.517005108258441,9.632943655685693,508.29295133993367,1.4276055288765814,0.0
9.876471600279743,7.581602577520788,541.8495577316837,1.2512569543669785,0.0
10.958883036172129,10.11348336659364,518.424879341952,1.506499623511069,0.0
11.749034148265045,10.226912080113104,477.1161503505783,1.3712453129317037,0.0
8.700469546303466,10.371675257805506,553.573796512728,1.5239987565730746,0.0
7.5935982892217115,11.83974303190886,444.5124936055863,1.5364509029456803,0.0
7.915911175513794,12.037846480179796,516.1623593766781,1.2132736926532066,0.0
9.025594157610145,8.811578255236666,422.62151029318443,1.3803894652550432,0.0
9.296157364366982,8.767713083902112,510.1971928757998,1.52321228482825,0.0
8.460007867605086,7.919602578089053,509.6494820886465,1.8552898293470177,0.0
7.407766671500211,11.397631340560952,583.8227480957331,1.5770157518387222,0.0
9.087758345051624,12.89764021667543,421.75130532791104,1.3014194460247717,0.0
10.362853240227942,9.369836144182154,469.9556412073094,1.6197014277731556,0.0
11.19005893167113,9.517138870550014,541.1341213287072,2.0122646667965283,0.0
8.885153893783357,12.933565113797952,516.7658628198653,1.7750119417767056,0.0
9.174004355713132,11.011115706430015,509.0152525668752,1.664257959130686,0.0
8.14660338230538,10.87247140960211,452.193214852073,1.7176770526446965,0.0
9.937121659250447,7.618166988052547,470.4590825954285,1.9319862124285891,0.0
8.30314273161837,11.357456138558838,562.2520504111628,1.822688038205298,0.0
11.1462556264824,8.141727318980484,497.4245403123036,1.6700281143352973,0.0
6.428267016131778,7.731959628130084,518.7679848072237,1.8205926658770255,0.0
9.280740655095075,9.306456846466576,494.24058356117604,1.1755046711207817,0.0
10.602214678383485,8.82841455310262,440.8457242375117,1.0493204242979157,0.0
10.367669032645008,9.55680061122992,546.6905213037498,1.547129595193149,0.0
15.386067327960994,7.118036730950163,525.1616192266248,1.5206042128951616,0.0
10.699600049135816,11.917632612935344,615.2818418683595,1.3368269839460227,0.0
7.991890806315979,12.255372589032858,449.22093101747276,1.7477558009483127,0.0
9.809071505821853,6.105315051718371,541.128646060024,0.9411409240646292,0.0
6.4475073330670964,11.9569156113331,434.42280169814995,1.339568323182659,0.0
9.838800501406478,8.378942740356747,507.8673283836539,1.3545133365367155,0.0
8.333887885998482,11.713951073965571,548.8253294531582,1.0091094644701621,0.0
11.830780551120323,9.863107014667168,396.39324419517567,1.9484193021807912,0.0
8.90091945080893,10.057551128161997,489.7533762879196,1.0922396194010031,0.0
9.766468168409506,9.629804701157562,471.83951329786896,1.3234979828076943,0.0
8.728884317191193,12.424258408466972,464.9021350852439,1.77239392734154,0.0
13.477702703706662,7.520823974949943,519.2606326129677,1.6938136030286195,0.0
9.357514467764176,11.215680677470017,556.0342853211298,1.167547591054576,0.0
13.665114086958404,12.2026603297791,493.33606423854224,1.704746762778191,0.0
11.628303524236532,11.432680161080821,510.274321378001,1.5869353435974665,0.0
10.964133454670772,14.649397828646835,505.7154376529624,2.19991066863344,0.0
10.73746629463504,8.942106474550602,500.0901753178207,1.6211821248204914,0.0
10.787594596432504,11.914609645187063,445.53286811439466,1.4576274536794405,0.0
6.14465484130878,9.78781872931716,555.4222300861446,1.2430494128641731,0.0
9.442233211698486,12.466812152705339,514.7597684079418,1.2767269899133287,0.0
11.690315942368644,9.984622008557261,519.7440745001289,1.2522692713595527,0.0
9.90220563305179,9.224248436275062,459.67451854872087,1.9113296441735765,0.0
7.18962030639285,12.612144407743259,477.03898010053797,1.5053909745049412,0.0
9.89519109884506,9.01687612196214,491.1932901144611,1.669574137192419,0.0
13.408211032510982,7.174548482198888,423.2937653275574,1.954274279994266,0.0
12.493783431069438,8.966306233652343,415.5982837401161,0.7924607573377606,0.0
9.875991981267937,11.238065893177065,469.9626034680716,1.8836621294101126,0.0
11.902898554116174,12.784077503174183,526.1260383221195,1.5166190735350003,0.0
9.266985959263897,10.222258750593024,467.34313050350295,1.6305145114921333,0.0
6.592256826346562,12.63639413446805,449.0597401204643,1.2514790334755246,0.0
8.15106802374089,7.2836501570448124,459.2657173381165,1.2734626804654445,0.0
13.125777537016395,9.113473070364194,477.23287884273435,1.6466537669438963,0.0
9.452013836341392,9.422849765691797,482.3070518589948,2.2153793400994406,0.0
9.513232041249964,9.770881145054961,608.2760726103278,1.8009939938444703,0.0
9.40032360745024,10.168188776500394,552.7310314243659,1.8796568764255621,0.0
13.808273179146013,11.381821914784386,551.2387056140864,1.442399618921574,0.0
13.251917830724127,9.11038632365902,558.4290182136691,1.3199387326243115,0.0
14.437560466896269,10.27805737390625,450.05895653329753,1.265758514526302,0.0
9.681909579199898,9.909754219351896,438.88176925063806,1.3535178825909937,0.0
10.59124897749419,8.1482201922177,444.65648542329717,0.8841652700488424,0.0
6.966714901158418,9.772666621837129,566.7253066668919,1.2825241971325194,0.0
12.95386885223655,9.712680940205765,472.64041055587546,1.3318940531820471,0.0
7.6644408974641305,9.669838869993908,437.4321908880357,1.4473925476815477,0.0
10.433551127525257,10.063518913162902,478.45018998900935,1.5395250329241876,0.0
7.805394944734312,10.151347081226772,488.06972341426865,1.6087352605876832,0.0
8.822266346522607,9.135409641785339,513.4206636847281,1.495522388267112,0.0
8.3254751379006,12.54542946794253,512.5475510356022,1.325567074097173,0.0
8.784249478648364,7.661038741593966,458.5909718063246,0.9109924070203439,0.0
8.921754593702042,8.558059783060207,534.2828196256855,1.3274074174794621,0.0
8.903462410149846,15.559927248447112,468.0403233124921,1.2082648086938985,0.0
11.666667823560614,7.92401729002154,492.18618316474783,1.6398200244835812,0.0
7.790274413874959,7.292490650580483,534.3387035251677,1.772786219008108,0.0
10.441082854027734,11.468953490002436,467.90892980278295,1.7815713201179817,0.0
12.435918304611118,5.845760292452252,471.5324288209431,1.727085820838346,0.0
8.973607270973208,9.529452180055122,529.5834024846565,1.4599422793642536,0.0
8.564162218504796,14.291649850152977,457.11334116974905,1.3434133303572309,0.0
9.538950749639499,6.910128155693199,480.7603988197965,1.2758691738998802,0.0
12.35945041672142,6.036071028522573,527.7871089021446,1.0477503250194748,0.0
10.388215261906716,7.001637596084604,602.7046220717988,1.7975561101523572,0.0
8.937571410784804,11.796719136693971,530.2702252381373,1.4475866886210076,0.0
10.96775330237608,12.249553439971624,523.6319881495006,1.126097911913738,0.0
7.795415700327153,8.974822406042982,526.5400791836365,1.2520525872869297,0.0
11.362719020885896,11.366424808002138,446.34048629664755,1.2399079630702343,0.0
10.817214615403536,12.78051065502398,505.7798369339954,1.512907345504538,0.0
9.384383057722232,13.57469282885965,498.5116755831799,1.8202403553212059,0.0
8.322828403105538,9.507329437640303,516.0792270186378,1.3956031351213252,0.0
8.226638155433086,5.397056564660026,505.82540262379354,0.8242399455649053,0.0
11.069634672691821,8.358242155180626,518.9849838708557,1.443245899452324,0.0
12.457961004978124,9.146391610129484,484.4266402550399,1.4531418299708412,0.0
8.72538450594241,9.482122406843219,502.93044586858963,1.4325239307193436,0.0
10.91677340710297,9.624281197982562,438.6085716971504,1.3117616500572895,0.0
5.8259459627958625,12.237789195861339,484.00463609985434,1.5652317242177527,0.0
8.830764538685601,12.548856853375163,569.5416774088321,1.5198423345447005,0.0
9.937882134258196,9.656652692150434,515.9404169814128,1.4925509057620059,0.0
8.180633166036333,12.196969752103637,498.95394813084613,1.6237924084328896,0.0
8.126987250420807,10.715322733262179,594.8061638127174,1.371050153055644,0.0
8.664440887062227,10.129011945725143,431.958251084946,1.354024299089804,0.0
10.584385456652747,11.813088314219927,444.527222227689,1.91403698687562,0.0
9.625341963187251,10.144504096475831,585.6355705638136,1.6678066229146309,0.0
5.523537533350056,14.115622354195525,502.2980468024467,1.74808381828284,0.0
5.758599694729868,7.123177666410882,487.87084818551034,1.8678313756002205,0.0
8.78626964428565,8.969658201815964,440.03978374521785,1.65778325418744,0.0
10.915373172107104,9.7469622060921,522.3848133197506,1.7785166037408513,0.0
4.504990314549531,10.878905380915981,527.2229934763731,1.026196451378922,0.0
9.000539647696739,12.535920974206178,445.27528195825516,1.5612461615988082,0.0
8.947504286965158,9.951202865527687,492.9862207224786,1.4451844614557017,0.0
12.776675556416896,7.1555407009875855,483.2242083983467,2.0033052272699425,0.0
9.229956376574272,11.68502779291001,512.7988573209385,1.77829365954099,0.0
10.765977969481856,11.509917532283929,444.0374878889678,1.310866442762046,0.0
10.282514280174926,6.116282681241188,562.5973727256578,1.6118382475587618,0.0
5.738867040385599,9.992391732658401,545.7911890798803,1.5503044000347719,0.0
11.536414433263474,6.819716338639404,481.84122206335917,1.6362994299456686,0.0
10.430793010912575,8.670697804995875,489.17906441808145,1.1943472591876045,0.0
11.01653727934918,8.1943821460744,493.1788924861192,1.6080049395714675,0.0
17.852475412872653,11.618529396483972,461.08457234967483,1.4315545952135298,0.0
5.831774121002823,10.233660348344367,477.8285290882482,1.5847349292166801,0.0
13.449393299522217,7.428817998487945,486.48648161626954,1.282684450463349,0.0
9.425104961199288,11.760131925914685,580.6434185353564,1.3244810485810201,0.0
10.574657808806018,7.132388352143171,547.3309154165219,1.8521526061100109,0.0
9.908975509397516,10.660227580941887,546.7327353668312,1.1845357324979517,0.0
9.151527333203912,8.371978661416888,518.4962806502195,1.2066736796873854,0.0
8.860334143522483,9.26864583493896,444.13364955343826,1.4845256228353265,0.0
10.659017471146019,11.008541496076768,497.925444771131,1.2684328874442137,0.0
6.965652606656642,11.042898798119058,548.524422980669,1.2344914103211604,0.0
11.501158335043531,12.67393814711192,437.0867685316356,1.5315227913624885,0.0
9.167611190229492,9.835492600657094,531.8276603436632,1.0484802429288886,0.0
7.739861321919284,10.612901725926681,616.1304612631383,1.1976113295259085,0.0
9.099974284008372,9.12452535519135,553.0908322994866,2.116228674877093,0.0
12.514298433725145,10.363979765245595,570.7014567780993,1.6378425176907028,0.0
8.929329825967553,10.878972096017023,510.916937522108,1.2760309943190267,0.0
10.71690723641924,9.803380305091247,548.3965974382495,1.625464523479859,0.0
8.538087448569053,6.3924990318150074,464.1073392822982,1.6701991430959888,0.0
11.515843699847238,10.66294179266179,539.7931906170613,1.7983243260270716,0.0
11.371015477580409,10.729122954710913,532.7194067030382,1.4618531911629808,0.0
13.697217666592824,8.639653047304098,514.4955587018832,1.7929493108318668,0.0
9.64887210900157,7.431225927854971,565.8003709859249,0.8884660425353482,0.0
11.337309609515813,12.951758301007931,473.0607581076306,1.183107560857274,0.0
10.196135079077889,10.982891021788804,490.6471241763169,1.5491614205209367,0.0
12.591743563726029,9.541837938156581,504.7731020679148,1.5988900598423375,0.0
8.56233522478254,7.725934233705026,448.51945144552997,1.2264653136994075,0.0
11.490010625754563,8.356370343157309,511.3465971900124,1.5778259973789477,0.0
9.610605407766636,12.605180793572464,414.05347935230765,1.312847925393822,0.0
9.871623645783005,10.275323881736092,552.3477267214105,1.4169122717318503,0.0
10.183504968896745,8.898825865998587,502.3318683282983,1.8074321401995033,0.0
10.504480792853355,11.019378462449312,473.9553548048118,1.77268124906658,0.0
9.767541913756084,8.371203625107352,458.28131938524393,1.2008819017910213,0.0
10.429426366341053,13.001686060560758,488.2710485190406,1.182824561393969,0.0
13.156236115124369,12.70560106979345,534.4129855386207,1.3766479813340051,0.0
11.970899371230438,9.066851857594447,527.3869489368781,1.4919761096481226,0.0
11.738309184993794,8.74265950593828,464.72310263607693,1.3026304534275777,0.0
9.088920947952259,4.76373360261544,457.69801636861826,1.8121927328399003,0.0
8.221518343543352,7.036838456897264,532.8449353159824,1.6042169525125667,0.0
11.910601116475506,7.321060450084488,463.8826297692485,1.6218255329623288,0.0
11.752093585059589,10.270380681974771,502.9954887039752,1.1200383513165084,0.0
12.945341351501964,9.34753259111728,506.18773212621386,1.850187215215134,0.0
8.792038748061541,7.309329025169517,515.6031065863369,0.6539493533277928,0.0
9.540902689279307,9.437671915070885,542.9135215090936,1.7502166355548106,0.0
6.721031674949131,11.010674295294697,436.85185315663387,1.7802935213012314,0.0
9.215057787878255,11.055678699831175,404.44203373697565,1.3702796438166116,0.0
11.993141021158895,6.200659438282237,471.62763593858244,1.881873065174227,0.0
9.067009241543603,9.743473039032338,590.0764203916093,1.4810707341136962,0.0
11.280959590401647,7.23331844605678,601.108705004369,1.5187295109982328,0.0
9.618993788004378,11.803457394280548,591.5588567782944,1.6018586362212648,0.0
10.648114056443122,11.568292832706996,490.3509316119655,2.4559724735433166,0.0
7.704617220368665,8.203945547351083,410.89424590075856,1.9033301724249012,0.0
10.170418899267801,8.4679095951992,382.84804491740795,1.7103393602138754,0.0
4.0177280581985535,9.077465899003386,469.29809192252947,1.2261586540196414,0.0
9.62620768367603,5.494413210537322,490.09631849253196,1.5430769476438477,0.0
6.73905351256972,10.671936346881154,565.0312700527979,1.256062771846084,0.0
12.411989033093633,9.454310907319739,543.3902729771223,1.746633254184844,0.0
11.554814705529022,11.940350165135719,511.370253949581,1.542140092720457,0.0
10.933341963932161,7.803181564074895,455.50776145294293,1.1626434961158314,0.0
13.04201245431876,8.761754103500136,451.9610220877555,1.524337375025551,0.0
8.102166958350326,6.986949483921769,512.7063843535718,1.2451747590851083,0.0
13.494726395831115,7.991418873011494,534.8525489419864,1.545364866401264,0.0
11.86438312852077,7.636036007863562,519.5940631122792,1.2422768050904232,0.0
9.526889425562107,11.991947357692892,448.27010201966726,1.5082462900082438,0.0
12.271240294365889,8.603476302497215,532.5333814396043,1.7251409585805284,0.0
7.787412975176732,10.248351369489226,521.2955483550705,1.4840844024224682,0.0
8.350971676944653,9.238473192276391,446.4666796904911,1.3827335198482833,0.0
8.7828205535206,7.461069467974374,460.7839514849872,1.5609828663172387,0.0
8.942044583871969,9.663399153656714,534.4247987280784,1.709154786237856,0.0
7.8868847144794945,11.19820666372719,488.27462324270545,1.1678450190354719,0.0
12.44616613419065,7.584481214913295,579.4573650818229,1.5781968464115608,0.0
9.482291199260336,11.618225581462758,525.0564638032288,1.89526224570522,0.0
10.70500993671376,8.300558157044607,475.66844059053653,1.6720970889830147,0.0
8.85929726717264,9.034032147854319,499.48971998045334,1.5173262440001682,0.0
6.358793398902966,11.061366246020096,503.1691696318859,1.6919212520096685,0.0
10.540114716782844,8.673127685561024,463.5804843379145,1.6357489368308047,0.0
6.175490049160446,10.075149718671732,454.3705900911187,1.7260803327479441,0.0
9.862731907829064,9.370618342423816,535.0694946904749,0.8928205167051168,0.0
7.263369922334379,10.258736013407637,542.2636648521047,1.0339631599010204,0.0
13.974551998461616,5.238521788953006,530.189073477648,1.8014487448449712,0.0
11.822725444349443,6.340636369583834,575.7659047161901,1.048416247151568,0.0
10.21150758254296,11.231934012093676,472.9113381994199,1.6204615907157616,0.0
12.527413355309337,12.074362811298101,583.7135383035566,1.3943851031903125,0.0
8.307368045068529,8.179026592936957,454.95394407229236,1.201143226321201,0.0
11.086958757340186,9.511943295657732,449.36572183157534,1.604894927144242,0.0
10.399620867437427,10.589438505804603,412.0020558925375,1.5603100511149712,0.0
10.52804016266734,11.386435203317408,477.71023430865915,2.133102795628913,0.0
12.544707000213535,5.944645456658303,474.81388315852735,1.3125566386392333,0.0
11.464984205559604,8.227919506043246,526.2968640127325,1.932033036020752,0.0
10.577447325650047,9.33484124030025,512.1945470810225,1.6057268743152944,0.0
6.690225127543408,11.406280394472098,440.3513314490432,1.3016934355371863,0.0
8.079907409441073,14.99686096744299,480.3636880787091,1.7397739372551735,0.0
9.754582132808551,9.543988546380564,481.42689894561573,1.6697215513361854,0.0
10.186744748553302,7.1860450757920225,411.20088765190536,1.5107529884574147,0.0
7.739592550652152,10.804536154402596,450.9526636493315,1.5798886069321871,0.0
14.823353351156843,12.64199157908142,461.4593184692955,1.3209038906863406,0.0
13.032788110507145,10.216028241959002,571.6812509910474,1.252263862423648,0.0
11.204236640784966,8.186702909691414,509.5725357978676,1.7278326521467748,0.0
10.144073722567489,11.915987882960039,533.1084376973749,1.4328181727060179,0.0
9.575582060197696,11.32709123699687,425.0682251425394,1.4759751005252721,0.0
8.096163079955529,7.947838311608751,559.7107241506995,1.583946478783283,0.0
10.154961037037726,10.762851235068684,565.0551031512047,1.5795865034351424,0.0
10.515505080285502,11.994531135317745,400.0827516427687,1.0712020587077806,0.0
7.516478849036751,12.363780085117787,464.7341638042076,1.8858756259364577,0.0
10.668352834489795,9.867102049381089,524.7882786507755,1.5363546455702035,0.0
9.689481902350503,9.283841107641361,532.2194226769091,1.4392040211533552,0.0
6.184384884245218,12.454547644162526,466.0752634756389,1.629253801550924,0.0
8.279229978440997,7.57967899403823,484.72502684731734,1.570962658084459,0.0
9.172788933156712,10.87715858184201,470.13094694774287,1.7301188068469107,0.0
13.775375314680382,7.259946745271142,505.520902347306,1.6613951016452824,0.0
11.113106249067517,12.130752544519206,559.8589265730957,1.71535386869888,0.0
7.329036861800217,9.483908968777676,461.4478921429398,1.9052981717182549,0.0
10.972072578835274,12.537166471294938,550.0410248884207,1.7650873646912917,0.0
6.905392022123269,10.982825512711054,460.91639638265565,1.4518541339014313,0.0
12.165382107774146,7.55355953987614,457.6186393751558,1.1631296531769502,0.0
9.057750696364243,12.849255464154487,540.9297309171607,2.0003393799013542,0.0
9.812727622521658,13.102490532855459,546.0968189003809,1.4286829879958662,0.0
12.65159329508438,11.76457298519843,542.5704968381327,1.3580677759918434,0.0
7.4256728628315,8.47682426992756,434.21012958909296,0.9789819546706683,0.0
7.205763629774017,9.387972091285182,476.70245109639745,1.6015419315936334,0.0
8.83280134730799,10.29085443481152,541.1494296001661,1.544665981186131,0.0
12.076757702038634,8.592579201337134,502.0770920281947,1.0454655191251558,0.0
6.961307849046316,13.384693144926409,446.3153576901268,1.6359822126399528,0.0
4.335688803778862,10.288652943452073,522.915896956272,1.3505424237895682,0.0
9.097682283182003,4.593303905785286,464.2596370504265,2.307094502186608,0.0
11.10348159982184,10.67871162551244,589.7262424196106,1.3291916423727395,0.0
12.400523499477659,9.303685206365374,577.2420731209129,1.369442000340662,0.0
9.073677275829201,9.850146887763104,530.2048713177784,1.2375671327236897,0.0
9.177146785767995,9.262761268428601,568.0503352384887,1.8833629563125915,0.0
12.307801468511494,11.614092833213375,503.23956750616907,1.388167261660574,0.0
6.260516600609159,12.239375557106762,538.2718747187508,1.282525753870351,0.0
9.222958449633982,10.566106324517307,573.8860147651037,1.7120865029761627,0.0
10.380847779850116,9.321377625723683,512.2749340897157,1.0858941193760445,0.0
10.898437442570069,9.91732559038166,487.2406414242858,1.6875331638746842,0.0
8.980386613618235,10.039199233155257,414.76890209114424,2.0344199149802575,0.0
10.068882023411682,8.395139920270326,495.8433237139253,1.6699823498505266,0.0
5.023345293174021,11.15785729714247,541.1711592281156,1.6913694948779774,0.0
8.683503175332303,10.920084647720932,547.2816713783815,1.7610180650722451,0.0
10.907017425108934,13.080882479553347,525.2182532859205,2.0129124086026557,0.0
8.035411931490641,12.510699560576949,472.935045251888,1.8629681880057314,0.0
10.117968443179194,8.628650164819739,401.1589215526205,1.6319009166819072,0.0
10.893745001605396,11.640596749017929,475.23924509976325,1.7711674201908005,0.0
9.31490159828447,8.098093233811056,484.7827564473024,1.2342195223604668,0.0
10.340927541993143,11.391864201881699,484.3535516404993,1.7328880772241966,0.0
8.074534869430776,8.966771602479785,530.9278178488962,1.1983332086448757,0.0
9.586777440607907,7.953493553248832,599.283820550742,1.389893274410512,0.0
11.220432339178444,10.560090685394808,506.17646009205464,0.5752313474570288,0.0
10.313945921936869,4.6508657436917185,489.1634105421769,1.6204288978102386,0.0
8.826937460872129,6.4980488511895445,487.03890934979535,1.3068383966674941,0.0
10.448432808581586,9.645016232451434,506.2192383453857,1.8333435645613387,0.0
11.429219581273236,10.164883533269684,458.58531198258004,1.6170577831816209,0.0
5.900117442845044,9.261362459683623,506.00992793730273,1.8372287684104875,0.0
12.318148129911796,6.841127402564803,522.54061681659,1.1749210365982388,0.0
9.327490522637856,8.364216315722988,510.4843031787244,1.8115158111478897,0.0
10.850979866480461,10.782418654474787,522.877096700239,2.131756903308998,0.0
12.394493847290455,11.163563541256725,521.6873804674268,1.7292474899795682,0.0
7.2566526055390685,9.967553764808118,411.4051658876778,1.7371047026076867,0.0
8.581117995144908,12.313667562073977,531.8435079197701,1.5508793029184804,0.0
9.42290260824859,10.794794046918469,466.4492577168773,1.3425993658303907,0.0
8.432492957751144,8.505088692083575,445.2080418498021,1.7283577118104525,0.0
13.469873151673617,9.438995893176765,444.7774086072502,1.0481751268793795,0.0
8.286455812346414,7.194267685584291,521.6770805236265,1.374673462523755,0.0
8.888906441026267,9.783722019217166,488.87125363875737,0.9686829592988454,0.0
10.408778063205954,12.224201238442678,415.9015608007295,1.2889030868054752,0.0
7.595700947847822,11.370580169421936,523.9018907596142,1.6926135275680683,0.0
9.208638576487472,12.804018651838245,428.0195934600586,1.6516180128661389,0.0
10.63490652250035,9.394229512402013,506.99106792591056,1.5152741086606418,0.0
9.334279191234977,12.692199589028515,511.92494628365273,1.5511202982186032,0.0
9.813226282200104,9.61339154710406,544.2788540847522,0.9342406146407373,0.0
8.941335775103258,12.943170165139788,589.0842393233426,1.3882313158287256,0.0
6.971059381638466,9.956286505115752,431.76618370497295,1.295594518069437,0.0
10.643186422678477,11.414462747608553,497.3763071968475,1.3022820928456378,0.0
13.509866143294483,12.95022472861971,486.1832352477891,1.679873588344126,0.0
10.036803261566876,9.613144742837589,521.6874842980482,1.241847802048407,0.0
10.4505282344951,10.436777975088349,510.78343854668094,1.3185957449617767,0.0
11.385445510233719,12.577726850412605,482.372687863169,0.8738792262871451,0.0
7.461339006906602,9.733993672139873,477.95489056945723,1.411763045887149,0.0
13.405029316259212,7.358215434987677,444.1774572407976,1.173648735685914,0.0
10.404657592845604,14.28601410916982,549.3930791203254,1.523760878606893,0.0
13.263713798178218,9.060471071325725,522.9602090799765,1.2146675859772607,0.0
8.533934008952022,10.317512101875085,545.8884098897569,1.531362673664765,0.0
13.63612384511565,12.312013338902254,484.4801931762243,1.456594271777297,0.0
11.550310988069565,8.783012192537596,467.1582265652785,2.0016125319126963,0.0
11.106080171704717,7.98426417355574,446.08424666853864,1.649165394135958,0.0
10.468048908706296,10.507474593549667,517.945879187033,0.9481086382313091,0.0
9.5029427638511,6.413847204175221,448.0103387735883,1.1205333467691876,0.0
12.401063316947745,9.424187846264159,592.4331534483275,1.5165624026977,0.0
10.280719739696094,10.490077328630813,434.617870945328,1.221045615482205,0.0
6.065860592825695,9.460096206349672,513.6830059606251,0.6094894709292443,0.0
7.765627076585995,6.9130981136285055,578.3427353606893,1.904863894150123,0.0
9.628308495614505,13.188355912408024,529.9544879631904,1.7160672050716224,0.0
10.61999796633111,10.207076307898351,508.78368562458894,1.6562930620475314,0.0
9.886823022200208,12.862304235523482,451.5758176519052,1.3178030863587256,0.0
12.437941579587326,9.47992749963911,430.9115405716148,1.628303031302979,0.0
6.09779627192275,8.239976036618472,538.5025054458793,1.2886919027337356,0.0
10.28717587301032,10.53836184051032,575.3073620387473,1.5614571900653071,0.0
6.364041549225691,9.56842574734356,478.05750047609143,1.2238250322490567,0.0
11.519424590968336,7.644477084017284,443.04692461918245,1.9548865351668043,0.0
9.811082571115994,12.93956851757499,377.09152847254904,1.0289290037754466,0.0
10.839219944048237,8.755459554212008,450.9617578168731,1.8696851488532493,0.0
8.272234078820468,6.319467230408863,494.317157875048,1.511674748405199,0.0
12.558929863315502,12.656332107914665,579.9561620418367,1.3531599013974027,0.0
12.083449328117702,8.991403968374753,533.6566846116484,1.5501008765087214,0.0
11.167088606023775,8.784352214768752,515.2542702353377,1.7200044021534542,0.0
9.740965506273119,6.469224825940052,479.99401693494343,1.910024021008319,0.0
11.159714570590264,13.481882973193981,470.8417141372022,1.5939429069400597,0.0
8.586214864025303,7.421038825580625,570.2823798753982,1.2327911744213167,0.0
11.711111318041425,10.1168989614113,510.0369270379195,1.5166890371297366,0.0
13.298961788647842,11.82524064508088,394.86996540394887,2.045037970998712,0.0
12.141221119958372,10.843433866006194,466.32301760513786,1.9043034256537872,0.0
8.54079506038518,9.880691376015617,457.0891984114187,1.7726290434373075,0.0
10.722834634546206,6.596668283425167,472.68679954112673,1.738706106036716,0.0
7.4137169124827045,8.380550328465432,528.1455330142543,1.7098350271819625,0.0
11.144780622351352,10.375600676085044,494.62775591028753,1.847626450352961,0.0
10.901206825725078,8.425651860026008,496.1567296498169,1.3630113642834285,0.0
6.260367320935671,10.406718919997536,565.6736580662619,1.093474180267498,0.0
7.676432312175272,11.363486817630283,465.1769455106656,1.5207010502211185,0.0
9.433722206512465,11.925005771600203,593.2099762943675,1.2547255239666928,0.0
9.398280505718347,7.547641284374633,466.4346204314457,1.1834937733868447,0.0
7.58104612916239,14.393292109957908,504.4599098306286,1.2839164270236205,0.0
10.777957458704368,11.534958689108262,485.93982022986165,2.245594177360106,0.0
10.502947217881024,9.996571692661872,506.17095667504805,1.5408373902227532,0.0
9.611461736042962,12.17907316615328,522.2295997536564,1.6085723509082965,0.0
8.488416999683274,14.730815543999947,521.6917620044438,1.1332911578987237,0.0
12.097414252833127,7.122559797886261,462.344133468971,0.9468741123622111,0.0
13.310814226176591,9.549474715017293,443.8542661276215,1.2542842070643583,0.0
9.032877032306926,5.243136680253343,625.1585895452855,1.9314586755626244,0.0
8.775666165690359,10.38530306529605,475.80078301997236,1.6002826398229564,0.0
10.982415330823992,10.730788483850281,534.9606219335993,1.6795785274333177,0.0
9.283941240506028,9.921675769114481,419.61793447384014,1.7215698117606184,0.0
9.721205598673532,8.69093285800338,486.01936400476615,1.3225951860605167,0.0
11.479306303449343,5.9009709676233495,493.64003080087787,1.9163896751920102,0.0
6.181287824985414,10.747067366823538,523.6407534963917,1.3101577202333454,0.0
12.636604649705339,12.91086896783065,363.87729295040305,1.9218697077787659,0.0
10.145361048658682,8.817963088533135,508.3070306539165,1.6326906468406022,0.0
9.17701371087564,10.88011985804629,442.5129272316054,0.9632864537261033,0.0
9.821531691557102,6.863711373159899,516.2172855597462,1.2755971540198394,0.0
9.924858710041038,10.914426127385028,448.18354015809183,0.9645184401383686,0.0
6.537597393110149,9.213235404510685,457.22586520372096,1.8489846398382626,0.0
12.989876454906472,8.47516409879417,486.31861948033657,1.4925793737592796,0.0
10.082651264541237,8.479272717567738,447.38352651984025,0.831497268015066,0.0
10.886004260894751,9.21277683593398,476.22327766323224,1.6127240645158976,0.0
11.903099541148086,10.76486663138507,440.33121157283426,1.338850721283504,0.0
7.9576750848794,7.375673597608964,408.34147741506365,1.0548582434900031,0.0
10.946943798070457,9.205769336864295,550.897852621468,2.003389751090609,0.0
9.464717818202413,9.917056444001705,435.19756535880356,1.5321857598289736,0.0
11.693541550432988,7.801921550936282,491.0659556196008,1.4119705793060062,0.0
5.745545159297009,13.593330403350034,537.6445540746893,1.380172565704195,0.0
9.801811399517462,8.293009039877317,469.25279487419783,1.0460161592526682,0.0
8.794358688432077,8.661126172733018,458.7417050127231,1.1086353301247671,0.0
10.86452590126831,8.043384100355004,511.31190443337107,1.885475035462525,0.0
10.940088374736405,13.596960174276235,555.8966911363576,1.3578351390642842,0.0
8.584748210355947,11.105810457198963,441.53423674567654,1.5066203102810591,0.0
8.575652271647913,8.126815987512716,492.4926083991281,0.8867008571396776,0.0
9.77866926288534,12.212463117719938,413.37527025163365,1.1045723892613484,0.0
8.206715545369583,10.401397388577756,480.3399498158905,1.6829437559624258,0.0
11.683967390904254,10.514506842223003,501.71023422690376,1.6133135280341502,0.0
9.261585599105107,9.311045582495094,457.26876791224674,2.0260125596172944,0.0
4.186023561356717,8.501168026086054,477.1504083087384,1.902886899489368,0.0
9.250355886756388,10.675532198109202,429.5886615846275,1.4307867082545531,0.0
7.922912358312056,8.90982554000882,503.8539305690747,1.6418860694139812,0.0
6.737448369078109,13.63351125915021,552.7847124441575,1.4050189671290778,0.0
7.525146723554855,7.461417789513792,445.1428065114768,2.1164429455915945,0.0
10.21881694366594,13.072313545709891,468.8664116723809,1.8447044088157198,0.0
12.657281656496462,9.777362302404399,525.127312322709,1.5509055272573253,0.0
10.62636894772996,10.598171468042212,560.6045359661368,1.5601184354629054,0.0
8.78699322356852,11.666315533258869,425.3405093895534,1.9334550861779425,0.0
10.911808390341406,8.739501409991128,491.56076312920254,1.6738733541341542,0.0
9.081819379562017,11.728496769397273,514.1565411159762,1.9675884051210257,0.0
8.61079926167371,4.5849122892376455,494.8971804685576,0.841905622122338,0.0
7.691274663534031,8.560020933556121,376.1603966561456,1.6383684784496395,0.0
6.496342386496561,8.15187438531787,525.0545004654387,1.3453695405955846,0.0
9.22015258688111,7.492987975256477,575.9668175545322,2.0269133962883976,0.0
10.316106979840264,9.570090323842098,505.8330875584752,1.9639196061569488,0.0
9.80675265997022,10.771499936363389,448.44469733528683,1.509850742730392,0.0
9.168066144105282,11.405319996998612,474.3436376817858,1.9606892936433096,0.0
8.108507878606439,10.481753514400815,588.4956533827797,2.034934355997752,0.0
11.216492383369937,8.668613070212906,545.4981270430279,1.5223220015778443,0.0
7.36573616010683,10.738032875650335,532.0013309192165,2.2415801317295574,0.0
11.552055827686951,10.248571389701702,517.8206291767189,1.4905976541990833,0.0
7.99556596214655,11.872112335872032,466.9431443904514,1.4356437148992274,0.0
8.49512952529393,11.553873405863033,489.97144096721155,1.7597617765753029,0.0
7.066429618768646,10.060952827841257,496.1038632160742,1.3938627806573058,0.0
8.997195706228727,8.205493987677487,527.4787158032221,1.5256019327384682,0.0
11.950624916955958,8.694099688335838,575.4459447133452,1.922830327215273,0.0
11.031256176887913,8.900421280723933,555.9169068396563,1.505765655665181,0.0
11.95684422405607,9.369467332167488,429.03078221019797,0.9914946621074078,0.0
11.044285091867872,10.536100855179507,511.1997484450524,1.610195816354759,0.0
7.792660342939262,11.430348780256116,536.8381672583948,1.2911119262842816,0.0
9.338421551344885,9.897762613969245,530.9430165072317,1.7595813471883637,0.0
8.439601741765074,10.032249575800945,468.538311830629,1.7088569147478736,0.0
12.66114980807808,10.286612610000008,645.7054607884181,1.9414201044499566,0.0
7.606422707147377,8.96818937373532,436.14577188344407,1.7722596902378092,0.0
11.787395378778221,8.149215484714087,445.8405776666975,1.8270732850974194,0.0
11.785907740217539,6.48912420537858,511.6797540630788,1.299270971958686,0.0
13.659240403432175,8.609701283846256,605.8401527481926,1.7411959487671507,0.0
9.180626814741006,10.946290906535573,458.19025746479144,2.090535386808087,0.0
11.424644319160324,8.594177123920865,486.70858171765036,1.29340502740897,0.0
14.563303673077685,9.52438592514812,553.8646836507846,2.0399214875181295,0.0
8.764716646132607,10.932862574824634,499.10689225561333,1.3351949726396009,0.0
6.929919504935281,11.041378992845338,483.26980727348524,1.2444086264850078,0.0
6.239979932184473,7.840934295667922,528.281645094336,1.5888601330064513,0.0
11.425424057722662,11.994118712907284,513.6258995114797,1.7147731248386429,0.0
6.233699583882832,12.254700178710971,551.5219392818395,1.7735250371916795,0.0
9.255361894124155,7.74030028556288,564.5734444532682,1.2114712737680395,0.0
10.874626374077922,8.352326260717692,515.350153000268,1.630362029176287,0.0
10.370351073659828,12.382181366292382,514.5866362689154,1.2943336285549485,0.0
10.850889728368344,9.706292957489397,510.7055491143067,1.053323323178827,0.0
10.444579711601708,5.560444105096298,524.4565278324644,1.2213791053401646,0.0
12.557731626626786,7.200636990534628,502.7585318935732,1.2747298902132544,0.0
8.095367238522407,9.501260749655037,499.9695758838855,1.6564785481057522,0.0
8.646009723082937,7.673914699430796,559.8313560413621,1.8456640989206006,0.0
8.454681109458352,9.173152458727117,575.8058090177522,1.0580380110374201,0.0
11.66038362372522,10.064792427367157,424.62235276832894,1.6055883222624168,0.0
11.800797176790127,12.924509208069457,500.50105758702847,1.146990544268728,0.0
10.902450638637017,9.419092167544422,465.56527832773827,1.6887256227042,0.0
12.366987333779855,12.145083599145519,484.4514266756964,1.3131808256988757,0.0
7.643918265247239,12.85752032407354,520.1258104867661,1.1846012945930164,0.0
13.334448223102275,12.868619338704152,533.4719185771235,1.7398993546042725,0.0
13.046477243424516,10.569509186771137,494.39367781943275,1.3239232183664715,0.0
11.471243994491493,6.073421704322051,404.3329832638599,1.4052108145941906,0.0
13.56359781754212,10.921649730807731,451.74772097119103,0.8340032737330871,0.0
6.686753584644452,12.096799775627082,544.8249835100083,1.7839654084270422,0.0
8.951103727474695,9.837865789129166,362.9786788982534,1.7462725563507322,0.0
8.529393078636096,13.489167740150497,559.3713575841,1.5016373532843943,0.0
11.442958647514686,11.719667122934915,526.0614995322271,1.0417257175932724,0.0
7.899718520795709,11.136546754305568,565.8088040765011,1.8628107535004288,0.0
11.51499029867497,12.172761422411675,490.071540655952,1.3001209840917627,0.0
12.741072287993427,10.666739702521756,396.92972879885474,1.3639939649698236,0.0
11.390405800167999,5.014379001209293,521.518132075325,2.1936132169078593,0.0
10.567502047323002,9.001722097059268,563.732656201917,1.2889090667672312,0.0
8.024253318198502,12.394336054495707,546.236090275671,1.72266298872795,0.0
8.306298067749271,8.384817319803409,466.8654258255982,1.6686276786247853,0.0
12.499237810593334,9.553054989526121,504.33805377313234,1.6170516578640255,0.0
11.558698007810666,7.910327372193858,473.3581865610038,1.5846001627663533,0.0
9.921960961244912,13.567845190403538,459.0366767905314,1.6129165685667597,0.0
9.164180908468218,13.36298491483603,547.7694285589926,1.581582177282162,0.0
5.948384253777246,8.232262209718542,440.1233844367419,1.4844244923671817,0.0
7.858295162631123,10.294596000778167,455.3091784709194,1.9533849372332226,0.0
13.822838174279447,8.639011904471905,444.7987183263807,1.1062018317602165,0.0
7.439088857995067,11.229889278062757,425.48762383504766,1.806437431204613,0.0
10.378959642442162,11.019366154484658,507.3207145921302,1.7467026896062654,0.0
12.014887946390397,11.62341114322653,558.0751524240987,1.7095197363988204,0.0
7.4901546639954155,10.663836895415775,490.7561621877367,1.8350938282920386,0.0
10.369420949562167,15.870812412776935,424.71260997179166,1.4722201814194822,0.0
11.87583107502131,7.944152469978523,541.9972269871014,0.939307777251937,0.0
10.0249986438145,6.5787932911269715,584.2850877017486,1.4783122020856543,0.0
15.736806111333536,9.213819598597077,467.6878837926703,1.2026417347126337,0.0
6.6628014822436095,6.864023468879465,476.0722866641141,1.2804422370425808,0.0
12.117457059767759,7.015075459988014,525.7830315041697,1.1272740978502764,0.0
9.654396525207071,7.9973706916040666,581.0936873892525,1.3567965424668498,0.0
11.54384030967335,8.155622189136745,474.0082927137387,1.3210128918049653,0.0
10.882614303398492,8.09076379609988,433.37751095008974,0.7867290510218693,0.0
8.533687605780006,11.036437900890823,531.5709303136204,1.7100665733846867,0.0
10.45799278491868,8.987621877829328,539.953403657115,2.1660965574014646,0.0
6.284197097203426,9.640970850255039,500.3065725217613,1.6818711580488865,0.0
11.206495001142788,11.78846554900187,472.09333701712745,1.4391228130397318,0.0
10.59631693198105,8.467354950437148,549.7189365496023,1.4835760812971353,0.0
11.277320337286206,9.470908202590556,526.4018002273982,1.3737042395960473,0.0
12.1162366501743,10.731519972185831,461.57822415482536,1.5270124751600875,0.0
10.735239680419422,6.1168643987595575,502.45473656528355,1.48889757177803,0.0
10.296178839596552,5.230188982098835,432.4146233987677,1.2476854708805116,0.0
8.237863326677415,10.692234657595446,534.294522821896,2.0048665166843493,0.0
8.575558472701898,10.984028561133798,486.8883215308572,1.0538537292870687,0.0
12.373469240354662,14.128440269704821,478.2144583807631,1.7154994629582738,0.0
12.872670811411957,10.31618975173362,498.3562757423783,1.4696407118047405,0.0
9.523779127375892,11.63947943451619,502.0153849665124,2.0702495445197235,0.0
10.092005494506548,9.609054712828053,544.746503078278,1.6022593797744664,0.0
8.190771250012467,10.594454443170173,529.5545265662611,1.3920283388450256,0.0
12.34551369053489,13.334513683499068,492.17953606035985,1.4256878404696507,0.0
11.330833647383557,5.752014363748729,538.1834074859497,1.5119720083559283,0.0
13.882434872927497,10.827232515143361,520.0368626845807,1.1571627915010798,0.0
8.243353845640522,14.271173460154731,478.67001818569815,1.2699391424646265,0.0
9.243984201963565,10.564068438418685,493.7640920881757,0.9645168092424428,0.0
10.462891845051145,13.301145926465695,492.58885555784394,1.2231069304877717,0.0
11.292979075451541,8.741575700941116,525.2630671587101,1.528171944498135,0.0
9.568664724904735,9.935905011672572,481.6488692639179,1.5900525147853564,0.0
8.254077819092599,10.067049404777174,480.47954067891834,0.9062010915010794,0.0
11.762815057847142,5.5648178412824585,598.4378654716979,1.4588364890867398,0.0
11.442270725091163,7.6636443442996,546.9867740873552,1.6690229852466396,0.0
8.16745179887255,7.806249841232027,461.969966778743,1.4511263419871294,0.0
12.710885602210992,11.644132156065055,528.54704969711,1.3098634062666599,0.0
12.340397418393207,11.74430621136811,505.91750328275884,1.3763516564855358,0.0
10.268592994495586,10.648072885413066,519.5775587630047,1.3377709935068334,0.0
10.159195724752072,11.648205793711412,506.8670662282552,1.3089808322675829,0.0
11.108115542231815,9.671701174556452,559.4821322742617,1.5521470575734546,0.0
8.276593859487484,12.403863339079086,517.2810172325723,2.1923064683206355,0.0
10.060062958328164,10.017576885264143,496.89556508928564,1.276890024928445,0.0
5.695232910781639,10.115728094853512,552.1095288491508,1.404557210201572,0.0
11.752911291005871,9.468814733475178,511.6642520543936,1.4844906181874304,0.0
6.877013555116282,11.368900955272856,506.0739289664529,1.2937936696925119,0.0
13.006839656857998,9.157602366774174,515.7011301243057,1.829470741057028,0.0
9.339759812067099,11.952862754396136,495.3195488316817,0.7887343880080686,0.0
9.576666036137647,7.735701718567986,500.46134964977347,1.3406822488863974,0.0
8.74453218783099,7.802167490543612,470.66527056190637,1.7454941208959887,0.0
9.423922252155847,11.374853510253008,462.4416390188061,1.41177170748341,0.0
12.837062690296072,9.822911570833975,450.07148067587804,1.2537483123449127,0.0
5.024382686929841,9.092217167693743,430.4008356601462,1.6322270263316292,0.0
12.553930772176376,11.780115464950919,456.0141319307722,1.7719029706191456,0.0
10.676046962203417,8.78547717182783,491.2866482766537,1.5631906335645176,0.0
7.585956704285569,9.59959749139926,505.1558791222819,1.259633892056135,0.0
7.849375213901524,12.798455900142319,486.435171842618,1.636860995745523,0.0
13.352786054416406,13.0782846916213,382.21482549363213,1.379385209917563,0.0
8.108986240114538,13.144796420540654,578.7293178881171,1.7235560645681482,0.0
7.693298978808081,9.435748446132177,554.3240061445191,1.9449776654569773,0.0
12.274629084729458,12.46140580996894,522.2879925608564,0.7183269732934402,0.0
10.677105752571828,8.102094344462644,595.3745336276634,1.5333202419586898,0.0
8.124148846927202,8.186194250555879,451.13179412581445,0.9792798189157118,0.0
10.433249950809238,5.299088294751278,594.3812560313003,2.2325365755989313,0.0
7.948494632719445,13.34573640379706,451.7392961624726,1.359562639861143,0.0
12.20164279684521,8.272040301847843,511.93689626456785,1.7239119725476117,0.0
12.122741929746267,9.74693484050588,436.3081337432898,1.4894049421215312,0.0
11.064012397643886,8.179351316143432,500.7347047772183,1.2590746257842822,0.0
10.723322122494032,11.390330496660281,519.3083248999194,1.223384085846772,0.0
13.522376249734748,9.24873267856532,492.2654834432723,1.9757037519302276,0.0
9.999372654776451,7.390366219134101,535.6938722045069,1.786781418053493,0.0
7.636251749158397,10.883325128372121,504.95072247436286,2.083075226213269,0.0
10.898947825664614,7.1325399503795435,473.8792635811245,1.5166360005473098,0.0
14.172094099074227,8.325188549369017,471.65933410988305,1.5863758863738,0.0
7.970481013628296,5.786221770747838,540.5456886307849,1.4198425303034135,0.0
9.277074466612028,7.152083775604787,467.31289850965163,1.4138753390654972,0.0
10.832892076202905,10.357058339440956,545.7701485242468,1.1874339202567894,0.0
9.892190301988522,6.070927923794151,561.1355896415965,1.5252030572773054,0.0
8.035392839245372,7.037708550756569,416.5643068826935,1.2632260215341409,0.0
12.243715712460942,9.995262167734383,556.6463193650517,1.6325726766492608,0.0
14.640081444034518,8.912786207813895,603.021134922235,1.551003065694063,0.0
10.392262918047814,13.984073271918618,512.6001880600965,1.5863046131027168,0.0
8.191863420528,13.66779309204875,529.9542092647412,2.002538981907068,0.0
6.90207894989305,8.264155074497692,551.8502662184579,1.4886846150703226,0.0
10.515951962442362,11.114275236806964,486.2258842410489,1.7270181008560284,0.0
12.207754686632516,11.498565113758902,509.1140111768935,2.115452839225674,0.0
10.950335492990764,8.805042283951193,434.2900235188445,1.8919851207885143,0.0
9.995192318162292,7.008916927003592,506.93175142652257,1.8459509095364535,0.0
8.821456696421388,9.975403101383884,524.9055997822271,1.40799353534385,0.0
7.815672734563821,9.654308650371778,525.8081511463234,1.5688929166703391,0.0
11.669502652649765,9.128471006058762,553.271236179879,1.1045171123910174,0.0
11.82754324277117,10.88463373632897,461.25989109322353,1.6496743202893243,0.0
6.908540426618534,8.498540785988803,473.36966216632516,1.5823380532841524,0.0
13.179677956361367,7.696004904841714,594.7753672995677,1.5070155375468544,0.0
11.148142441788004,10.218165940699663,492.48358131181453,1.808158436472858,0.0
12.799189290291586,10.771940185137751,510.0016893656164,1.137667553272681,0.0
7.315744503029769,7.646710112199894,496.64949791373897,1.9904588553481042,0.0
7.268351689169123,11.856181221982162,458.9159586847489,1.7705294063820851,0.0
9.702061380465405,6.459037724447844,581.1764605445903,1.4788098061044077,0.0
11.005568853790388,8.843773082568713,473.6149294039697,1.455381123654782,0.0
13.592721645853928,9.483982927604782,443.6357238146535,1.6441833645745783,0.0
11.412157827630264,8.72755257469614,477.46298613486243,1.9562553696191338,0.0
9.514637446375934,8.869879052897614,399.9146999137233,1.5304823156070033,0.0
7.947261584668215,13.742148964616227,467.4356267508409,1.543209270593768,0.0
12.4600011454383,8.298231821922203,451.5935701073837,1.5054355432877613,0.0
8.07058914849857,14.882443444943828,530.8714315463662,2.0346072338104415,0.0
13.256937109544644,10.874253559462105,466.3292880220064,1.3893350691188928,0.0
9.431230700786982,10.184110274623984,544.3901967789425,1.4911477204142787,0.0
13.181164145235702,10.952480706775331,569.9241996534661,1.9390306962782984,0.0
11.357862580118557,15.059855498503904,539.05876681438,1.544103250083859,0.0
9.726009021115084,8.012813992137104,489.2305855569962,1.8411176580136566,0.0
8.961207256347747,7.759164162127222,507.05572483527965,1.2266159829291126,0.0
9.31818424530784,8.490267606856158,423.750752992797,1.4384122435114457,0.0
10.856633384750475,10.064286293929122,493.311031373938,1.9453302115320685,0.0
10.154312992435434,6.548457750374853,456.97807659665835,1.2970980852709364,0.0
8.81237718386259,10.044678478637216,534.716319057465,1.4546102880690879,0.0
9.668737179364735,13.387094266827344,628.6376194622237,1.5770055692674436,0.0
10.1571540594383,10.302814781249555,524.9910817986905,1.203253644602104,0.0
5.742531811170376,9.414629082049446,400.4429925522667,1.3758569644134309,0.0
10.916336229577396,8.763679102632745,481.9384903542813,1.5337910045476921,0.0
8.040557550566387,11.79702340910313,506.1245462687227,1.5140045202485883,0.0
7.69333519358851,8.348334453523904,504.36787126301317,1.8841056062511408,0.0
6.625311305778579,13.692791841198495,463.45934371956236,1.962437158449676,0.0
6.412215004264219,13.866719495428715,512.2645871318467,1.2431745383997266,0.0
7.289104993775421,10.513501597323575,437.87495815403065,1.533380555750247,0.0
8.58195808473902,9.97696982384671,452.75456386574666,1.7022744925274296,0.0
13.906518275053136,12.061319616483118,532.2898820801855,1.9549042397397591,0.0
8.948240648209593,12.18959700445465,449.2168384560087,1.7155470891951388,0.0
10.355500212536063,8.38801653788117,526.9105802746128,1.5872740204776996,0.0
10.800962773012657,8.946889733726596,431.5268112671971,1.6999627595947893,0.0
10.262130372431697,7.355305130633409,588.2412941895868,1.702130650300878,0.0
9.845113078548012,10.818129876668115,461.28650387979724,1.2216857123146894,0.0
7.609412472801511,11.333255766913782,488.8166714098278,1.5578396377518806,0.0
12.901855096558425,7.300148724277454,516.5306630545203,1.9377482982566074,0.0
13.614393287275771,9.089602190367682,471.7325023749453,1.4377929693917986,0.0
6.634682611754629,7.305492164837302,507.1702980535652,1.5388339927642332,0.0
7.951942818227241,8.202400379512325,528.7678362260062,1.4272450651421935,0.0
9.440379315245988,11.102034120452599,548.0306616251743,0.8058421513179376,0.0
8.070924410179618,8.533035866643441,539.5748717986479,1.5061770531704037,0.0
11.01193110691173,9.398348087935403,491.4094768098663,1.5905375791958618,0.0
8.543455595186774,6.745376544105369,492.6684112978199,1.3462519827357293,0.0
14.330112135613206,10.373980419449328,617.4554279012516,1.1536089153345817,0.0
12.381097188687193,9.911453360310702,547.4944534124646,1.2358180620655053,0.0
10.42514806126443,8.542081499933676,453.9088171839893,1.7292562848406692,0.0
12.053972526639464,9.621971404635051,504.9994081882776,2.0917574319140715,0.0
12.211800848714617,10.360589761006889,483.24284306109035,1.9147300022716298,0.0
8.872105023883513,8.370263702181312,493.2332883038445,1.0966961985508346,0.0
8.367565510916071,7.047474911996441,438.5252421145956,1.7563881931652108,0.0
10.156286125939294,13.61114886537363,479.40383828070236,1.301051287257213,0.0
11.723272248995888,8.733454590579456,590.5777886596957,1.3253198812473668,0.0
10.278120797306835,9.806479793626222,528.9538150437752,1.3614073206086148,0.0
6.846007035618006,12.021679470040628,375.44192959242696,1.7118200849566292,0.0
8.394351112098315,17.05811037514097,560.8361746248974,1.7877760129347116,0.0
9.852054272811245,7.511027100222268,554.481476145458,1.4705906786160636,0.0
9.84866879134834,10.89965442745302,482.03573478467916,1.4756787776975926,0.0
13.945084353579617,8.584895429411787,535.8631771891608,1.639279122970738,0.0
7.228024115202004,8.922419390846578,457.03003945913997,1.6703983618572726,0.0
11.011178483671749,8.55957595798642,476.48721418668214,1.8528677120275587,0.0
12.97822621665658,7.74869006439883,574.9273180334927,1.1146884073472405,0.0
14.542899490845592,9.917417276430678,486.4134980065146,1.506008201941209,0.0
9.191205153632078,7.050994625903529,406.51341690225047,1.1795926872326468,0.0
10.9828589054404,11.89361513302374,496.8348388609332,1.484717316280979,0.0
11.139520714397294,10.110005872066749,496.0705803542822,1.4321474136957717,0.0
10.390963463106582,10.84486994580288,559.918428468673,1.4859751638291894,0.0
9.802309597521388,9.067622776107553,500.716821108788,1.2600771335668406,0.0
10.871950779000091,9.265592131576504,478.92088442798536,1.0538130620377715,0.0
4.935507829560629,10.575127810334656,552.2528072615603,0.8716687419855291,0.0
11.364138980125263,7.671898735188349,506.0395116250555,1.4606459537205478,0.0
10.252355807323934,9.284019131173329,462.4988659217141,1.3706996682501182,0.0
9.55505020644347,8.280772972243092,557.7498780270809,1.2972187005588518,0.0
14.093724391439116,8.21886237881797,509.68308822584,1.8967645388494982,0.0
8.650131962418895,5.780323518748717,500.1462983339719,1.2421685439614067,0.0
9.193848021869938,12.67865317896,508.8954195705827,1.9250502246416408,0.0
13.983106604409468,8.626922493692462,446.46658142917016,1.987153123280777,0.0
8.335877390300286,12.3267521103271,473.61731119108316,0.9147298599631857,0.0
8.899769434126922,12.137584642788585,500.17913009163914,1.527714437699691,0.0
9.7059491531383,7.428000586967013,490.266815248766,1.3800910527492027,0.0
11.681468964259098,7.823177528654309,563.6214191408297,0.6264588165848203,0.0
10.415605014706626,15.121005918711369,510.8702926363502,1.0666076240794757,0.0
7.414749305695475,13.501851883854286,542.7451961318201,1.7324808321325422,0.0
8.93566287374562,9.936962973343793,500.4697677287925,2.1057597758133793,0.0
8.785291133575576,10.514746212834698,552.8144241873061,1.7708034428097745,0.0
9.845557909553909,8.738307194105623,519.8763878286577,1.5970897417538932,0.0
10.851687317259659,10.86470542840068,500.671024269423,1.4936002855106738,0.0
10.836411511775944,8.565636198555056,499.335845552049,2.0047988743944343,0.0
6.447976491903196,5.935292471403231,452.27806868545184,2.144471760587292,0.0
12.127881975121712,7.356888426977898,525.3457860068155,1.3239471961427443,0.0
10.505137691993246,10.042185495701174,497.98976327318104,0.9000040319069127,0.0
12.769064095187812,7.737865528994824,474.90040199093977,0.8705437610186395,0.0
10.888396654581344,9.865445070172932,555.3230885406036,1.8965642976479407,0.0
12.202645915471525,7.850677921134274,437.4891987052599,1.485882437767684,0.0
10.933090622900254,8.435292154996013,478.8752052283783,1.5549725731376156,0.0
12.692451512405496,11.706330612826383,551.3859374389767,0.9628047021129861,0.0
11.044501272035557,10.494961095280209,515.7761470460126,1.27404332616346,0.0
9.804169507114192,9.980671157373306,497.6070536173621,1.4113557558297654,0.0
14.544869440893763,11.757927946141303,512.5501771575073,1.562351515009221,0.0
11.778074244559784,10.961217186694695,508.9707085524421,1.3804223883258724,0.0
11.147488842008826,12.893126582502735,424.16687268570394,1.1888021405095972,0.0
7.447391166923328,9.08028147536972,482.53690573260195,1.264629902219243,0.0
7.4233847650729246,9.140730042944982,580.8260827256875,1.8624969857841698,0.0
10.585430964283706,7.3977814672173094,467.0337932611416,1.57343538588105,0.0
10.291042395536481,9.142038565255161,484.0849492947833,1.6836470420866654,0.0
8.771754869983369,11.929539788604892,472.9189618345406,1.230337856736801,0.0
10.28196539922412,12.599974744524268,495.6492388340931,0.6138529543798127,0.0
13.17725385608719,11.920610336173336,470.8438584337851,1.343068707934651,0.0
11.390804949100598,6.411616266901127,524.337075107903,1.240028833672351,0.0
7.717982980494524,12.166290425321469,509.8656706145133,1.6047036805884238,0.0
9.776982345714112,6.322962753455858,538.6773807553509,2.4857171141045526,0.0
8.390067038294879,11.796234648244695,447.452941690552,1.7085498052854766,0.0
9.224600167182878,9.264430946857889,482.9829758558548,2.3207880478150464,0.0
9.172768668740714,11.405066627867711,488.71386841939324,1.6706309086018345,0.0
9.04470883479199,7.335103304210868,522.7823455044297,1.3110341287281855,0.0
7.48972925605321,12.342335265412293,460.3389401396483,1.604374823436265,0.0
9.74469063696362,7.0700505077902225,545.7826902129173,2.0341915798433123,0.0
8.87878472630538,8.663090178293645,559.3207795258804,2.048868778896372,0.0
4.141102619995464,8.00381074446193,450.5563826182208,1.3273987895870762,0.0
14.105944049003327,6.491430294355002,475.45635525532174,1.5759551087097896,0.0
12.177539308433344,10.189055135176936,473.4034245853954,1.0712199360986565,0.0
9.247398550150008,13.612178235673923,631.6193102338749,1.747400587407429,0.0
10.037638099481196,15.333810444640019,478.50499473960565,1.9660064097167682,0.0
7.656691305364877,10.194311574172495,583.8812721078067,1.5119398362348049,0.0
13.391445755621731,12.233362550135045,436.6684002446695,1.2997847836919616,0.0
13.794577389546223,10.464189275857075,450.51745169178184,1.6080392853832688,0.0
10.31338745649305,10.997766389536425,465.66977340758996,1.6252377094089498,0.0
12.047061288370688,9.315702697745522,457.7155344276739,1.524343149554886,0.0
10.350573557867847,10.390153850845204,486.60506329207504,1.553614537300786,0.0
7.326549122248139,11.074957409212857,464.5610898639251,1.4478555448591888,0.0
9.176353262072686,8.843080542247337,459.03292036327133,1.7987864784679217,0.0
10.263855933543914,9.845011400214025,557.9235998236663,1.720868233549538,0.0
9.090904562513112,9.883139762005024,561.1896811256582,1.2050690558567552,0.0
9.562693445129929,11.652806634661049,547.4648249187658,1.1968228190524215,0.0
9.817200884981771,7.867935656744638,526.1999477792164,1.4236876748920313,0.0
9.838243004269078,9.896915582784697,504.63715328897763,1.7210511372315538,0.0
10.104516980994966,13.824010938105395,475.1484654667046,1.5444172241672445,0.0
7.878789867206798,12.328120305171876,452.3421247622454,1.3070548769632033,0.0
8.565967701744128,12.69835809777741,518.1497851716343,1.578455579017749,0.0
7.430831468600061,10.04886368035607,441.31848037266013,1.4007568441433185,0.0
11.9556310993724,10.641995127372047,450.3039535412303,1.7641459380672395,0.0
5.788706116319351,12.00447233340585,557.6456628102405,1.5999175305201143,0.0
12.307180686633851,13.120511059061862,595.0324520861043,1.4054165437643569,0.0
12.772698794525686,6.096794174234226,519.6647569083241,1.5694556316139385,0.0
9.395638826034757,7.369117385900308,555.3228576147322,1.8945144178572604,0.0
4.793725824345403,12.618888202805296,487.7075841278008,1.3291109770360867,0.0
9.27737887606542,9.446221288462393,433.1162906956158,1.6207970944941483,0.0
9.87163167742236,8.656558421483846,530.6085809309292,1.4788618978602013,0.0
7.978803560142174,7.491678026008792,528.4644661635032,1.6280951051586299,0.0
8.969563212383514,8.889966596911782,503.5834276940122,1.3036305175212808,0.0
13.060390397726703,7.19526143315235,487.8812270947444,1.5331006299478127,0.0
11.329854324603481,14.182188545464953,548.1105289290549,1.8323469847250402,0.0
8.1508717712438,9.955127896038853,450.7133483286263,1.2188979056261677,0.0
6.804801660809136,9.884098916474565,461.3109710554671,1.1011784690024755,0.0
9.345965364780458,11.176153350335664,449.5946746619786,1.1125633306539107,0.0
9.573086441299123,11.92469033853314,504.24864813179136,1.1488012409399433,0.0
10.992398374726633,11.891776313109279,445.6053493945371,1.6785969863677992,0.0
8.929366574864682,12.147243887815144,465.7878909742378,1.0782420942403603,0.0
11.022999150723724,8.738308898418287,464.7122218886401,1.4106313965769408,0.0
13.87030808012046,9.404266390086278,486.9695833833021,1.6854867909932123,0.0
11.631002044888525,11.538063310884551,425.63127767980114,1.624997718164578,0.0
9.903822985338454,8.94522187672076,504.36024960186336,1.3843323060112545,0.0
9.633699057893411,9.98978673594555,562.3651825332339,1.5572771195265318,0.0
9.286653731640257,10.797527528849628,506.7745686158381,1.5321435989212704,0.0
0.8551518088903628,223.45788557262958,0.09282883917705355,0.09567269196596986,1.0
0.857833056269084,200.34137650399452,0.09836720481298451,0.15454895138097327,1.0
1.3470854869513922,215.9336832018324,0.10321474392937909,0.18313886445897348,1.0
1.0618621807862603,214.36124087674406,0.147343073082309,0.16505483467328108,1.0
1.3961301835024287,210.78082993505518,0.06263913457566282,0.04668184623075905,1.0
0.8006073734158997,193.5597605876519,0.05768265042436701,0.09665205548423772,1.0
0.8830066806223705,203.44117844732517,0.16183098710714877,0.11387623422381477,1.0
0.6335748469446705,188.23276871386443,0.0768677629059351,0.08701610182462355,1.0
0.7380866395820855,200.2562860913299,0.03684823232114669,0.11939287717077979,1.0
1.2803826297325003,176.63018215801466,0.0757435028950065,0.1410288405834474,1.0
0.7955931420316488,184.18752017454096,0.08349736323779997,0.15014048759775703,1.0
1.2838562600288919,194.35375916150142,0.17774813638628825,0.18429350761107616,1.0
0.6513275478640219,181.12589137139847,0.14624131061883688,0.08352794476375827,1.0
0.6893061931853446,189.89965458509647,0.1573760308316121,0.031798341758034296,1.0
0.8317537557953159,196.72148046488968,0.14099868211733932,0.11791172970072264,1.0
0.8872500156641645,208.04524689328755,0.1473121835807657,0.19419055155924012,1.0
1.0846174584900259,218.9851460370582,0.06559589367098409,0.07615120700229705,1.0
0.9901540834372532,190.72431257243784,0.09006989223232578,0.13434234885318597,1.0
0.8167369485311945,226.70209234537248,0.05050423434882256,0.13478728962363215,1.0
0.8733368386963788,218.77222157250986,0.08947559847314834,0.10957210236723046,1.0
0.83618741604306,210.08187663887884,0.13420524954673707,0.10034623605218572,1.0
0.717069252934854,203.07298258593238,0.10672916424061235,0.053828539713930375,1.0
0.7224074126796757,206.38241683737084,0.16557404094801476,-0.014083103621028867,1.0
1.1055767782866819,223.74102301332763,0.04292921038863904,0.04440746466679856,1.0
0.534367014414572,224.47159319518548,0.125011917534912,0.08048479254441504,1.0
1.223471739489011,226.69893456767286,0.037584859906534096,0.15487113437113537,1.0
0.8314011548795537,200.82653663754007,0.10470882345868213,0.09484359688243123,1.0
0.745498278721568,211.09934329997225,0.13701667112782395,0.07404871405409258,1.0
1.0479518581394538,226.87093013244103,0.08927487165878904,0.05545072790232848,1.0
1.1970433168294234,187.52567930167214,0.1275563302043478,0.13284029142547402,1.0
1.1235264883207914,193.63166292563392,0.0520133832583533,0.16791785832153028,1.0
1.0003704098719781,200.32073326026958,0.016815501090180845,0.15317178609337298,1.0
1.1173726979443672,217.99197475958812,0.12785148112439015,0.13030748498792347,1.0
0.5567004845712268,218.30344301437245,0.18720051170378665,0.026219362680852995,1.0
0.7956338917023704,195.3827177760413,0.0501977529915054,0.08241628785781144,1.0
0.7177659879950311,169.8278109124058,0.16110970900533977,0.19736521144448377,1.0
1.144927746243035,204.92367888591934,0.10217117044082055,0.15609752459576126,1.0
0.8233043962152227,181.63367725343198,0.033215423915346196,0.02312483908826375,1.0
1.069081311356411,170.20127590719557,0.04342473493239188,0.09722047384003643,1.0
1.0071713884977276,174.72256878532568,0.10078923866803251,0.11815492163305194,1.0
0.7275386127672638,206.5276201569112,0.07977688560379483,0.061892076848689005,1.0
0.7826083580047432,227.22074721865613,0.034354351162088057,-0.015460201070442436,1.0
1.1587635381629453,200.77789032472486,0.015298035938729748,0.1049412022508216,1.0
0.7449034702631173,204.22761309291928,0.0576640336036747,0.06061208711897804,1.0
0.9249735220390958,223.6578987775585,0.10969045041655592,0.0608079130457658,1.0
0.743491742734711,169.11090181832893,0.0996799623698431,0.08226598200346211,1.0
0.8372095626168279,210.40352843200543,0.07493810212499609,0.09331620426725942,1.0
0.8907676112060057,199.76820431362358,0.11009435971457415,0.09954586029521569,1.0
0.7434266979405018,211.32114917664134,0.1520013359931344,0.05580050505389993,1.0
0.7079106092032237,190.33032183192367,0.1197063255217074,0.08898952351829614,1.0
0.9572546673554885,183.64125419147035,0.09393456643052098,0.01212883147986224,1.0
0.7310525182417648,202.8101780857121,0.14640360033303446,0.11555195326840392,1.0
0.7378684888602655,232.98382646668924,0.05200748488918525,-0.04281377066705788,1.0
0.7121893712596059,217.21820209082927,0.08875402302223243,0.08552549597831903,1.0
0.8844183907337363,189.84614459639818,0.0899456032199816,0.14595930768384768,1.0
1.0887403268799682,173.1805592803744,0.038152337077857736,0.047032965636258674,1.0
1.2013057272624534,166.3586543260443,0.07900629188578212,0.13582151018287,1.0
0.7548163828012443,226.32198903700964,-0.003747984044765146,0.1577866356060446,1.0
1.3300621586662422,180.89835423728346,0.19560890238314768,-0.06539499762486942,1.0
0.6990590278586408,193.48973174010126,0.053129310578184354,0.09243185482121288,1.0
1.116709704665574,226.42422252155154,0.1793057065710656,-0.04378867138141376,1.0
0.7556607091969115,167.72197089042015,0.10190422528597463,0.0940895777214527,1.0
0.725815346025998,229.84529018950118,0.12824320660779795,0.09964143945093366,1.0
0.7510487686431223,194.92719092214998,0.07556001008245343,-0.024127199295541926,1.0
0.8895104600701762,177.02833369522523,0.11039648459808372,0.19624191810399327,1.0
1.0159944342067222,195.05298145702173,0.1325244819994218,0.11430079038173126,1.0
1.0339736075809645,185.54806437197044,0.13322762071970912,0.057548828395898234,1.0
0.7112029969304223,208.81639597811431,0.13873866950371788,0.17326897137492592,1.0
0.7020681424977463,187.03735132224443,0.08158336449804118,0.010219338967884156,1.0
0.7166722613272906,161.76715578161912,0.07598201637543225,0.03854144832408414,1.0
0.8777291195228978,195.5887493118202,0.020291183736619825,-0.014972776183494935,1.0
0.8579688791618251,172.86909895426922,0.12616095055884685,0.19005225982696672,1.0
0.709964907586041,204.0863976797664,0.15411893556617215,0.11661731857360018,1.0
0.9539207388126488,176.25739335433352,0.1807990839958965,0.13297008949242475,1.0
1.3525137616670637,190.23974393655828,0.1152586317290254,0.1150500616959238,1.0
0.7990569076329698,203.65175608428672,0.06167601135457154,0.12868838805722924,1.0
0.8132976357592934,195.7508254993146,0.015145192835527232,0.10390388569479948,1.0
1.0119323140648737,205.0086056600209,0.15208333665416754,0.11354606713537208,1.0
0.788236741652641,213.60574331435512,0.01018617166112322,0.10538017181114755,1.0
1.0337928963436365,176.84132600537387,0.08296979611281166,0.06957040972153608,1.0
0.756291458644192,198.71204918750584,0.08878465860281771,0.09766876173926654,1.0
1.2664239215154602,133.4099240498374,0.09652724310744903,0.11367972866308389,1.0
0.9689549945184589,204.94666603365047,0.10179013000179202,0.10552745597760654,1.0
0.7759954101846577,193.98371739250317,0.10690737781837875,0.02611139461233415,1.0
0.7822616601061452,180.33100473044058,-0.020768163103926485,0.032750666569579534,1.0
0.797240049458393,206.3143884459305,0.10073279549350635,0.15414207169581956,1.0
1.1745499332497746,223.45395154370135,-0.011478778705593856,0.08465029770582991,1.0
0.6462497984797433,190.47964504802113,0.13661090365454975,0.12923626735179702,1.0
0.7664116659080991,181.1037101951656,0.0722437422098194,0.04539400451388018,1.0
0.7876678886149148,203.30050524877424,-0.007851836261167519,0.026342706167673507,1.0
0.8968624066486124,173.2878666670728,0.05928976613073121,0.05782016937341435,1.0
0.8457780614706412,186.79237258928922,0.07149623304076731,0.08887174646142934,1.0
0.6017544337219074,224.44804323301005,0.15953498087775025,0.06674298503577938,1.0
0.8200354632809065,201.24358459624574,0.10983188708751226,0.16469667615528572,1.0
0.8800898633630063,162.41066072107668,0.11722224721752902,0.10897616507687308,1.0
0.7743804329840434,164.06016705441198,0.15906108171103006,0.19244693092809295,1.0
1.037355097809533,203.2417138529355,0.09519278560377553,0.12022040770357087,1.0
1.0838816857507294,217.24781151835376,0.13770939805162016,-0.020627540895990545,1.0
0.8843226600541214,167.647570827477,0.13419305569659962,0.15280208032292775,1.0
0.9461083173701459,208.99425214993016,0.03567652532152939,0.024522418876502264,1.0
0.4677888005301458,226.60687014979436,0.17364917888149148,0.11152668336056697,1.0
0.8157794455676337,237.75717975917277,0.028984910996465274,0.06126579711680776,1.0
1.1009643383515826,206.62445519719753,0.14586833247389241,0.20713555172320933,1.0
0.8153126833641445,210.13605189104948,0.02414634815471836,0.1719798963715068,1.0
0.7525476647216078,157.3363114474371,0.13006183940758367,0.0629089679149121,1.0
1.3555377852061863,241.99505095991978,0.19309574390750864,0.09363211659394442,1.0
1.263815438039161,188.49019573807757,0.08935106717248945,0.11222990348246087,1.0
0.9935149824964314,181.33057683149917,0.08718221785734269,0.14317070357808054,1.0
1.1277821222960096,194.8958773112075,0.13052199996584246,0.10145759561625065,1.0
0.45481291640838445,230.23346828370862,0.08353017720187285,0.04875525503095666,1.0
0.7424897118742587,244.16092095087095,0.1909139351871411,0.06412206803999736,1.0
0.8060084253653698,202.5081735895169,0.1096096124729348,0.09977591018116044,1.0
0.8528039802266107,219.9616834520731,0.08399152458896372,0.16172284893823458,1.0
0.8020111958052075,200.8640809737101,0.07298572360521585,0.1213918930268022,1.0
0.38999474169673065,179.24409053963632,0.053352576491348974,0.06132925366924921,1.0
0.977204923741712,229.53487341576582,0.06861225066212552,0.1324186388854895,1.0
1.0087308256561214,187.55745039287223,0.08246633031707018,0.08065075805609201,1.0
1.2203797583179963,230.71061546743766,0.075618046325071,0.14452040025934207,1.0
0.7423381470450073,225.97082659538168,0.06709123629314481,0.22635052091643026,1.0
0.7259673684440195,212.28072527914415,0.20494206151762198,0.08205868145282252,1.0
0.36400310280710624,236.57949512508708,0.04849524617552551,0.14008025798631857,1.0
0.8412866326818228,244.64692066371475,0.10733162938230874,0.06273033339811351,1.0
1.0802223562124342,196.49513274071376,0.1296260504880436,0.09438681164043512,1.0
0.7776464275614561,183.82411763167138,0.13150539977918663,0.10147811434360507,1.0
1.3286889637087298,162.71460325487055,0.09706964621087641,0.09031581699778098,1.0
0.8486810328420953,244.8936451086051,0.08796487140763452,0.2231506844387512,1.0
0.9293984568577112,191.206359821631,0.12257737456197533,0.08467034626608089,1.0
0.6273793838836812,222.7007371420348,0.11332608249891005,0.1293425769392434,1.0
0.9574440690350559,185.17489264981035,0.08705205826162433,0.003495656533828384,1.0
0.504136041029461,230.76531281824072,0.021906071413778455,0.12159982816848053,1.0
1.038739591002629,185.99764816369174,0.07660381388333763,0.15710272961761235,1.0
1.0448856352470826,176.16561732765314,0.042672491814627116,0.07362013287104746,1.0
1.171858284867302,195.829871380925,0.06664202249668368,-0.025511107052020643,1.0
0.6960062562464623,189.36448598076726,0.10166116192584798,0.09806741155863374,1.0
0.9321124236594839,211.92599570922425,0.11793680719983082,0.10085919251927641,1.0
1.012763311877301,198.97210145614952,0.18902263756462032,0.13620375253721523,1.0
0.9884563276660621,212.55404789103844,0.07312968105480931,0.2005451517706717,1.0
0.7269401449730297,194.17957053829412,0.13873128176375754,0.08099731746998466,1.0
0.42160362208877195,186.69785257962388,0.11529800122189184,0.057185593816985986,1.0
0.9693920593768962,188.32878904207854,0.1647998835319895,0.041654109931427846,1.0
0.8695000643380162,240.89877596062053,0.1288114359797813,0.10990393085157997,1.0
0.786665881407712,204.50341864453873,0.04957592863568419,0.1239677129409251,1.0
1.0527890727430933,160.3247558109391,0.013847698535438435,0.07271723028187078,1.0
0.8910160923691134,189.59581973091838,0.11556308498337525,0.13893413728628948,1.0
0.6361609894464402,201.93732064951752,0.07357745010498047,0.1232692038409588,1.0
0.5137095421807557,236.90799362500758,0.05098431270247014,0.10216158448224452,1.0
0.6742073469733669,220.573974317798,0.03662111477334612,0.05487926396279373,1.0
1.3786024589533574,181.5656432703617,0.10804877487935778,0.07590678422576386,1.0
1.0445553547865547,248.367115071449,0.17538538496566825,-0.02148776488412725,1.0
0.9377224683950024,199.37679270397044,0.07956638271469792,0.11178935320990169,1.0
0.863667814562839,224.9265962214989,0.1295135155537661,0.10131706443737176,1.0
0.8505214120105129,176.89983005200196,0.09488668248912038,0.10942394955447432,1.0
1.133439196671819,152.03673809498204,0.035530895544830354,0.12521595077822803,1.0
0.8018808516193137,171.8313701926328,0.13674056717552088,0.11929107432161115,1.0
1.0153840821368585,134.99333047608587,0.04526539779863144,0.09448084096769824,1.0
0.8303144099416813,242.24178654505818,0.10108133152967824,0.10243340215813762,1.0
1.2880313263670127,204.2906583777283,0.08292397924973474,0.029784179165191535,1.0
1.0484577015156606,181.50711963103936,0.1446538717282846,0.07081396771552871,1.0
1.1491113629367251,209.0524805996024,0.04709245037646567,0.10252355268417307,1.0
0.7831180450623523,203.78668072360333,0.119543495390098,0.06320732120438197,1.0
1.1116272225134844,212.41866791227983,0.05801012963256496,0.14300753979362732,1.0
0.8374845149210619,224.19062802272538,0.07444473938356075,0.06706839595224848,1.0
0.9220069647865698,194.2015769394997,-0.08176001137700512,0.11081527056241583,1.0
1.2270095341238916,182.40321387798025,0.20460492858089543,0.1058282828407668,1.0
0.6914449886487162,216.55550428743834,0.12752784664131162,0.1373138796805205,1.0
0.9406495462610801,216.04665555768932,0.061632625703091776,0.1450395587014151,1.0
0.9876010517037455,202.0147161624269,0.04376721558335031,0.13470163054839698,1.0
1.004000876160162,243.55108377361546,0.07521756235603298,-0.005300310069156683,1.0
0.809843101381307,191.24355754276695,0.1358439767409726,0.15970740740065634,1.0
1.3172528201616163,182.00284056729464,0.005395753720753724,0.1763654112097299,1.0
0.641013622931948,208.36182855013203,0.0929207790352831,0.07589378578392653,1.0
1.1917770777264938,186.50124286173002,0.18853209362313367,0.1118323456336425,1.0
1.1430131211183276,209.9103304828979,0.04330268320160979,0.05545841599346091,1.0
1.280177757920737,183.3398348832112,0.10401925193818276,0.002581074663392441,1.0
0.582354580258436,191.99515434136228,0.2101654907628879,0.0630642367228807,1.0
0.726233702422058,237.81680840078332,0.13160758148453866,0.0729930480268195,1.0
1.1983886118323281,191.8882528650464,0.10629619102427276,0.08225746343240922,1.0
0.5245921690739382,184.02296911965408,0.12533182274545016,0.05205429549970061,1.0
0.5787082197919172,223.41357577413,0.07995673324951488,0.06332874165913806,1.0
0.8023384426577016,178.97916099426612,0.16498156426517202,0.09944968391857963,1.0
0.9383987577244536,186.14113539705863,0.08003349885498941,0.0614886508444929,1.0
1.218445014729755,211.53122241017988,0.0020409195632011545,0.1271762166275014,1.0
0.8629468170139284,218.76822847746584,0.08043484480297701,0.13408303256987197,1.0
0.7783521703870921,224.40952782162148,0.05166327350616483,0.21901938730822448,1.0
0.9622779875392855,185.0555633555903,0.08594029939012854,0.15628399660617312,1.0
0.9939192966588802,211.9201734597224,0.08704579704596846,0.11215515291642073,1.0
0.9882479644340543,190.67783600911642,0.15987115999024537,0.06898678516661608,1.0
0.864402758409731,187.88688732978736,0.13476463633321928,0.11468736758369995,1.0
0.5089827772163701,224.06425564584572,0.11316327437876983,0.11632979799581782,1.0
0.7164768021787336,189.00891208280828,0.09985272943337024,0.07433434554971696,1.0
1.1840542170534925,205.5640919204196,0.04705709955710028,0.13918656983764388,1.0
0.93741378759532,203.11158938461278,-0.009058761883283875,0.03009509926590624,1.0
0.8354955761785887,178.58491247322996,0.10565800056963917,0.08778000822312448,1.0
1.123633709674795,219.32185710712642,0.13973206017868295,0.12779292296587036,1.0
0.6739766735262103,211.2056178735791,0.09458330583777054,0.08562079262039515,1.0
0.8549303732573985,160.27418776259157,0.07325728386066499,0.08966227982853645,1.0
0.9275516810348075,205.54842222474687,0.12322510826071063,0.09311070694038598,1.0
0.8117244993410742,184.54053131666757,0.09583338996878266,0.05821993796561273,1.0
0.9201525645803198,221.94150612825257,0.18428720959869807,0.15869504657871042,1.0
0.862461213715647,171.09200326438483,0.16163641710341423,0.04909811640385925,1.0
0.620131390442825,192.87046062740913,0.14797540285116648,0.11590796637049426,1.0
0.9362955763758112,207.2404910197693,0.1378867057104952,0.12068239491411868,1.0
0.6343296416974264,201.0868058828375,0.03549162927742715,0.05256890493955166,1.0
0.9331230250193445,215.25916513427944,0.13314968510262998,0.10365521271903717,1.0
1.174827164830022,169.6315602798142,0.11881629788232877,0.054518391362764894,1.0
0.8437953605447891,233.03828673734756,0.13032123641955817,0.16955212375279727,1.0
0.6657033740058027,210.50289317576542,0.12463047434065264,0.04306085315118935,1.0
0.8746024373590039,227.19436426001792,0.12263812939240329,0.06730514528840179,1.0
0.7336057783842937,217.48480338466484,0.23504332347747975,0.03878874958222098,1.0
1.018901800526294,199.76779771089912,0.09619071650240406,0.03211506365662241,1.0
0.8704022504954293,174.31603578177678,0.1468168690414665,0.17956076454411468,1.0
1.2419526503329146,188.72893637502597,0.07645050948679985,0.12713873369562811,1.0
1.1325979191354676,231.79126665725155,0.1395320791943836,0.1070146712850272,1.0
0.8693838991037195,227.70875563312765,0.1469659945116228,0.06717115183265393,1.0
1.043121813594618,187.6080003979262,0.1182213038567674,0.14538059055233843,1.0
0.8213527181674309,143.63391427595644,0.183462347118825,0.058788878031627356,1.0
0.9067913770330337,195.74620531389763,0.05578619818197913,0.13968196471650515,1.0
0.8277131607299376,194.24594223741767,0.0756389529165889,0.05637443616971819,1.0
1.0532911919699417,195.00454775919232,0.11061900430117448,0.06777461490621642,1.0
1.1865976553419157,210.57078403662803,0.14404034267421112,0.13791411930589606,1.0
1.0597296414382287,217.52425158643325,0.10897147606474666,0.14319136720778836,1.0
1.084387320257071,219.80599094199047,0.1642879518255283,0.12987364669483806,1.0
1.0846066874471458,208.91418280270733,0.06691550645168404,0.04751629421216026,1.0
1.010251184466942,163.98458596154728,0.04297107552557228,0.07766365671385857,1.0
0.6721427681579464,193.17600534613408,0.11540641682682523,0.10784493705992568,1.0
1.2401943038833,246.0817956709838,0.09614098619431519,0.057535951904495425,1.0
1.2608821653396851,207.48433469604956,0.127143186017911,0.16854813800646468,1.0
0.8532240793373264,207.3563913688773,0.09862988545667481,-0.020097347197527288,1.0
0.8258604169567636,207.18971879547715,0.08299901046882716,0.06106302423154236,1.0
1.022482330583075,208.30759245011978,0.09625312141381383,0.07452167485650842,1.0
1.010162567036701,152.33775637828154,0.10144244473965926,-0.0421971832385884,1.0
0.8596107862493962,195.20951366177863,0.08475093500758349,0.03018854348819046,1.0
0.6499948688824793,199.2421433641062,0.0898433976838286,0.13126447562710342,1.0
0.9611402381499554,225.62990798506826,0.0798203331506545,0.1015141818276482,1.0
1.010287307635109,200.95345789244593,0.14283325599347033,0.17865680110214516,1.0
1.0451642296077595,167.06977226796118,0.10970105022528998,0.17726132229424096,1.0
0.9698585544708416,208.60178312343504,0.21283762360843833,0.12165231893019735,1.0
0.8457769703276181,183.9235070351451,0.1080352275639231,0.11566191245003558,1.0
1.0988004079012557,175.66428717837164,0.07245712648356692,0.10329655542894503,1.0
0.9131696995131837,183.31681906566837,0.23353376874315324,-0.032754100893974514,1.0
0.807015397127056,210.85008459329032,0.12068131888571677,0.030272024333696232,1.0
0.8638693235908558,225.17522479520136,0.14950623934464086,0.1050337751549467,1.0
0.5508061935050036,209.65859890355173,0.12960514916012458,0.1308012854373836,1.0
0.8635516351642922,212.64046447234043,0.13115055146488744,0.11448349060690705,1.0
1.0376873039749337,209.46090545676003,0.12678270256762372,0.05537675161421712,1.0
0.967956604427846,202.02654353720936,0.04489577176119674,0.1468703141234748,1.0
1.2041328345962372,213.93861269925515,0.11837645237807061,0.17412220143773183,1.0
0.8474050171968592,151.6244906586116,0.03375693480748805,0.14689948001456699,1.0
0.9974626326106633,202.22176702609667,0.09128185817937329,0.14947996647952355,1.0
1.0585480352611545,179.10149930755497,0.06371912717183564,0.07203871010223946,1.0
1.3685714016574817,223.2580514508828,0.1178735092924362,0.15379670613503998,1.0
0.9289530982235281,197.0568938956628,0.11670631236691174,0.10728793196638287,1.0
0.6911625642271954,200.6189617653566,0.12405729453825934,0.12557777642610024,1.0
1.0695857506710564,169.89856251492392,0.11436482863745437,0.11827159214123546,1.0
1.2731454711936914,220.33661778025703,0.06965873291068006,0.09392564472797946,1.0
0.8354902579546757,212.54656240547618,0.08694982553241602,0.05699987624388491,1.0
1.0682163077212832,211.13895764681007,0.14601980806272424,0.09589316682229769,1.0
1.145745611045784,183.73954295662355,0.15339283386472,0.14933808087414113,1.0
1.1034131087940307,184.5272031012374,0.04266084506867254,0.07792620973435452,1.0
0.9251117044947156,204.4719890889181,0.023453618374367685,0.14466736313040732,1.0
0.7603052483573708,186.110031795039,0.0636555308397644,0.1368535335308836,1.0
0.8837440903972829,208.69785925354677,0.15226037910161255,0.08505313014900849,1.0
0.9917200907755261,156.78174794466557,0.16074420150915172,0.16944000518097885,1.0
1.0816445048183458,190.24910887186815,0.05376440597994142,0.0822226664404647,1.0
0.9667890095998078,235.93506930852982,0.11536546768681692,0.1754773431306316,1.0
0.8240184066918846,208.7897165599153,0.1917215666570044,0.12170634907704864,1.0
1.0110759312299538,203.33587329061984,0.1207655738620167,0.09920670407732433,1.0
1.072017013548564,239.70453071342712,0.1710751642616547,0.05560993098311731,1.0
0.9759220112828961,153.28092762397128,0.14993632850415492,0.09558698849324794,1.0
0.732762577092335,183.69377770423785,0.05449006468860446,0.08981202432527899,1.0
0.8637187930565621,191.9765365650522,0.0905009288251461,0.03708518073745473,1.0
1.0895641552824933,217.1670246601078,0.1017377239145924,0.08911922886411665,1.0
0.6233964382511052,217.51312726456473,0.105206669401067,0.05980984099514572,1.0
0.4813643955217682,182.6798658203475,0.14581644767192858,0.1292995884489391,1.0
1.2016165700288042,219.959086442851,0.12043423811377044,0.16531402378641014,1.0
1.0022830510043759,191.93370465356585,-0.046810047188905746,0.03865421618523797,1.0
1.0213460005040214,224.23279251298334,0.0343579863453637,0.18561538641834613,1.0
0.6846366052745888,179.34714603755884,-0.009369045748802152,0.09357244828074351,1.0
1.0475056126933076,197.5337680186768,0.10876826203276671,0.051248930753074295,1.0
0.9550497375136728,190.1966536924688,0.11202438247338806,0.13788773901040918,1.0
0.5831344844303206,221.12060743131428,0.11416124793053593,0.0776772760872476,1.0
1.1848566828547715,189.5443756686766,0.05205358661426919,0.0959131661984253,1.0
0.9317366647237458,199.15102941976488,0.13370720025599947,0.07978608778939605,1.0
0.8207832067841463,210.13622795326097,0.13581312482342647,0.059163103406755,1.0
0.8244020508029565,210.9051696605224,0.03724254663974212,0.13619985162009518,1.0
0.4969556189135247,217.73905214946342,0.026698089927556387,0.08568492985529064,1.0
1.0186673199262728,204.22249553689335,0.09999341568865311,0.028167410391037706,1.0
0.9523714414491451,191.63502169440338,0.18958911368066797,0.12755300621079665,1.0
0.861183973533381,193.00602509282498,0.18498713710993214,0.039720882448812236,1.0
1.1556970414903345,200.51344630415224,0.12817021802240264,0.042336991366237066,1.0
0.6232281962008308,204.99184952148767,0.06350016642099618,0.15963031024886581,1.0
0.780645504726477,197.05656704303127,0.14434213297442927,0.040183005039489406,1.0
0.7299983490479228,200.38406841931095,0.07737878675954793,-0.015822242846374526,1.0
0.8442410040456894,169.65492278855788,0.06162464816630948,0.13114307424807478,1.0
0.9134940050514446,213.34710568909355,-0.007198341581099707,0.08480682852594348,1.0
0.986002704762271,203.6222457777886,0.10511910991738266,0.08911724394309418,1.0
0.8306053093789766,220.03740827082177,0.06850663254313125,0.08427498033249001,1.0
0.7245288529690213,200.0032101481417,0.10482151897642522,0.11158349695093635,1.0
1.2372013899540888,165.23204842956426,-0.014967884811853072,0.062364037904846605,1.0
1.3823280383577137,192.8310762138665,0.10849133362918437,0.17380574372828822,1.0
0.9286573343764051,196.00140153763166,-0.02155605819858139,0.026188475984530085,1.0
0.7486439265958266,214.85806610867198,0.15439701266342762,0.12224374583385617,1.0
1.195090826208459,158.5945291097321,0.12609456170675423,0.1321060501938292,1.0
0.610648578734307,200.8235903389787,0.08606676142877062,0.0620174119583311,1.0
0.8330453350590346,210.27350431586612,0.12813599300410397,0.048813277736109086,1.0
0.7607765897307397,186.7702422943696,0.05109628686682238,0.15085871070850781,1.0
0.6680928899099022,201.49256019633694,0.10361877578074463,0.05045696229916426,1.0
0.8439951534156461,187.4592698170031,0.1397387019230168,0.06966680296247166,1.0
0.727165584165207,185.4085413355922,-0.054714462454569485,0.14436544812298732,1.0
0.9025308928297309,191.83160299737366,0.07763878201612381,0.10173706167695122,1.0
0.9054354335344929,185.78616015065978,0.0988677934931813,0.01014281661854477,1.0
0.7757336552956041,213.67236623872665,0.09018531911271167,0.18735295722767573,1.0
0.8258973286812261,185.30096246329245,0.17285509131137028,0.0734994620610017,1.0
0.8538302064192579,181.94179985904145,0.043804943753855775,0.07986213550467913,1.0
1.0619692122238855,235.35857333679067,0.06894203782773856,0.11278921261631827,1.0
0.8703141197871629,219.2148002364807,0.00420654868457758,0.13125383985020364,1.0
1.0649403481572195,162.769732786816,0.17551433256365728,0.19805521456457337,1.0
1.0171625967109312,184.70463420294934,0.08768549286956001,0.01699659252971518,1.0
1.0143061393801485,204.8492594344542,0.07807955559816465,0.1412976104462973,1.0
1.1775691940691946,206.47510134462988,0.0973758658844643,0.13715048470250385,1.0
0.676121824050818,170.19014268526212,0.13181179142151622,0.09314175445629418,1.0
0.8053633787385773,223.17130985644644,0.11736817017580624,0.13936368474081112,1.0
1.2526597600599139,216.50448838363252,0.23239421067785437,0.14671370088182734,1.0
0.8485366998821465,209.63803264080678,0.12269679442018874,0.03090186075064978,1.0
0.3369752620188301,227.1345698142424,0.07673772854154595,0.18748832529404152,1.0
0.859406331370423,209.04579985141837,0.07193216312380266,0.022061887343092917,1.0
0.92698790603265,208.97161758503694,0.08036205237915955,0.043234185938061345,1.0
0.3765773765137579,231.15358543644484,0.024908153768508107,0.0869106163187952,1.0
1.1667871279775897,222.0243916145542,0.10199321037457931,0.19624702565935284,1.0
0.7572575072268796,183.1698508217694,0.13917340531044586,0.08458716851233068,1.0
0.9657126230375032,212.66390357343832,0.06933181996883821,0.09840330549745947,1.0
0.8548036909311876,186.71464270082836,0.05963099718579443,0.17160393019522818,1.0
0.6423297161591917,210.08309101900556,0.17579725731471169,0.08498409287172637,1.0
0.685898373072916,209.5322701403963,0.028675842168941743,0.04107816435346622,1.0
0.7129834327144906,172.3306537508803,-0.003390918823865066,0.07913825823808428,1.0
1.1171343818367276,197.5630877737793,0.04235490281763087,0.16853959169028887,1.0
0.8704923623799696,205.30514047160804,0.02297836414378518,0.10354324985275683,1.0
0.7956268966896507,191.27419618011686,0.11931130320522909,0.196532912952813,1.0
0.7130782174819538,206.29419884781518,0.08196477497752133,0.13689674631310778,1.0
1.1392300443052252,216.11795554002137,0.08901564774880802,0.06775955318032584,1.0
1.1928402545047174,199.38813871538488,0.15764670884873866,0.10255381522325392,1.0
1.1369487797413362,204.49198953416519,0.06543325694186118,0.05733909409290602,1.0
0.9984874678308333,227.66848157111951,0.13875447058728205,0.0665783484675615,1.0
0.9579660083741424,209.4639316645045,0.17556613996016016,0.32395421255128787,1.0
0.6568124364048197,204.01648579348947,0.07721687509931698,0.15093122550169055,1.0
0.8508361746577885,180.8384124071728,0.13685114277781568,0.14305489945033367,1.0
0.7632279593307127,213.420520227777,0.087909104373551,0.06884098423459681,1.0
0.534897578203058,206.60299898783876,0.14620490644203946,0.17847920331405395,1.0
1.1114086838330732,225.67478867402815,0.021425540621186345,0.15497078008964688,1.0
0.760834010721545,200.93757086606624,0.01772438774373268,0.19408106446788856,1.0
1.1391883814870614,163.67466999732008,0.08043661425462297,0.19165570741992247,1.0
1.0763492801520025,165.99758262343477,0.05555375954701147,0.026045535595123903,1.0
1.0113435953266838,214.71361527519466,0.07416454452850574,0.04450802553650464,1.0
1.0225768143526368,188.59612804603694,0.08902367087764301,0.04981060922681818,1.0
0.7769372235852585,208.73535502220994,0.13600067659181259,0.05280296783337815,1.0
1.271570030258133,202.2846528900471,0.07961697107170326,0.11617261821301952,1.0
0.9086250861906099,196.66320664612158,0.05880693446884567,0.07165982739520912,1.0
0.9603863370237408,198.07277428823554,0.08242433116205505,0.20362992703812594,1.0
0.7701847332866723,182.69220989909547,0.06154273600966911,0.1952339941040819,1.0
0.713766947844608,199.68444622200659,0.053299724896864284,0.09967692029604802,1.0
0.9954592017618846,188.31013134411202,0.01934915932115154,0.19776631080748952,1.0
0.9435026991877571,192.5548695974859,0.10347390581105394,0.1744067313620101,1.0
0.7421295268194845,193.52701910581678,0.07156471467014733,0.07746467204113706,1.0
0.6123146562449192,195.46613460202562,0.1483139369617336,-0.00046076720127807835,1.0
0.6460153825344905,218.44346913014172,0.02763019539705297,0.08910158075196353,1.0
1.1392267434182215,197.40418341590612,0.07289582224760606,0.06776889344607635,1.0
0.7773492370699857,220.47404673180196,0.19064536103293744,0.11032528125729152,1.0
0.8322182908648332,230.75709902652963,0.05301952414510753,0.10446141434373746,1.0
1.1900680517518125,217.098893021123,0.08817333739519381,0.10315088294496143,1.0
0.6755698877027171,210.68937070137022,0.03920780085873158,0.12618423706895823,1.0
0.7546010348565887,206.5366441896704,0.03257862436095095,0.039373902645816077,1.0
0.7462466342878614,217.30717418100141,0.17736554915438393,0.1205680138784854,1.0
1.2236136962332078,201.7872147719248,0.10855197463185737,0.0780191923491497,1.0
1.298676700116483,219.69139691914398,0.10668394191188117,0.10999910999318435,1.0
1.0503126450804343,212.28211610579368,0.015184188244188893,0.1478704922616095,1.0
1.056676944830848,192.80319078439226,0.11793706940541515,0.03878001133894852,1.0
0.7839289994294538,217.91701760205612,0.1578710972996913,0.08593531736652153,1.0
1.2894656973808565,201.82960011955137,0.1574738530414265,0.0940732882985568,1.0
0.9535392508717324,197.87735984775367,0.13341666148030806,0.07428655142146796,1.0
1.070622052889948,190.47601679202026,0.0435257211202298,0.14499147480664787,1.0
0.8788950122458092,203.32037695749145,0.11565617085964959,0.06398058205997642,1.0
0.8463934825344779,219.92925230825966,0.1333792480238304,0.07222998002788307,1.0
1.2326084519192235,217.77880011186073,0.01027782074555493,0.06450404335239678,1.0
1.0079447359476614,207.06787594917913,0.043936020425910764,0.1546027705719401,1.0
1.1902750922140763,211.9928728145007,0.1444078660871721,0.07537779437938917,1.0
0.9510656343490089,225.43393583045116,0.14380228883359644,0.12300226954417781,1.0
0.7303266927153819,197.00067417658278,0.022570848318930387,0.1987852550615037,1.0
0.7833314134243025,177.69159992939586,0.13975107296345862,0.09625907898247074,1.0
0.9205930484929221,226.02259704357147,0.1047651699576809,0.15560303400165787,1.0
0.7746999567913346,189.40443495938564,0.13905044773035757,0.1835677042046564,1.0
0.6785077182744619,186.1932375331219,0.06827393382830294,0.1513595780020207,1.0
1.140283406357405,164.07604489330896,0.13225917482404512,0.09915993420111298,1.0
0.7910259858352976,211.42566106328593,0.14219143872428125,0.13210538794993068,1.0
0.9276385495582641,167.57094750895556,0.08243325322721443,0.035631070343232735,1.0
0.959226717977121,184.99482384616527,0.10088762730866431,0.060997842092502405,1.0
0.7823693749358862,211.76473589030118,0.06757391852476732,0.06976624091840405,1.0
1.1901598932617479,214.43842504816743,0.18258194743429398,0.21203060600871412,1.0
0.6765716477590774,186.96591703563533,0.09398640303371171,0.05937077428723665,1.0
0.9523250527161542,197.3169334601519,0.053898783741140904,0.05862616243690852,1.0
0.9492235412753167,182.54810947187693,0.06420870430626249,0.04780395098755083,1.0
0.8891490794271705,189.03206424377635,0.10633853005710567,0.12799058809653804,1.0
0.6406174773456035,205.32430520305815,0.13766655858891058,0.10713106963344415,1.0
1.074163510372693,189.96706642407085,0.03320865774247392,0.15433794885132826,1.0
1.0487021340669194,195.11569919648662,0.19238300014712245,0.13356298330386773,1.0
0.7648862942817567,170.70586636764867,0.11543376470278083,0.030980507663796633,1.0
1.0414974414410725,222.65912329612274,0.12332279864847064,0.05963611149948147,1.0
0.9749815372601551,210.2013318634213,0.09514052280882819,0.16826643741379108,1.0
0.6438775709277784,215.85810743674404,0.10096294836755629,0.08983508777115976,1.0
0.7292142170857285,225.80850649233724,0.09258584310362986,0.15937959090090065,1.0
1.1276562889779158,183.49574248908567,0.15088979845179804,0.09251595260423415,1.0
0.96188323702841,192.83211033943954,0.09960357062733148,0.051617178585573936,1.0
0.7871394108378748,162.10331264835577,0.1383525109246355,0.0848369611166647,1.0
0.7283048217654716,262.80845820204473,0.07830762383237139,0.0515975102225152,1.0
0.7969212403769158,197.0082936936525,0.1097820264156158,0.07172236187987882,1.0
0.8111040940244592,220.77455799829823,0.059803982788028946,0.1100462853282623,1.0
0.7308073934741497,175.23677711329083,0.16082641162747685,0.12558025451845103,1.0
0.5516471775233396,219.92776851286018,0.05831263796404421,0.02049043383728509,1.0
1.1280026572801571,237.1518175329933,0.08375102778693369,0.0991315996245451,1.0
1.0941267345222887,198.79438501944037,0.08425197937726275,0.07066921322201239,1.0
0.6453489096386281,179.78237006820797,0.0823024306163116,0.06757925955205937,1.0
0.9272622591127335,197.22407198108928,0.13612478847214687,0.10663423095665385,1.0
0.7195523594570467,155.46476950085548,0.08416711176316782,0.0724774063655394,1.0
0.847686555354693,199.24226597956317,0.16969622652705363,0.16910689974233373,1.0
0.8310466840252687,216.4193427862599,0.0590762456934916,0.15940309381255302,1.0
0.8144331568564255,199.28484711252972,0.10846887349713535,0.15909141469710197,1.0
1.3005894168152574,194.31720890622066,0.061210700534370006,0.07525449022548492,1.0
0.8119348630647619,210.55136232224066,0.12104863912657335,0.051875058254033886,1.0
0.738347234986615,212.08049693899105,0.0992025136511615,0.10410149646940578,1.0
0.7474837141005904,166.80188874989636,0.09224689776507608,0.09248258168568664,1.0
1.1087553912803512,201.77645924557578,0.1594237483251762,0.06955884187883177,1.0
0.569579533661413,248.71970248458487,0.06728290644724483,0.04121327766665193,1.0
0.747475416712896,173.29967508703953,0.1293257578809,0.09792410153659643,1.0
1.1893645680223068,198.29162334333867,0.061552004366260384,0.07979652748737634,1.0
0.9487972375995294,238.83492244103405,0.10563426000801869,0.13441735185190098,1.0
0.9383844010072226,222.0835031308735,0.04022123358882773,0.133255302576074,1.0
1.3264292920287404,189.73206638447877,0.06687414268466299,0.15503999027113585,1.0
0.9492695905896997,204.1227075924521,0.09589284772135676,0.03703522240599809,1.0
0.7583627677280835,199.95776640030354,0.1907324583661539,0.12005291538468164,1.0
0.8435845886247303,185.03856391356666,0.10504019352298871,0.0636267146883164,1.0
0.6729135381938862,198.51495785013836,0.18273341579333532,0.038979289459445766,1.0
1.1511874080031395,194.4006773438694,0.11101616458454591,0.0785698881525645,1.0
1.014912343507343,202.254978761535,0.08064578777625304,0.1534352490067309,1.0
1.1248828299941778,185.03233638617934,0.1769678261300347,0.08138408232147579,1.0
1.1425967857098742,174.46763599510678,0.12185088110367095,0.17827273299795562,1.0
0.8171578438144935,199.17438453215257,0.06786392030586433,0.12744392577601668,1.0
0.711049429598222,234.3023643635756,0.12352857297001488,0.08029547605097115,1.0
0.8896573777383908,201.64405852525593,0.08537026250461949,0.15800242144532045,1.0
0.7254477858422923,193.3681244213691,0.0005482901914352079,0.12226983860571429,1.0
0.932991375081805,215.08171610076997,0.1467986579632809,0.053372030577664736,1.0
1.1264193761669379,196.83360774809242,0.15474670278209646,0.19294013177902578,1.0
0.8663720707901665,237.3606584991822,0.19189710149961378,0.11297394115432384,1.0
0.9299990179815478,199.92174981409843,0.12110718460976314,0.1009398095992746,1.0
0.8812308767553267,214.00994126316326,0.08756382879587338,0.05722336650471921,1.0
1.0605455144875395,184.90791235213453,0.1417494713689293,0.15897691338038691,1.0
0.766443521142342,210.06178506673325,0.14249101826594532,0.12586377136806534,1.0
0.4607107476713802,205.50186953887507,0.1819140591568211,0.13146190901476207,1.0
0.9941737718750762,198.86987750681584,0.0977686188466779,0.07462343282371159,1.0
1.0975668842615987,189.9648447766056,0.09172105137162029,0.14170502859550343,1.0
0.9892748489517071,187.23939668695252,0.06422277901207363,0.14559067967854009,1.0
0.7719539009063973,205.64705327959305,0.1268731043362601,0.06656108806094388,1.0
0.6729975803627862,212.57878219392947,0.02258691658845824,0.02915049301595045,1.0
0.9988995063560643,197.45674407411738,0.13880436864312823,0.1290686529669462,1.0
0.9282957905869348,205.74535858241586,0.12939175609328948,0.021332652519713016,1.0
0.874841474468334,199.24170643734462,0.1292535101229186,0.10760078889188897,1.0
1.2644926685987583,201.97052049810776,0.10691126182509203,0.07763774476063465,1.0
0.7106399811637336,195.9911003464555,0.17664891237655425,0.16093326053944607,1.0
1.255007404225493,200.35945158736615,0.14359967327134318,0.08035780546163965,1.0
0.906356780974128,253.96080913634853,0.06964614043121502,0.15536364860019022,1.0
0.5328859046258251,206.2326859761485,0.07054104751511767,0.07428952778184869,1.0
0.8641594691361718,212.90593916862085,0.05601630932926816,0.14999955025298056,1.0
1.0918992153198883,208.76047210656193,0.1275641666387794,0.2030170771918416,1.0
0.8269889934390059,194.7436635340588,0.049993053938002165,0.046597643081687984,1.0
0.6050442917523211,225.87978426583336,0.1541696071791676,0.1146017860865454,1.0
0.867097093640766,194.17672459147317,0.16614866541727719,0.23743912079550325,1.0
0.7285655252216588,221.10109097885103,0.05604918655247745,0.10332944134514609,1.0
0.9983628802175926,193.31586003867102,0.09072257327035732,0.10308941351148242,1.0
1.0546799632135224,180.80054961711917,0.1008310490681207,0.13942494736755098,1.0
0.6887459184503788,207.30792416472386,0.14419915802348338,0.10205404320473771,1.0
0.7588391889768701,177.90663287795786,0.18046716878049385,0.014638700271472377,1.0
1.0513284930213875,210.7128045003322,0.01572538035657113,0.15661436874194695,1.0
0.7282311443402082,176.11682687817367,0.08409096412366586,-0.00014742069325963947,1.0
0.683568372834401,193.61983939054292,0.08669916522198265,0.07916041744308291,1.0
0.664261773640749,171.36540606950518,0.02996650725567261,0.1603712874578324,1.0
0.9704077225916241,256.48334018805457,0.07574449903479692,0.08217287856786072,1.0
0.9618315439034929,166.92080880767372,0.12138844721753056,0.0653151753767798,1.0
0.7631907939241916,200.1962748079281,0.08606605485802214,0.14396319525832804,1.0
0.9010170792256469,222.86608548660027,0.022768941569629317,0.05744426065828068,1.0
1.205426476831026,220.7277181717405,0.2437041349004957,0.03888871402040232,1.0
0.7051879686163557,217.02684244346275,0.11330889326020901,0.11372569937466417,1.0
0.5096514781979101,193.6554322355705,0.10558470650533376,0.09085383507937046,1.0
0.9910151151440741,227.02177892674004,0.04510368184664768,0.037816344290557906,1.0
0.8779197672196823,218.26782181604366,0.11303530809856377,0.1318476269997435,1.0
0.7579949826369797,204.24599235320954,0.0917893107979253,0.12322438027886169,1.0
1.0304160474709816,204.81161515453184,0.0055738293642296904,0.0820122491697184,1.0
1.067845028933758,193.92154704769254,0.04648722799927919,0.08543339969375269,1.0
0.45834439602398147,181.80695948333923,0.13974630088369727,0.12351963710045784,1.0
0.7694804181337024,224.74301950957434,0.1972008825000221,0.15951807098760332,1.0
1.363503246239371,226.24415987203065,0.11835827025215223,0.08586033949453376,1.0
1.0166809831596382,182.31781717940157,0.15515416391466838,0.13273442465040725,1.0
1.0352207276594299,196.92429669707616,0.0922122345708395,0.12826001085422997,1.0
508.7930729270898,1.547704393143463,96.60178831691702,1.1240965598738533,2.0
500.3930919874347,2.466414352046099,101.82134871011176,1.0319823062614066,2.0
490.87674485933644,1.652177274939902,113.59771893328313,1.1538847290469345,2.0
495.3750084680003,1.5295320236785572,99.55291243240414,1.0911262283037824,2.0
503.4285346578165,2.2660580670931907,91.1388734865235,0.9476547570165543,2.0
518.1846437838159,2.6079367810994905,83.80310134483373,1.129314807502127,2.0
495.1598037680372,2.244006743188005,105.1304786741025,1.0263866020902945,2.0
508.04787443527397,2.010402011886272,102.47288125627739,0.9605320291339496,2.0
496.7194354932324,2.1550769130507534,93.54091826737704,1.0278385695320882,2.0
501.1046875588614,2.06821345903364,110.26014125707297,1.1112326824390264,2.0
515.153967492636,1.437024551932303,95.7822313561237,1.0455045094242221,2.0
507.6429258142043,1.3786899275275424,98.65355908175205,1.1822392832551398,2.0
487.5870072725904,1.9605870602632727,99.83335866702056,1.1086530557898822,2.0
494.2752497618841,2.039928417884652,96.49047257861912,1.0523160033402164,2.0
512.5622134444136,2.005666189183867,102.3586506574957,0.8973931917258842,2.0
501.41878042628497,2.3380508068249566,111.51515145933001,0.9820267485989879,2.0
488.51159880384137,1.89226164191783,88.57518101881577,1.007166413975085,2.0
491.81047555026277,2.281489590952428,104.88520138474009,1.0696631501217746,2.0
507.0349352271117,1.927706616336776,101.7215866960644,1.0637333041272192,2.0
509.9441028121763,2.911679481018233,101.53763829544707,1.0169540410218285,2.0
500.1785530148217,2.040356863363223,108.71844569874091,1.0120349915377171,2.0
524.753138009361,3.170361305762839,100.49297425217159,1.072045689507607,2.0
508.24152363455636,2.176005795545432,104.80229261905703,0.9141413774370014,2.0
497.565189303671,1.8931614147058922,107.15864629571148,1.1695515819249858,2.0
491.84293951900656,1.5502760118701628,94.95634799619393,0.7952833114836528,2.0
490.2511569536096,1.2785557129711531,102.99183460813798,1.145540948217203,2.0
503.35421320480367,1.5042788578019217,97.49212392789369,0.9954814471574838,2.0
495.11222955086595,1.560196845418005,98.67318220280104,1.1002579814271594,2.0
516.7374375398342,2.1974100102060885,96.77938603521667,1.0363840434292613,2.0
514.6631180291786,1.7369173144699062,104.71080404096887,1.0346034410910803,2.0
506.33066547497225,2.0934635262772487,100.81644709018254,1.0554254476026521,2.0
488.210038270431,2.640989181188343,103.94544034316674,1.0809054289087778,2.0
493.27781127447594,1.9560958241825732,99.82482637104252,0.967116917341276,2.0
512.556775257411,3.039578349233402,83.95878987529676,1.1034799130526236,2.0
494.369338002049,1.4120945098304012,100.31368416099708,0.8915529376421216,2.0
511.2214173391952,1.924708225812536,100.63537955156816,0.9994669426673876,2.0
504.7460392303476,1.7303435381945107,102.4259593715346,1.0835969924272277,2.0
500.5171788481319,2.468253303028504,94.06270806314258,1.0995017579615889,2.0
492.9716718706456,0.8801041848169395,88.04530283334488,1.0460788848261402,2.0
499.05756156475246,1.2784423554110944,106.24606644894278,0.9606607562044265,2.0
501.89647954874897,1.9463265887745187,97.26393443465831,1.0896707778368704,2.0
510.32538898301124,2.7756888605047467,101.71244047684996,0.9330633760881246,2.0
491.14264399366243,2.112920917018654,97.18539920111705,1.175140907374891,2.0
497.37183157473885,1.324226272867883,99.93938174226405,0.9915329102500335,2.0
500.4482313193229,1.4014167036548848,95.50714652064192,0.846037430579404,2.0
506.62678357686167,2.8364948514224766,90.31916410846172,0.8805316531983448,2.0
490.91535662477224,1.6894326006018796,104.73731660768657,1.0043643636879587,2.0
486.83430207112787,1.528518313775118,93.9687991177388,1.0139825271326053,2.0
506.73965151710047,2.7386862803154304,101.6395148089481,1.1969656684951095,2.0
484.820508850533,2.5055485027934954,104.10460221902078,0.8961500662385773,2.0
512.8497971476216,2.637029821633398,94.13187284396918,1.003946219930393,2.0
498.4407390251709,1.5249790598670918,87.96114365627015,0.8940578592917943,2.0
484.52468917725554,1.2374471794928197,124.26085613853053,0.9507345146786597,2.0
495.19579780596507,2.066583244681353,94.72228124054574,1.1683972030069338,2.0
503.79123633069236,2.167563066536832,106.23417158601158,0.8863663776844009,2.0
494.6729891244502,2.182300901852416,119.39463549570124,1.0587042424067834,2.0
500.20029748824345,2.739091967819501,107.89907746853893,1.0392907359014392,2.0
507.40078365705284,1.1331164549958759,96.99557191172448,0.9975828573641792,2.0
497.9780966461238,2.4298475256488827,99.32883612464889,1.0519436623191738,2.0
490.62942323533866,1.4516874779263411,91.67392780261152,0.8839979618056711,2.0
497.0101600262816,2.4278676604304206,108.81696426957743,1.1656322507803558,2.0
514.1484013645926,1.7625216477393113,105.66270708058688,1.1924845495123522,2.0
516.8506434533318,1.5930141020547441,94.85574181738257,1.0047104697759313,2.0
479.80073826057725,1.6950486465253989,89.57825192901555,1.2423106130613555,2.0
510.9102790919148,1.2771948996117186,86.78766262336309,0.960097206845008,2.0
502.50147716035355,2.0202144699167337,109.86514003804201,1.040043199385628,2.0
509.2398267912015,1.6136633046697715,101.2037312895556,1.1431889063774514,2.0
494.4951173973237,2.393149115450139,102.14984536332751,0.9540995539777091,2.0
482.31736490498514,2.320028040516459,91.77051374137642,0.8618450941120561,2.0
505.8448878864746,2.8440785264513955,85.36496896695594,0.8388282934381146,2.0
490.59022738717283,2.1831637417705387,109.62613574711632,1.206082656390266,2.0
486.11707568515146,2.2603388835400366,100.42039036997231,0.9470975349361223,2.0
486.8159861752653,2.700049905913907,109.0723466005762,0.9814263236581502,2.0
506.00913782415336,1.686168651986652,96.14066873484435,0.8887235921678945,2.0
501.39452466029195,1.2558708935884837,97.63182156963141,1.094833927932919,2.0
507.8246602187467,2.100047029564197,107.13298176620631,0.9218440140775415,2.0
506.69075254496363,1.288683265392798,107.32348079650525,0.9508736972338678,2.0
495.79066435416235,3.226969336462695,107.97565622685954,1.0299520419416162,2.0
499.29526426122544,2.7277491460394714,97.04798746897303,0.8935954072754427,2.0
494.8856247121746,3.08198816665079,106.14547237650868,0.9821417730485774,2.0
497.8967222713451,2.0312234883315647,111.09099465476719,1.140220958950327,2.0
490.3274526201893,2.275286796850799,98.95227988318466,1.0428254397516863,2.0
503.90484293874334,1.770262284023678,94.86511636225947,1.013054229242836,2.0
510.75120748981755,2.441462402793376,113.42747603316766,1.0214864709463864,2.0
491.83386970179015,1.3922283939744715,93.45554266448693,0.9610864904023436,2.0
512.8126964540135,0.7284534052626106,106.29476497114477,1.1996152319754927,2.0
501.13521496477944,1.6046446902557165,99.41577689480138,0.9187842869465932,2.0
502.4107897640581,1.2722632621913421,81.5843438351544,1.021092616196393,2.0
483.0057048039248,2.7389633680797676,111.2859406747858,1.0115025566342808,2.0
481.9273769043427,2.907838727540158,72.42146370452632,1.1008762507133136,2.0
501.4411636277968,1.2985354637934445,80.15871933242391,1.110317393879364,2.0
507.8973212463201,2.6458578037606197,105.27330079480672,0.9967981195512929,2.0
493.28619556355045,2.4756924917503853,105.27071198678115,1.029066649311305,2.0
516.700939005831,1.2151116576405618,93.62420142122464,1.032853475391395,2.0
507.34935974254313,1.8048662345341908,101.47822090303245,0.7727858344429392,2.0
490.91658748292014,1.70991813893774,74.68569954221995,0.8411010397522225,2.0
500.30848667053505,2.3739976993136,107.069754644706,0.9394936309278029,2.0
524.7692913372341,1.385610324547493,102.49725487053597,0.9438401323623131,2.0
487.5743599720029,1.9505636871702587,99.54357146666204,0.8800717578035868,2.0
505.28269938915105,1.657032748025191,100.20841482137772,1.074958257137363,2.0
496.77255447276656,2.2366705916925715,104.93254176193032,1.0002118421017472,2.0
507.06896290918513,1.8916039841560353,99.7109847650214,0.9785305452613162,2.0
512.6727364631838,1.7323771480298025,81.2594449726878,0.8743844725492613,2.0
496.1376291128863,1.893351712183961,121.96332234522522,0.9955455135755211,2.0
511.1891227170717,3.018021416420056,112.00800819428451,0.7373315244001388,2.0
522.2120339427196,1.7915501819403055,87.15055338045173,0.9837043689194159,2.0
500.66274737344236,1.4794973908581066,96.54862769523409,1.0063183668807756,2.0
507.84888687494185,2.2917167845779827,97.6396580984396,1.0241914984321498,2.0
494.09559229796724,1.9282376652885218,110.78849566508964,0.843589823652072,2.0
500.19259309031213,1.2923830345667637,78.40731064680233,1.0224816736691476,2.0
498.2332490729176,3.1157481676012333,95.00991735570211,0.8958568730135458,2.0
507.96935925658596,1.8237605272066761,82.39363556662497,0.9187530167707666,2.0
512.0467593575693,1.8110652730193244,97.14904484171662,1.0717931385822665,2.0
498.9034515088254,2.0799176759540488,95.27499106915096,1.2014113723359745,2.0
515.3362284573292,2.8650583846044198,100.79694067382712,1.005135875880268,2.0
515.3004744156162,1.1601273367405023,93.95125600990816,0.9182904541359768,2.0
508.468537431799,2.13799292471027,92.48976608609476,1.0188670447509998,2.0
494.8397346827827,3.043636080896814,106.19656691763149,1.0939029157499145,2.0
493.88171183260096,2.064364340369824,104.5467274094258,1.0620997565872736,2.0
491.8761864530996,1.38233301034826,105.51398342778242,1.2743112872463747,2.0
509.49166070238164,1.6908015735196738,98.23099909509158,0.9284662430905333,2.0
487.88231792510635,2.1034412648783953,94.2826141777481,1.0252231479919298,2.0
506.76837654111006,2.665401957819931,98.8114751797923,1.1548917953418203,2.0
489.1889065217589,1.8303320777919696,105.01162070068452,1.1486159237018532,2.0
508.2354611984197,2.4133258987162156,78.23220299028151,0.8049922073475619,2.0
500.1721958273056,1.2823155864765554,103.94111930370858,0.9996642379960019,2.0
513.3363856185982,1.2781408152024727,103.09138187334798,1.14845207658487,2.0
511.4145457832127,1.7585996556575252,100.62150906085726,1.2890642990399137,2.0
514.3506541200211,2.7190143609366313,98.50686578128325,1.070379588375082,2.0
514.6081871828911,2.0344373197568846,74.33880614067587,0.9632136706303517,2.0
501.436308339882,2.1449055977833096,95.60146736899594,0.899079684756261,2.0
488.4120693357539,2.1390397977867637,117.89438711077374,1.221874335753085,2.0
489.4747694500262,2.5546039912933654,100.12901295568305,1.072874158646576,2.0
479.1315147068406,1.6948896537310731,96.92710161325282,0.9151933073114582,2.0
489.1633416657191,2.344142554244116,100.16906195590113,0.9796843633666219,2.0
500.6882365770465,1.584558668072435,103.54772868628008,1.0310186516828703,2.0
494.40345819174837,2.9916363279603804,106.58820244689464,1.0543806653888117,2.0
498.1986439559015,1.599804447851655,97.71119836842058,0.910038134245421,2.0
504.927154194614,1.5588053484606896,104.24919602393683,0.9385809581874507,2.0
496.9593474193424,2.274834906744025,116.7665080276136,0.834706543762704,2.0
488.78171199587416,2.0398942157161617,110.06250799432715,1.1039762289604782,2.0
499.4676633243657,2.163426203130467,123.40300215856979,0.9658381533229684,2.0
491.01509513227154,2.113656897746159,93.43229641648284,1.0466321649183292,2.0
497.29213503020935,1.4548039005962807,116.76189507502015,1.1422258508576326,2.0
513.42776964423,2.806679464539742,92.09326360077405,1.0219870142373946,2.0
497.29494695903827,2.4467711029445547,103.53566146740464,0.9887029524050932,2.0
517.7095755334775,2.679474975633558,107.32476529238099,1.0193921476883934,2.0
514.3163598693797,1.7358345554447878,94.89222808095528,1.0063193603850227,2.0
494.2069469142096,2.2082617723575857,100.87964277474276,1.1246164997877945,2.0
488.8887623358422,2.0986842311173457,109.1046110245184,1.031083839753879,2.0
499.47445838079807,2.564001313100754,92.89729101688093,0.9455598980421087,2.0
511.5332776339689,2.5801240659148093,116.69383459547647,1.104784905688975,2.0
495.0980909377131,2.0965254014790573,86.1540337527265,1.1230484356358352,2.0
509.0809029826214,1.241024434078374,119.39691442728385,0.8661669373179537,2.0
512.0843998913609,2.8898309435438447,110.01326134799592,1.1532783884768105,2.0
492.2597434963739,2.2779937168450695,99.10274423672222,1.0364711773208486,2.0
493.23948911711415,1.695781479304429,95.97331788763269,1.0283269950146599,2.0
507.1266203212701,2.2032710691333475,94.92971737208977,1.1006624631596515,2.0
501.5184754964157,1.2444532257737384,98.64204359742985,0.9433023608995721,2.0
493.13938473456324,2.527676533735522,99.51504138451173,1.0954164514190925,2.0
496.4781955188041,1.2643941278604234,112.55226246634581,0.9623224530262144,2.0
499.2948044727258,1.8895827539814587,119.68654100384583,0.8525049320289662,2.0
484.3514557504454,2.1222272248027747,101.99379920654007,0.9002243720893066,2.0
507.65643106482696,2.519419855991047,91.54371512010596,1.0567021832903227,2.0
495.2130781106081,2.053272338217187,94.54273959363806,0.9054531660005342,2.0
472.162837762019,2.317481436806275,98.16909215388715,1.161007612318965,2.0
499.76129031690544,1.9859165457752235,89.69877894703225,1.1189283453439642,2.0
492.5842874110649,1.9839070245278587,88.21058597892622,1.1333439166032966,2.0
516.8882219230268,2.042738625174149,120.97127212373027,1.0124778579677411,2.0
494.1455497908003,1.9054710395738126,103.02613525946254,1.0257861617294959,2.0
489.0235663642139,1.1567148784592822,91.66866866319653,0.8806288145755723,2.0
505.07932669962014,1.615838253151686,108.16603570357712,1.099578351015749,2.0
493.39552631992416,2.122387420555849,88.21653875193155,1.0379833455037086,2.0
492.2054379874777,1.8754394982556406,89.03987952128946,1.056730562529226,2.0
505.0950138282441,1.9220954589090467,91.96957598935755,1.1688311811452883,2.0
489.59532692110434,1.8383231652806422,116.54513280865034,0.939403701605249,2.0
485.42726341800545,1.568200803634091,97.47119934221627,0.9873858450122682,2.0
517.2599800209433,1.753450269511853,75.58293013097513,1.0326670921542167,2.0
505.7949873760065,1.8465841278057027,112.10065933175593,0.9064564594541293,2.0
497.35790715005635,2.002571570270925,96.93618635837643,0.981240117872316,2.0
499.96522790298064,2.1966891722348563,81.50591994121595,1.049294981046697,2.0
505.05864358116156,1.9097248545571304,96.8331651203659,0.9674578728627169,2.0
509.7333744961342,1.4851723721537904,105.21003896604903,1.1308989409729113,2.0
492.44024708684987,1.3009589800406083,104.0404916653297,0.8489075438183006,2.0
503.66146525965684,3.298718603687612,117.98414979164819,1.1122771240233342,2.0
494.9329582378976,1.4350924848677185,91.47232137430069,1.0661185474816004,2.0
498.11018755487373,1.7406874993678085,100.46720120264972,0.9431171412443409,2.0
501.60692867464905,2.2585001512569676,93.00430721421579,0.9075591431770001,2.0
499.9332142694733,2.1804303047828406,84.57807105812778,0.7919717382757548,2.0
507.35566898302574,2.260432846280786,108.85527372305955,0.9204824987586167,2.0
504.87086559115596,1.7786414652339122,104.6326956914752,1.1047176655002997,2.0
484.91830790627824,2.1192790353197735,102.83678449698853,0.9943914273721326,2.0
486.4217679293456,2.030671832120432,104.26790193258644,1.1162980880391842,2.0
496.30283315240706,1.8439343162293564,93.1452714731158,0.9380128929375448,2.0
518.2862526244182,2.12270487088567,89.94304912681807,1.0707106160106563,2.0
491.484081674984,2.5276827733753535,100.3764737216936,0.9282501397915578,2.0
497.91777290387245,1.9888998882823377,111.61211402411614,0.9034424993790161,2.0
494.6365397304348,1.9922264231782127,116.08077135453547,0.9892872782829324,2.0
494.4595561591192,2.5340805174379923,107.95432706807433,0.9335033488680003,2.0
501.78239743905056,2.4806801799094065,100.29174426768095,0.8457177850962787,2.0
514.0077727619565,2.7919682204817415,102.69783929399937,0.9817685299283007,2.0
504.5596839988059,1.1218848827602117,100.11593859325372,1.010643541643129,2.0
491.96469038572906,2.452559591584695,89.74056660300572,1.1268358611496068,2.0
527.532295108032,2.3007900227010896,100.24647378210543,1.0936805677133061,2.0
500.78573220961124,1.5571738011233673,86.65173182411507,1.1219943199232831,2.0
494.22779043617885,2.1257939589994224,98.7592277389696,1.072035749839351,2.0
514.1209637467759,2.525560873878999,116.36105110596318,1.0332612758949975,2.0
495.30929382056183,1.5854205387573,108.22859222783352,0.8771055093528107,2.0
516.6291365498744,2.2212812145114036,90.76880815763471,1.0149872197935275,2.0
491.2935720903333,2.4356768378655085,99.27570930357717,1.0596793777330815,2.0
514.3003038892136,1.464490218734256,91.65623688245262,1.1457437949370437,2.0
502.01047664281697,1.928857153777426,99.3748623182279,1.0686288541731814,2.0
512.9105223270243,2.1504841883212054,110.41107816524563,1.124038343460542,2.0
519.0176570870154,1.6019342472285225,106.53007938309904,0.896800210863476,2.0
488.6739270947875,1.560423400453227,124.84144080745335,0.9673582373851904,2.0
512.7577182075833,1.932477699068613,111.92477402507572,1.0429350713661272,2.0
485.91096095574596,2.400819858451846,102.04000381077691,1.116095269074256,2.0
489.52815644751774,2.321867000596055,106.77149974133293,0.985477135416108,2.0
491.96590540207563,1.569293635406829,97.97556825816665,0.9917554040850847,2.0
505.0363663617786,2.326083942557843,88.72495752913504,1.0687140306002978,2.0
500.3301587693486,1.5820301119167457,113.05776578287521,0.8874129172854875,2.0
498.32863915837163,1.1949151010032828,110.08991476931648,1.160740454982343,2.0
501.46235279022363,1.8164282144763844,97.58945785406036,0.9120863906892315,2.0
505.9128958929347,2.561484685792868,102.73935736931338,0.8081410576440697,2.0
506.6824812394135,2.327980276070687,112.40939187384807,1.001006700852258,2.0
510.9416683561513,1.9992140963134029,108.4635142620602,1.1698458702375565,2.0
518.2003481276744,1.7916472582044713,85.368987487503,1.058645313033361,2.0
499.7863762755852,1.8051189319417844,102.43620021489824,1.0751090543003632,2.0
494.78911037869085,2.054392452930398,98.32368474511637,1.0041385762307113,2.0
506.1353612918519,1.4657812570770856,111.13000699138681,0.9847622502728823,2.0
488.5574518373538,1.8259463273993515,110.3104273878266,0.8455090630406884,2.0
493.21295867888387,1.8922152693201155,113.18607828178045,0.7740613742095814,2.0
509.9938094639279,1.3244627707742511,88.82105661279792,1.0196272338440864,2.0
498.75871625182293,1.5807758745512126,92.15888465943762,1.1312549194340227,2.0
487.9180754164196,2.2052533957431906,111.14082436135439,1.0344133704828065,2.0
485.10196934634826,2.004755919970497,94.08354184657554,1.0623599527052012,2.0
500.48716679393806,1.8456191044033086,84.78567019085693,1.158371754563954,2.0
511.4189653696801,1.544286281231018,105.32596487614066,1.0328766851441058,2.0
511.28545777531184,2.7884249127946084,94.52781559734026,0.9877344899692381,2.0
501.1088050289284,1.5810103926603407,117.897907703084,0.9181475194349935,2.0
520.0890941909613,2.1257964036308685,102.96184553988464,1.2022212562972086,2.0
498.95179634059537,1.7560654559631024,101.60259286641666,1.052654777915368,2.0
498.6143237660259,2.0181396463191676,96.30756108384243,0.9056398284080669,2.0
474.32564090261,2.228804870970186,115.90835333926971,0.8828832332198763,2.0
495.52637050838786,1.314871705396057,103.58554459889821,1.1253063726928914,2.0
508.52015034908493,1.996691877923256,95.91500481843794,0.8962558303591674,2.0
515.639613368597,2.595364324489923,92.05916293394553,1.185383415750222,2.0
491.6976536633272,2.8807509467460015,99.26526945435782,0.7243537202909289,2.0
504.6225232929305,1.9349930133724345,90.22353162845195,1.1422595197789978,2.0
510.4687903232329,2.0208406036084545,110.28877441678944,1.0486894811161964,2.0
500.112081531959,3.1056665143007667,81.91657945975766,1.0118594423056875,2.0
477.1671954247277,2.567462140799599,98.6048597166693,0.9824541564958237,2.0
502.4728999957425,1.6913577153723907,106.10133545087935,1.189072984859403,2.0
507.6143062406089,1.6905082745569384,103.42119420109657,1.0707058858401204,2.0
490.52577104981543,2.4782747308936344,92.82717026984331,0.9096796391104549,2.0
497.4584546912561,1.4944814349771347,106.60258706706549,0.8281090043971119,2.0
488.44503957871234,2.5438633756694267,91.13960611614092,1.017729721314731,2.0
474.29852451419646,2.1671499818755042,99.7761534350319,0.9998928866462585,2.0
510.2700441178766,2.2588603820135362,106.51841571980356,0.8480131962624491,2.0
499.96251466198146,1.8716330982599734,104.62912779493114,0.9944606474517664,2.0
515.9767499670498,1.685087597876795,93.24960988580531,0.94260653669258,2.0
508.5732219190618,2.73099641543416,111.97494516564363,1.0009290068306695,2.0
496.4579023833455,1.8766313597232624,100.86694571485535,1.0725923611648402,2.0
499.1681933989559,1.7945324617130691,107.42995410939152,1.1492609947464036,2.0
505.66177390770173,1.9599314660600955,115.29101006673247,1.0908889036369287,2.0
509.6688341675574,2.096511066358971,111.17520548774607,0.9278559250169794,2.0
503.2267063074201,1.4845874366402758,111.20129406331044,1.0368915128829195,2.0
511.05593145289487,1.7175642528965442,101.92679929849473,1.0063107121492023,2.0
497.03331263325526,1.6909839630469712,107.9393512091051,0.8667871045369099,2.0
490.02856453214315,2.422640152303424,102.13596574564316,1.0398232784692272,2.0
499.3519074643887,1.5570187160000555,87.90675532221587,1.1856672337917713,2.0
502.05184890736183,1.1221160711209732,103.02743792505042,1.0032426604187004,2.0
487.9846460526071,1.016452718546923,102.56360983738466,0.8405817320274599,2.0
486.63277915853376,1.2648099326621414,105.83729361521819,1.003026867110862,2.0
504.4738629647343,2.6807691014240556,98.72003024786605,0.878628780102675,2.0
495.93643148629576,2.0081032997420256,92.3854444323615,1.0863605506886287,2.0
498.34159094337997,2.2506245434036014,106.56506083175228,1.052486499172513,2.0
496.4030733429918,2.2682438635606648,86.86727712747752,0.9829089946525257,2.0
515.2060090176321,2.02809195919616,114.5881913585647,0.9668835734144179,2.0
512.61761160395,1.962609351674346,97.68581938795008,0.9787765698384453,2.0
487.6264630996083,2.5222632149090702,102.45528172056169,1.000827449434232,2.0
494.67206786919553,2.07299795715632,105.58558153281572,0.9227764978658458,2.0
508.5000426796959,2.699548739631707,105.90688044844191,0.8612246918998563,2.0
506.0193623710324,2.3104149726449332,85.91015700048266,1.1138698946694647,2.0
499.58542037670213,1.691101863259486,108.24086580544264,0.9614599023503042,2.0
488.62399795035765,1.751432988065032,103.03153828376273,1.0167043104169144,2.0
493.1745995384645,1.6362675967728602,93.64738615441391,1.0285281951167495,2.0
494.8323243245371,2.608774010975358,92.50333049054086,1.0322020479655214,2.0
502.769943311191,1.7974745235272236,96.65946917943154,0.8826182002901576,2.0
517.0372715469724,1.6007636016001838,87.01258313389508,0.8324159835448153,2.0
493.1311976521187,2.1598890205634103,117.22267390987025,0.9411307475308008,2.0
489.7396475244476,1.9514164468137485,114.86151325143345,1.0395711532416954,2.0
498.9141352317206,2.147284256287582,104.5170020097594,0.9272050132525687,2.0
510.3173898051406,2.9449069519469218,97.76601583657909,0.9645078646300767,2.0
485.53117033239295,2.45653540296443,98.02892012062604,1.212729741374957,2.0
514.5363415087495,2.013505277150953,107.58065706173969,0.8154576115195464,2.0
498.2796863788433,1.2957883078969958,117.5782689950195,0.9244966004089501,2.0
492.65679997686624,1.7500187513956822,94.29603260403258,1.1896604068573928,2.0
483.9981071323784,2.3555230512726517,88.82413957376676,0.9955401328004777,2.0
507.0652077342063,1.4144794801690919,115.4764077359527,0.929401483450109,2.0
498.2882880475847,3.0704851481651767,82.12861412415549,1.116876891701112,2.0
501.70705482754505,2.0072082813177743,89.91469191747353,1.005523043648111,2.0
490.99188258988636,2.0244241966047425,97.53142107489147,0.9651691604955994,2.0
496.80903965748973,1.666677403521011,84.39566532194969,1.0192368927037512,2.0
495.1341875364526,2.248368878387859,111.12149062806598,0.9341891190617234,2.0
498.9940689462179,1.4209990967388841,108.569052705051,0.8982508937111922,2.0
493.3044767362419,3.0824462945507287,94.25206772784682,0.9886403072365252,2.0
484.65819039312777,2.658675652326006,112.79614119177748,0.8989003039923993,2.0
527.2849974529661,2.492148222598523,114.49292428403827,1.0010693311796481,2.0
486.36595752662487,1.3047854971050952,98.86829351709936,1.035440656747434,2.0
501.8145900694254,2.1027066352288752,95.49331822431992,1.085306045605161,2.0
482.2797217157596,2.6045431990070025,122.59602027742478,1.1127924985516828,2.0
480.02952563382024,2.2965526996788697,107.21161822084154,0.9594263498367748,2.0
500.97826491852265,1.4989454476831126,102.56324652968853,1.049941460793907,2.0
501.743675877683,1.6749531223456724,113.63545946639613,1.0492523446206357,2.0
512.6149899080239,1.7740319309970047,103.01930635003022,1.0327818715815984,2.0
503.99546841015706,1.6982810827556962,94.94379414080811,0.9520540589049542,2.0
498.5018928125421,2.7643894178551536,100.80159760487554,0.8971932187535889,2.0
490.50399755934995,1.0394934305883718,110.38654287319736,1.050200188906656,2.0
514.9901206823355,2.327959569829418,80.07814433650786,0.829313743780695,2.0
509.28851246050226,1.3538483125357743,97.1196926056078,0.9732160567431689,2.0
487.53670522251576,1.519374256274466,113.83057398581605,0.7446368984351401,2.0
500.37963728210633,0.9951333165656413,94.88131598906483,0.8663597576641736,2.0
501.44052231526496,1.725472784420567,115.46108560431409,0.9122866061552576,2.0
496.5434634339433,2.7553658257696068,114.14743819359813,1.1096724207629285,2.0
507.71850485806794,2.132412121232389,99.34470884511049,1.0688108024404268,2.0
508.31733138348176,1.4008192265004515,94.31460695111,0.9446065316157758,2.0
498.09514302194896,2.5085738371896564,97.12641125850365,1.072936979512975,2.0
497.1913075420234,2.615652131784343,126.64614492001434,1.0887622963380397,2.0
514.9895846266753,2.0520232405195427,118.74424446933244,0.9839335151625278,2.0
509.32838892362236,3.017374579076295,101.25390971806738,0.861562185578631,2.0
500.72360389908386,2.410782062312307,93.9184644837959,0.9792087689933886,2.0
483.7079096091995,2.341326253646294,101.17041035581263,0.9902107594827864,2.0
503.4400010630504,1.5983106464168548,102.43826926616765,0.8767545609169773,2.0
506.9808346491767,2.3136992428106704,87.56641262390646,1.0367046792929968,2.0
472.45478371601627,2.1083956388022465,100.8004126921526,1.0279811854302356,2.0
502.51869448318024,2.2599145013355133,113.2240432481173,1.0445042699894187,2.0
495.83308013204265,1.6577071904293348,82.00643318783527,1.0278923097167443,2.0
497.7914571987045,2.0640494421794933,108.26583965137249,1.0729843035114983,2.0
490.9261904723668,1.591569249892521,113.7479797005478,0.9820671972126969,2.0
498.51810709596356,0.926433950016984,94.39442654905632,1.0201785107370953,2.0
513.9199157618133,2.499152284289192,116.94175758191057,0.9602259715754468,2.0
495.5360150118448,1.2488055091552415,93.09662937551654,0.941550078437805,2.0
509.6557355879318,2.053593232391208,104.41082661860403,1.1338249630762076,2.0
491.9366878112039,2.1665010647245198,96.9322731533637,0.7956231298473504,2.0
507.5875619265604,2.1632815079315275,96.93003642837397,1.0876759989154263,2.0
500.01655855621954,1.858460463200875,93.82700930241954,0.9379459124554339,2.0
503.5202482878928,2.135605737639987,106.9857548086202,0.9249961822356879,2.0
500.0715325609749,2.2354835348925812,108.48805457731449,1.0261577484065407,2.0
506.4162523244121,2.3674824078759924,99.35577800422811,0.8510390387648997,2.0
474.3241488206624,2.8667206696921315,86.40031786327725,0.9183976928053796,2.0
485.8017468654243,2.1170970757491028,104.03170166634389,0.9150860353487008,2.0
504.1708049800865,2.032024422508851,104.22014359410694,0.9778601741814905,2.0
479.56461646103764,1.5466355173249529,97.83284988613573,0.9195862311839311,2.0
494.6941964435279,2.2179731619496685,118.67231287180809,1.160111868563927,2.0
499.4565915896335,2.3336915515702845,84.36070735099347,1.1797016516497953,2.0
491.71859862387106,1.9038484078591864,77.82716289746432,0.7978006477251937,2.0
493.08438597306224,2.2723062520920188,92.6916510030233,1.0544322704765736,2.0
502.7158220015359,1.853741903225329,107.10424534091449,1.0858663439077574,2.0
510.0929495577981,2.335496326044462,89.44155362566158,1.0542985202391104,2.0
490.4155061874519,2.4563011570148716,90.19029081473924,0.9341886506908306,2.0
494.2494180381263,2.449313933365243,109.51021336178155,0.9755904437841458,2.0
492.68739026672955,2.0589221630706502,104.6254792279775,0.9251725345222305,2.0
475.78620248122724,1.4800159241914743,103.770609096284,0.9579735968841171,2.0
501.4171179031751,1.6940434736790897,107.81428919465529,0.8790034971332824,2.0
509.34717745828493,2.297578661942364,95.74807046727116,0.988521117836545,2.0
510.16643207315883,3.2244061528701136,96.21015925941809,0.849719828869493,2.0
491.2923362355926,1.829639614233959,108.09779272561426,0.9799865445771863,2.0
487.48301951479857,2.22791883919407,86.551132192188,0.8751418310900235,2.0
500.21605547591685,1.7219737212602984,78.57280153601454,1.0206816361791404,2.0
508.29273686566466,1.5130164778754496,95.66715826372146,0.9320580439057109,2.0
501.54850448310384,1.6618420682113189,109.30873289065691,1.0290580347874538,2.0
502.8930463587376,0.9587640116486642,102.55559698986804,1.1081580728364782,2.0
511.4183092773623,2.6767175314538756,108.57291504123015,1.1589446936104708,2.0
492.608634407693,0.8849348735426932,79.83705689576834,0.747199541097951,2.0
497.8002991332697,1.8680858847996835,103.15496808323492,0.9165805906126218,2.0
516.346055117612,1.4109360523249728,106.53864504642378,0.9696913922887986,2.0
498.03188876902374,1.5578098923188977,86.49202577389315,1.0460327818381483,2.0
487.3266303403343,2.688261329869334,108.62057590546544,0.834964549584547,2.0
493.30643903749706,2.100533495015696,98.88481103494208,0.9017907593199784,2.0
490.6182014877876,1.5173019204091498,130.71336701606003,1.013035720265711,2.0
503.5716258570127,1.7052414337517445,78.22763931103265,1.0084888241526666,2.0
491.04052996411224,1.6172593897789571,113.69114367674752,1.0377618406420093,2.0
502.71034252861244,1.9782271639605598,96.05841903473926,1.0443675726888115,2.0
492.6393478145935,2.086445842393846,83.82848285559956,1.0338594433115862,2.0
478.7662146160177,2.94778738661428,94.73044856435008,1.0193655316631494,2.0
503.06619786981923,1.0418496170011466,102.77479241337466,1.0055739773326369,2.0
501.4846368154689,1.9825938426210237,110.37466669565043,1.0664763089724363,2.0
505.1775781570884,1.8422161537327388,117.21964288132176,0.7760677333435775,2.0
493.2701278083474,2.473274263858391,114.21893088704343,1.1544333486971234,2.0
492.20455524640624,2.1774090590891966,90.34617979295506,0.7795517949119676,2.0
504.01466858481547,2.2951811040574728,111.30164692266116,0.8920838183095507,2.0
515.1901957253098,2.1725430930075413,103.91284957120874,0.9773239203349855,2.0
500.11168009506326,1.5340044373582302,93.45396979071012,1.0672612891089843,2.0
504.24585096047144,2.6056327482465065,97.88089406522519,0.7004733109200383,2.0
496.7841231557429,2.3992524523078345,92.90157340555277,0.9971875676058165,2.0
484.56369478126317,2.4577648958623715,100.37092341936456,1.0792395039415734,2.0
509.6742941915406,2.6320250852535825,92.7034211770588,1.0994518116028478,2.0
509.08414239086164,2.20883755032598,89.7200592678256,0.9302670341502541,2.0
507.1077402517519,2.7404962020587464,104.79119127782772,0.9699164713044968,2.0
498.18054561657584,2.1888197858933207,106.28730548259637,0.9383851871107373,2.0
505.9705609973854,1.8904707059876957,98.12402999908389,0.9607325346473916,2.0
508.93761797387833,1.9966980447583176,113.67651303935972,0.8968173449271565,2.0
516.2015868495671,1.9880781159319418,97.39569413504887,0.9110747837529082,2.0
509.8852610464744,1.7403043389547286,96.97225454874462,1.0434376922028368,2.0
500.6382122503364,2.81594442418511,106.60488982345697,1.0131615373272742,2.0
486.9174674457563,2.148147682751834,98.67574415056663,1.0491586507590474,2.0
501.55658297671744,2.0473692379164534,100.84797729026144,1.0214014389700836,2.0
502.5657739584931,2.194137127463217,74.79561529380935,1.0704338601147596,2.0
507.09029775318305,3.4899272583685734,100.16707384737975,1.0878213998154995,2.0
513.5389185932343,1.4341379057001702,81.7280406252874,0.8258283380133896,2.0
499.0484948794322,1.5774807441418621,87.7904942900113,0.9145690349585638,2.0
521.0098718981311,1.3097144912765017,86.64677461244494,0.9768624042509961,2.0
482.4071297995942,1.883700380782257,89.57416846466174,0.9977322474512659,2.0
504.19341872461627,2.12275922166368,94.51146140367747,0.9329909426181966,2.0
492.0147960781597,1.7673387408294614,95.13507384454515,1.0912023670988307,2.0
480.927780003112,1.730136600924115,106.64275204257126,1.1979948368290598,2.0
497.9822562370084,2.071202433314066,102.22387814134697,1.0186161955581734,2.0
485.4282730157904,1.7489460875851512,80.98925571182014,1.0084341032198212,2.0
498.38572101967185,2.155087913591419,100.83294637546808,1.084945625510433,2.0
500.34769248094454,2.557117173371302,103.18255246583428,0.8134160244796564,2.0
511.1854140933595,2.3385152349004033,96.71433483747042,1.002846894043841,2.0
484.9241486523606,2.4405066735826013,99.39114023093298,1.0979035825467518,2.0
509.0844516564577,2.54295920575336,101.90310125397056,0.9356846002798889,2.0
500.9808045027979,2.1414140800593513,107.6459959763558,0.8773439420098035,2.0
510.28849153609593,1.9206794869784494,84.25120012537265,0.9814194389900222,2.0
495.68248824968873,1.6138734645584023,97.55682961360351,0.993931456679808,2.0
486.6775541323656,1.8044109181821395,115.08336098057728,0.9091347718084541,2.0
487.82500673784136,1.7381572336615527,114.16661308297957,1.2096161276050952,2.0
487.08192546332884,2.3658361633104557,108.5093692777578,0.9521303618992054,2.0
504.77814152920655,2.1733912772970982,105.36824683955676,0.8846340648573431,2.0
514.7692202221469,2.348378931357151,116.54634748402088,0.9906378680929389,2.0
494.3504847334478,1.4198315719499242,119.17848001606666,1.0907860637704492,2.0
506.29135298257785,2.7158747421205396,98.70920011953147,1.001741424899823,2.0
484.7655794186438,1.7865098142466187,90.3056755671168,1.0485593920044003,2.0
501.80321249177297,1.4499916789626686,97.29707682375505,0.9128489405666843,2.0
506.68562616337124,1.7803911175890936,130.96695513772053,1.1487688446403514,2.0
485.5187522472313,3.241882996293754,84.30643657274805,1.0561711027918443,2.0
497.96116531020147,1.8061415667542162,95.29460860470583,1.104770156887761,2.0
507.15917140485567,1.8374517642645372,85.87308847507369,1.036516063247517,2.0
470.66229352770523,1.9039476596851619,101.24763862877386,1.0824884037728784,2.0
513.3545306170174,1.9256898082842724,87.97308971105133,0.9126947440322772,2.0
503.5367937589105,1.6092619670993729,98.91248977166381,0.9508589583310437,2.0
507.1672764771734,2.071606541603065,80.49904839981241,1.134648059555603,2.0
495.87280720805234,2.5377974540991652,106.17620665084651,1.1559741947283964,2.0
482.7727751843465,2.1571446577393534,112.22345256467975,0.8852934400280923,2.0
505.3406295631695,1.4444173505500073,96.1605637793654,1.0249736067863813,2.0
499.1740967458349,1.8278270475331457,98.64869992924298,0.9569056199514773,2.0
500.3211545543232,1.7242362999491851,98.36592769268688,0.9302968530635138,2.0
510.87606985198954,2.0264697341174007,101.80910675225026,1.028483969535545,2.0
507.620638738626,2.6652258357811585,99.61830413033572,1.1140962932365408,2.0
519.2123741708962,1.9255586019895585,107.68116952430694,1.0451662473284193,2.0
501.538542288735,1.9559225655648047,112.33039133450946,0.9680487550080965,2.0
493.0878756220888,2.888822409409715,91.85928777507817,1.051486117993516,2.0
498.1158315309127,2.43810299583583,96.90671507225703,0.9640023826419098,2.0
504.1566337253861,2.2870406410532675,109.01619448924745,1.0412114300730602,2.0
510.1585651899298,2.979065807650888,85.78330951940967,1.1396465700455733,2.0
485.3296604856128,2.2449056273970065,80.2927871815443,0.7922840340699172,2.0
500.0853761517917,1.0067364290112388,102.26315952898479,1.0797252298540034,2.0
516.0954165703837,2.4163328789401803,104.96346411070492,0.8460945078429531,2.0
497.5979112899748,1.2039957714406748,92.77699812046407,1.1228327710544461,2.0
509.31011854869104,2.226002684291224,94.21348945879545,0.9362974390127139,2.0
504.93117527216003,1.14312821293538,92.398076782591,0.8782328622393516,2.0
509.5586060652498,1.7665722948000402,91.33074760655566,1.0695269227088748,2.0
491.90239458400066,1.8181077351950643,106.934958206046,1.036417006314241,2.0
491.9459832993442,1.6149404463841233,88.19501513002362,0.9000813097038342,2.0
500.20271892122287,1.8255740014044,97.34477138566652,0.8747000242831606,2.0
484.67778212759686,2.5162808601802764,90.94663832485148,0.9812518512508718,2.0
497.30259393388343,1.6430235439202234,85.44711024098784,0.8795913049828803,2.0
502.5287665751567,2.2725704397552704,108.7017817474677,0.8938527027076373,2.0
517.8463560694977,1.5171751801963498,94.80174777826461,1.0115620790421433,2.0
504.0271818926982,1.9052502118039354,101.88440080420757,0.9034128365744903,2.0
506.252284708731,2.161919633163725,84.9192412019899,1.0426539290026542,2.0
511.64475847050005,1.5017357916907201,92.58060546243524,1.1490143595883477,2.0
490.35342411104943,1.3441397835446551,107.56087880695006,0.9851444585099418,2.0
498.34917337629014,2.245939075289444,125.8727145584531,1.0130151061985584,2.0
524.2541259180389,2.5615401996703193,80.23783935609688,1.2018096732835488,2.0
499.20877777615493,1.960467490256314,97.98892204710573,0.8812398882622653,2.0
511.16430748782204,1.7713435467216478,104.122805981435,1.1191235195180742,2.0
509.63737877173105,2.0778376938441934,93.83899846760717,1.1070857597912482,2.0
485.2188628561231,2.02773995938269,108.49521986994124,1.0854317339173782,2.0
503.1047927700593,2.121451270355626,91.33267329339687,1.1291747850732632,2.0
501.46747472205226,0.7358774498431429,101.53847660216641,1.028057496595862,2.0
503.29958787840434,1.4654478544170184,94.7792809550164,0.9417070504400733,2.0
492.4588752020894,1.577384947281573,112.19431082954773,1.1094573291220566,2.0
488.8308048808784,2.0754338142557813,93.23635496964394,1.1132842211712894,2.0
495.2398999997915,2.0929389418111333,96.48126203713484,1.1105313901493288,2.0
499.022050029158,2.318090244342018,109.45689037497155,1.0044502082319235,2.0
511.84984447600317,2.1287908746052184,89.71961340907137,0.9283805486386674,2.0
518.173108197256,1.3496324648063323,100.68750056763572,1.0191362254111611,2.0
513.9659784622318,2.72350230879253,81.77465656313399,1.0942230017567836,2.0
508.60185210781844,2.635959151711183,89.12066541370925,1.1024351789859965,2.0
489.9565973770041,1.370901354986537,103.82131275890804,0.9570323872925405,2.0
495.91103825010504,2.1663526471870913,90.09302490463767,1.031537289612739,2.0
502.09926052413,1.7022878073784922,94.55427068176209,0.8691221695514044,2.0
493.67560961923823,2.069431994600274,104.93086402047938,1.098495010300585,2.0
505.7720565252795,2.526655139820935,94.2081385885307,0.9216691243274937,2.0
507.2048610825429,3.0650521331604796,108.22842073216358,1.0785255359571548,2.0
505.3629006256547,2.375638852571305,102.15662787486065,0.8850695422609838,2.0
510.2513460455758,2.147467367555068,104.35683111924503,1.1031415906434008,2.0
49.60917595011385,14.836946176799392,307.9532128353673,1.4665241569562077,3.0
44.09321152191527,12.24891591377763,286.1842973651606,1.4203474411679853,3.0
51.45678190540263,10.31927406733885,289.85439849052597,1.0638440750178695,3.0
45.04819154097335,20.563986401578752,282.71924488569994,1.54952204905441,3.0
51.74777518722564,18.39389715074924,357.5177860351221,1.1712657396921882,3.0
46.629442623096395,10.822462298584565,343.9170235852297,1.316398174273316,3.0
39.394764371851686,15.46725572349384,316.6588257004085,1.591915178477027,3.0
43.087918797595314,14.699861066689,339.75926991803215,1.6059516328618064,3.0
45.84792645656358,14.17802258051087,323.9538401693365,1.3066984945299764,3.0
54.84094511874289,13.772946456555182,305.43813478542165,1.3182168930160025,3.0
52.505718152646125,16.143807440903938,254.83285976940948,1.2601362253486657,3.0
56.11930706161071,17.454526576414423,292.1350823962458,1.1604292509348177,3.0
56.26817608014929,16.207173507084615,289.94886323944945,1.2730409035791515,3.0
45.326245977045424,14.638444876862419,266.00774480723527,1.077373996217062,3.0
47.05756570120585,14.52831984932664,255.41513176180152,1.5366125163016529,3.0
45.943600378347305,17.810442950768,314.78158039701077,1.4789047210323751,3.0
44.642446973494614,16.390334814348186,309.7351296711244,1.5121058569741024,3.0
38.792526453317706,15.2180683891063,264.97809059797163,1.2091191898849714,3.0
47.92626140991579,14.892296107199677,277.62364480691434,1.1609858872969887,3.0
41.572172031444445,16.035811528836867,334.8366681946249,1.4107028548627119,3.0
47.829140592328365,13.594953934321651,273.6691045945032,1.412820512990045,3.0
58.57885404781492,17.46461645192463,305.1239671180141,1.3705460344974107,3.0
45.453274518346454,11.7724243144864,294.3066510129606,1.34210334616243,3.0
48.97387002814034,13.765630470700554,315.1909041318619,1.7421551555388772,3.0
52.53324192904641,16.833318286338073,274.3167704203071,1.4852050023585956,3.0
49.40145645982953,11.60135155993718,302.7025043262032,1.7941356782932982,3.0
49.46242093971148,10.2809743720515,305.0616773203763,1.6537930050863265,3.0
46.1879878315596,15.18923302628772,306.9054241868766,1.740654185203469,3.0
46.84061012469384,9.910625536660588,302.3722157388784,1.1851074467287994,3.0
43.19994738906086,11.103589337844415,310.33827961782333,1.5186341981996059,3.0
52.23022504444704,17.269782355519297,365.75310996152433,1.3136469022013253,3.0
39.29254171692952,14.385644227182793,376.83893330313316,1.0673226577280932,3.0
52.85544169191101,18.856460849126957,280.8235157763983,1.6992006339111052,3.0
40.98150807627379,11.385556977187635,230.45271058942504,1.3412614948588741,3.0
52.81303637038326,14.718142903103146,317.8648590216592,1.188979673946663,3.0
46.230912368939094,16.19875365962328,305.587573797038,1.3170872273502612,3.0
41.8406565593346,11.488455209613274,331.83125577550743,1.2407551754452362,3.0
50.89649322539818,18.095285713498875,308.5465769914595,1.2612604064766664,3.0
52.643837675378876,16.532036649498117,301.7581181857716,1.35567932196347,3.0
45.809606759482314,10.172138739937697,333.8671978763167,1.7461630386089486,3.0
51.60305274339466,14.886774611374198,338.06341765241524,1.2667365566910749,3.0
36.57457752665325,16.157870208775897,258.40319823657006,1.731854132843838,3.0
41.397018551266996,13.229829979415827,275.5018143858125,1.5697673591959043,3.0
54.46204465234364,10.560405283473559,296.83221122133966,1.479254312717217,3.0
46.88165362901042,15.835376368342232,302.9531287177375,1.549624006450375,3.0
38.688933367755766,21.633728850847685,293.2205038994325,1.4027311327674914,3.0
44.50566909779003,13.839047702526928,313.0262153358566,1.6572100207726852,3.0
43.382997637374594,19.707723543854126,329.883143679513,1.51339605265342,3.0
47.17019134263538,12.743133534715595,351.68129132162187,1.0670668029948973,3.0
46.14624508096176,15.646636905029855,317.367390713187,1.4592503863779929,3.0
48.89465864469081,17.314567592628357,274.4299896464067,1.556794628598523,3.0
47.652669741937125,14.974759002085905,295.57871324406545,1.3421997562797565,3.0
54.798696275185094,14.106793053356306,297.7394327622133,1.4252511745427865,3.0
50.12274299859835,17.17838256405112,315.43920719943475,1.2774284010651185,3.0
50.28835805596793,20.67436534580766,311.64504100301826,1.1244748687872879,3.0
53.82578561947261,15.901760773917394,361.5118995333453,1.0899246258137518,3.0
46.056156247852094,13.451819470408958,286.15460594235276,1.0925864025862273,3.0
41.69061278320758,14.43074532822095,311.5425160130041,1.5338089484941064,3.0
54.034851623161245,22.559122936936124,370.64134193232275,0.9019436583247342,3.0
48.67920874054056,15.404721349014384,282.44379309289195,1.2667040146073036,3.0
48.696756039494645,13.216758904266081,304.35446088511065,1.2468693429509243,3.0
44.83335039234882,11.56479625055238,271.65358496627954,1.343568092802507,3.0
44.91572333448211,9.522296717662183,302.4626069888229,1.0287136900127594,3.0
52.233611693854215,16.09075282153857,276.59348555587076,1.4807776189481237,3.0
52.923278990688054,16.96392597847351,331.4040271047404,1.1453677211680202,3.0
51.91911702873329,13.809911460104379,304.41956577094186,1.6264811081418538,3.0
51.96480802722738,14.955088745907137,271.9380822005312,1.2756468624822335,3.0
50.845147686298795,11.488614872134129,325.21703093375015,1.3808773953176159,3.0
48.657613650390786,15.398785394482504,305.3899811661476,1.400754771311041,3.0
47.123101578395094,16.444485961701375,328.5845633167036,1.4488482105721143,3.0
54.05161924970777,13.394507198497086,265.57012116156756,1.4074028754992283,3.0
46.13139564754783,20.071358008757517,311.06473236745984,1.3145778902534735,3.0
49.849896069403734,12.488681019759266,323.20025083934127,1.4686097061388086,3.0
43.979935010228765,15.850429812056946,287.2986752929279,1.4932294260989907,3.0
44.70350481574775,17.544951659113817,262.22991819095546,1.2469730665780758,3.0
46.819227160713865,14.768131499551853,298.7517751388882,1.4852735637947112,3.0
43.980308116364185,14.434569543316526,336.84345881342784,1.6383440604803392,3.0
51.9892591273915,10.713401548651014,333.7779099190217,1.5411788392209105,3.0
41.259828742274856,19.072024487148852,287.1471469573327,1.5864750483294374,3.0
48.49614811690537,14.490320394997212,261.5074369087067,1.434384169781489,3.0
48.66254048421091,16.612096274804475,287.06460838951284,1.212769910785024,3.0
38.94600210840159,17.018161463580423,285.94567047804264,1.238071108059271,3.0
45.79488089738196,13.11510452394674,313.39340349914335,1.4639775935708823,3.0
49.27849769024071,14.407414187126355,296.84995491287634,1.588552745030462,3.0
50.14363996647034,19.003447052230513,277.40207364788574,1.957182382798811,3.0
46.97846395699917,11.648407002778665,333.12789201782005,1.5963643888877206,3.0
51.38444102240358,21.38375422427177,304.21277602334504,1.1659128485004995,3.0
47.453418713819794,12.765381644171178,313.0624695819282,1.2465454855280034,3.0
48.06826456037528,11.461447630078464,248.250436976062,1.8557034631911997,3.0
49.25826934493277,15.396927062065604,227.27205387908143,1.3571222136046441,3.0
52.63499814367084,21.62504479301961,256.8736265566678,1.4095029269522577,3.0
44.62140998792234,9.267102193223385,285.58369723179675,1.2079166159181542,3.0
45.565890637408515,14.576952844530924,317.29068052841427,1.7130206811148487,3.0
44.65551754135392,16.42879505176967,229.73259388778106,1.500066641464125,3.0
46.33901141929033,15.100949875606593,347.78556193115963,1.2450797304229375,3.0
55.131171290398825,16.14576501000903,305.1169808031038,1.2012349422285458,3.0
50.86362659664911,12.845900753483178,340.8088497884973,1.4614407891795744,3.0
42.34455127415579,13.200834462205858,273.4208975257761,1.4088412349760904,3.0
44.997765172056624,14.5547320585224,315.11579802517474,1.5664220434442253,3.0
49.86383612138201,11.610335736291747,302.55587789912363,1.5093936946254398,3.0
43.46746109533615,14.865940795679432,324.5305893916366,1.3471039302462753,3.0
44.373299795926215,13.833764118985496,292.9862589720085,1.2912396809077267,3.0
54.72479833087074,13.589864444535394,314.19645627022766,1.3680115703402331,3.0
44.93312185763406,15.961519237795914,333.065859563136,1.2898638306686474,3.0
52.77333408014693,9.538021520402088,280.4647111832467,1.3739608934390475,3.0
54.27661594765469,14.312729689850539,307.26732697468947,1.4032881857238761,3.0
44.33268954415518,21.952061296844583,243.36413288332955,1.2204138213239886,3.0
43.550187217214294,11.741670941023125,321.0750905719007,1.526135972419576,3.0
46.619339567594174,18.85650148945324,358.6398763038747,1.325914457106066,3.0
42.556861396631874,15.163968362738096,262.66691856753914,1.2316231299429312,3.0
48.60516939251371,13.191126573355746,297.2585621871617,1.3296785143436263,3.0
46.971740440733065,11.038075021410581,326.4144390274234,1.4484516313240572,3.0
49.80290007943151,15.419045895855696,300.9425242039965,1.4166076399626606,3.0
54.98471728116411,19.360191317444027,304.9529865447968,1.4844236229808923,3.0
52.0874249038516,13.832366564409709,288.27001675429085,1.5796692250151056,3.0
50.44619887706178,14.75711572578968,287.1554324073626,1.6609880408016067,3.0
38.16975793516041,18.031112550570995,297.3991753924387,1.4570972325376106,3.0
50.21687991051188,16.022612374038843,301.25014266418066,1.1861195225529007,3.0
56.613138303522746,10.283172660826263,264.5567621526807,1.3461778394939397,3.0
32.94738741843241,15.296661647565552,298.0193404216191,1.1991363231233982,3.0
51.446912714878124,19.536704731996796,347.0560181612798,1.7393708147424563,3.0
47.20320712621768,14.889176440597504,287.42598619233286,1.7974801765054327,3.0
43.75102498488528,6.775531711567869,262.88235051376114,1.5300622394992685,3.0
52.00564291955977,16.164644974773218,295.4575179604072,1.571691768527806,3.0
56.548529503036654,14.404630681367893,278.5616156362711,1.4501886386473317,3.0
51.87615364418877,9.51271675823635,259.8497452403418,1.4732111830921581,3.0
46.144040243692366,9.962375729838648,304.17505385197865,1.0805091563341753,3.0
43.28265087795922,17.925321429866425,278.69153888546765,1.3852135269486179,3.0
48.72313816894772,12.802851763214761,281.2585749944017,1.2237693875307478,3.0
52.36584646190794,12.277510857792024,304.60282141156165,1.4562713075076739,3.0
46.064734868831366,14.893084317204993,254.00476213912998,1.388078030922293,3.0
46.54808504174601,13.067391005040184,247.75291049246624,1.7893643924692229,3.0
62.110001249191995,15.300145883333235,320.1261658350579,1.5833255377445683,3.0
53.39325972979863,14.391839911689988,242.07499197827752,1.4569023965043288,3.0
53.75064339196816,11.40001325971907,270.69966914077935,1.3466120625720748,3.0
40.69857046970594,13.466406604315846,246.00481393834687,1.7352042917519859,3.0
44.4640566035327,16.328259963927312,285.415905994535,1.394009070774694,3.0
48.373408197271196,15.125754120715877,312.841762429535,1.4663347923270555,3.0
42.99431221057425,14.754172552824507,303.3701384619713,1.408449920885367,3.0
56.00198649444647,20.812152723538155,371.75620168371853,1.3191692188585353,3.0
55.05156153295323,17.193112576156608,332.60746853367004,1.407301244477104,3.0
45.33227331307973,17.55732379446403,272.06526449530196,1.0076066298643367,3.0
56.91959303303742,14.502094776615225,264.0883498552077,1.0904587197517623,3.0
47.97873951640029,15.660435571053824,381.20063822926505,1.4699261083339255,3.0
60.94694858694524,13.706700031422923,331.87716017200086,1.7136399381054972,3.0
48.72343065262518,17.332649296572384,317.68108821808715,1.4696442208288336,3.0
50.88096375164211,14.668800287702869,302.2455543664685,1.2559262290206692,3.0
54.999517205847795,15.66713324679167,308.20564702425054,1.1114292491865327,3.0
54.388166749039044,15.481833906465504,255.5378017355272,1.5569054520951275,3.0
50.55366033067947,14.945499355783637,304.711175105903,1.2865609697969798,3.0
47.29429840278082,23.81456420146731,302.13694192377045,1.528647083710512,3.0
50.5706634999656,13.000142167515833,272.8758347069556,1.4779730316131434,3.0
43.919079140619424,12.972865409523923,283.84420639294564,1.4956600784509377,3.0
48.76066859432058,17.08229024043527,345.4552918033067,1.406720341470711,3.0
42.453462337510025,13.214493002774462,296.2447523911541,1.4767288769939282,3.0
39.095591799598495,14.125780915953321,362.1351390759933,1.376109119748733,3.0
48.25213382069722,11.740767139933146,247.7796169053785,1.272938693126359,3.0
54.31138945335836,16.47467375820776,284.33609441322756,1.2073001878967897,3.0
52.629023207980296,16.512771733452453,253.58164346259244,0.9229982404058041,3.0
47.59043852137196,14.054423820229667,263.717326383245,1.363778087519098,3.0
56.734948490877485,17.144450065440218,275.1538288302211,1.7038756365903907,3.0
45.15469304576713,9.425624958799226,309.4592888031177,1.5460160185075194,3.0
38.410836691009884,12.87943979545697,308.0047851324116,1.4455418236951916,3.0
37.08949352899519,14.490062441367208,279.62129041117186,1.2531990011421696,3.0
42.09404529702142,11.483152509291141,233.16601327990253,1.5994678451518154,3.0
52.08312371631114,9.753860887743834,344.3307861909646,1.3761381376393949,3.0
44.82598658266307,14.076312104884659,291.4270585189093,1.7149868627578115,3.0
50.30479320928651,17.082060261182225,266.5112948909658,1.2037825473410637,3.0
56.23141691791989,18.846325174279535,308.2479234321026,1.2500060944054687,3.0
42.49951518711097,13.358136350383882,306.1333551156952,1.2305460111560742,3.0
50.39249865897945,17.19964751286478,290.31970605000106,1.1035763259131972,3.0
50.69481536327861,16.909626114227002,304.4559304692451,1.2125910629616474,3.0
43.696310057634484,18.65582452300349,265.3491047877595,1.4206432519531835,3.0
54.771054626225414,13.949426908937996,322.79738529529453,1.2575597950298745,3.0
46.561464722252616,9.604498514445979,270.0939871572939,0.6287249341518805,3.0
46.081235095434955,15.210557557268235,281.83291034089706,1.6148546594840243,3.0
58.55806609208986,11.95861877709083,319.46405448454726,1.0631812541305188,3.0
50.61383371183359,12.829484672813978,336.118768950307,1.5178456569773273,3.0
52.62645274842749,14.096342567840452,347.57323704139014,1.4062429179339129,3.0
54.774464657609194,13.983217105952571,331.6739471539972,1.8234745632840683,3.0
44.747630002703914,15.424677800687384,290.2778344859465,1.599391496304524,3.0
54.249105485268394,17.109468949258854,253.76900792698612,1.299079080903005,3.0
45.49052942501165,13.8967932501721,342.1516675680868,1.2595872875289376,3.0
45.27688305330852,16.187092519824013,341.12087966714927,1.700545536159857,3.0
46.64000013845932,15.044448029791516,279.84071539939515,1.1048257805797175,3.0
44.889675825275226,17.806483187635337,327.6356711347368,1.4381759871837416,3.0
52.11078216328581,14.43422444668105,290.03466618207784,1.3737759073500655,3.0
49.33605327572528,14.763219972676334,345.03830650535184,1.3313547862590647,3.0
45.54387792691443,13.87679865600328,284.55406012788654,1.470702796889685,3.0
51.37252516577411,14.513254380124513,359.3595386264551,1.437911972101735,3.0
46.62408781306827,12.649535614962378,323.5836164279474,1.4914801485583489,3.0
46.35964814817662,12.35220814156946,353.9263453405796,1.4277951304726566,3.0
48.24341942450772,17.327296155848174,286.0860819105036,1.4835362810034494,3.0
50.317301778331085,11.750394950446196,312.1508881333258,1.4186730385863189,3.0
49.9492382468871,14.04264573090629,270.92162404966905,1.268114622556737,3.0
46.183754088735846,18.04602835881299,325.3196775635759,1.400800252047319,3.0
52.235556037197014,13.941897614989179,326.97124598511374,1.257122688059196,3.0
46.88802924460172,17.486221361056725,371.9107175460356,1.2439246790538299,3.0
44.72507755695641,13.226862837819475,314.4611939165895,1.3327699994564495,3.0
40.65989175616324,11.846509180949418,321.7228260751828,1.3761153678528315,3.0
52.915892404995105,10.215522435297537,285.87508870488654,1.407045061269562,3.0
48.06195038097004,18.938172207817985,316.24138117905716,1.5832757654726661,3.0
49.05436179255258,11.589386455096754,288.6032637393725,1.3003071834918312,3.0
53.229014578497576,17.24155977037528,303.47582276526,1.439370385294964,3.0
45.61296884201092,12.000158919619853,305.23546984637386,1.4236055427887637,3.0
41.12800375762936,18.952151753819464,289.43085379952487,1.2782743425067868,3.0
48.348903511076095,21.6203481738453,301.8883528962598,1.414748157241309,3.0
49.53980776040148,9.94040982092899,288.7411449085974,1.6005442830354626,3.0
46.68575466919813,11.745730697523559,288.6080662489848,1.4373012433766799,3.0
55.36868789038085,17.319395591409673,332.2999395450681,1.4453167858054616,3.0
35.56916716139322,16.539128770097445,305.2624092547923,1.2589343338114665,3.0
53.60028318949892,17.330765564280576,310.4119881660083,1.7937717702409752,3.0
51.95576825182113,13.278733348786872,256.2808569304339,1.2703287259354996,3.0
50.2838538885023,20.962602483070103,312.7037499549117,1.0664433078905042,3.0
31.320492252654518,15.354148400069324,315.9127039192571,1.5720368240436153,3.0
54.41944391635134,11.34911226946944,288.0498413193374,1.3770365920703147,3.0
42.86782944682057,14.240554499871166,362.5508902878207,1.3393916358105848,3.0
45.461540108083064,11.389299311313502,231.32318207447804,1.2908892439176944,3.0
47.14703667604966,19.772824075662314,323.5310140731164,1.7743429248631675,3.0
50.03709017325988,13.01900621159965,321.3841441486459,1.4709180557209365,3.0
51.19714021096275,16.477450454233868,316.2474879599824,1.509950244329017,3.0
52.46420277159648,13.58798056505346,305.2863811691587,1.4325231247164534,3.0
52.07926755039258,13.15383807071246,316.5203796787511,1.454009922689039,3.0
49.26463602106563,9.269237456156848,326.0452643866768,1.6797249221118828,3.0
50.079613295287956,16.7945238089717,278.22337248504016,1.3498290677544609,3.0
42.546231420888766,18.89754375788755,308.9758686654027,1.108612490895854,3.0
44.244865965904886,12.252097255904545,294.5004947393009,1.5736109308455553,3.0
52.47730111837416,10.364312655003985,267.18694799323475,1.4993403224484783,3.0
52.18604743364341,17.409948128213486,321.5150992383987,1.4215959625770085,3.0
51.6189970822221,10.061275952681246,283.069187259479,1.4941506483095572,3.0
45.427916191717365,18.658598807844776,255.064239756616,1.325851155941165,3.0
52.55246065971848,12.286814631136139,283.82668017895054,1.4041385165708518,3.0
42.19377773759821,11.69012177152612,276.03303305720607,1.373659949228018,3.0
53.386799049311364,15.745387263393875,330.85437027570333,1.2817023485858166,3.0
46.69564599377055,11.885582144965689,304.5957942167423,1.6378345566210004,3.0
56.42085203170316,12.878666756120372,341.4714823706982,1.1175482745164398,3.0
40.39278953967258,16.06194579801302,280.00331306300865,1.8721764343625933,3.0
56.81702022959261,7.712662988500062,326.225096156895,1.575472441841295,3.0
46.19267835418269,19.927257737784966,385.1886874442374,1.0444048930595298,3.0
46.10260371994128,15.130920397397214,310.6809740138142,1.355166734101814,3.0
48.97419409492799,11.121101962789416,325.8494658696946,1.3662908168192884,3.0
44.514605435996515,11.948263892139476,320.8055299267622,1.4783773257884223,3.0
47.63835499348846,17.974939134782407,257.3377401772252,1.2021243458520559,3.0
44.311868673645726,16.80315880522231,317.57451892402355,1.4064050686736433,3.0
44.49468234510407,19.160341971855633,309.1936896194871,1.3757761203754706,3.0
50.43442975150286,12.951771465587296,292.20757849805074,1.2524763274853121,3.0
43.492172523482424,15.889751511452408,273.47890877385356,1.2246495537057536,3.0
44.15902882497259,16.27970373535103,320.8194972098111,1.5837609293404713,3.0
41.136043751267955,17.08580250075671,270.82788781168136,1.0606834919914812,3.0
45.4803466001933,18.38184337029621,364.0093681404569,1.4955757872192101,3.0
54.55801014861961,12.848208282466958,303.4250725046439,1.5595020613756247,3.0
43.770331799485156,14.657489196718558,263.3007885664049,1.3562883323323167,3.0
44.34183367406379,13.169550763259565,284.58011165014983,1.410474567944999,3.0
48.969609732407676,14.842164379930873,291.6559698513055,1.632698999939476,3.0
46.14601783100237,17.095298346188926,372.3712996177154,1.2590296978551885,3.0
59.14077216674825,10.037893499217894,273.4623315957151,1.2796695142221752,3.0
47.18736017661872,18.328114708377857,296.5134821024584,1.3009032637801383,3.0
49.676091731086856,11.58245362720875,283.8651489040493,1.6330651198446562,3.0
52.71884392399661,14.077889040908305,314.97775456744995,1.6584587493769414,3.0
52.622889329314255,18.731825774898375,284.34349758884866,1.120821953107276,3.0
49.1664379077869,15.984029153950216,265.8283000158087,1.6012481494623274,3.0
47.19436256656999,16.01858984479098,294.14116260611405,1.5637816612694566,3.0
58.12014268189628,11.458121864114668,291.0181847000327,1.7107189620899654,3.0
47.501198623428664,11.867742192528478,282.2326686712796,1.477021606425276,3.0
45.7915494778576,17.823769190006757,283.8356892330865,1.3911479759442846,3.0
44.77075505852991,13.23256936354683,335.5408739364301,1.6290433373143318,3.0
39.36598398646622,13.515264380100453,290.4077935719749,1.539780758300353,3.0
52.108078761185816,17.891853753164135,265.976170125647,1.8489796828297451,3.0
36.25965801449587,11.850259363891418,286.13652108600434,1.5917415689923655,3.0
47.9713857954754,15.807705398658774,301.6300697839618,1.430709595284783,3.0
46.97569682864307,15.128721978503075,259.9119109034594,1.1651791239247657,3.0
59.19982596115724,14.991942822410273,348.77933880019197,1.2838165645611763,3.0
38.84174385643187,13.444693104367488,326.02738432518817,1.1128090043943968,3.0
43.49448356507821,13.260434455610016,342.9051823085634,1.3569875927878272,3.0
47.31951770659175,11.764907508615405,311.76384376463045,1.585213518646569,3.0
47.012353312654156,16.44799507812392,237.189076496097,1.3992657823038968,3.0
45.252277045949775,12.995552425449791,346.0600114991554,1.6043450537520145,3.0
47.595060452989166,17.906233863501754,274.0929492087032,1.4675147466878027,3.0
41.70218635565129,14.326334875228042,276.53439767993706,1.3193815420491979,3.0
49.7859643949747,11.824648531736887,304.6897543186633,1.4175250310339926,3.0
36.39257328961211,14.286558353554739,341.3468954001045,1.4944193382110191,3.0
47.871153220613714,13.767428402590577,331.598614018572,1.427844679692723,3.0
44.998216528682136,18.027310235184157,327.18843360528064,1.4301368457703827,3.0
53.081439713783176,13.892999432245404,290.6451884137634,1.2461899784826587,3.0
56.77655535316652,14.171368856399022,290.17177421723665,1.3134047469515566,3.0
46.34473915624821,19.23464011647731,310.378310039402,1.8516921592309288,3.0
54.95362964570715,16.524801964390047,296.09787476149404,1.6456932980847085,3.0
46.41941859684795,19.98811804801049,326.6795372198806,1.1052318206380567,3.0
43.16936738435455,18.777135012191714,324.9035299348568,0.9266062084987275,3.0
56.729518160928095,12.338512234911436,317.7402396351812,1.4152384842897443,3.0
50.603882223670034,17.969852563200323,224.22116154691864,1.578694578885198,3.0
48.02219261304907,19.575909876223776,303.8396509103179,1.2960116325155584,3.0
51.435887375493245,19.59843939697026,296.734383578019,1.6043317456395876,3.0
49.37107517565084,17.96428795073006,305.04076805278595,1.4119309130014168,3.0
47.65390296029241,17.902568984727527,277.3702608436078,1.367387744054605,3.0
41.36782586346002,14.092016868973351,260.25642268802324,1.5512230352350362,3.0
46.64731631419367,12.487853746951275,313.8941543992512,1.2936248414195461,3.0
51.11627711729236,13.94334804330763,289.31096046803816,1.3426587356392692,3.0
47.386142871565944,10.005632995701712,317.24078981122796,1.5340334524260926,3.0
52.51162880565193,19.028385946265118,279.8725686694569,1.393720812586795,3.0
49.91827511933394,14.150121121746864,342.4773192147803,1.781755254675547,3.0
43.609318409572964,18.87399218719488,330.0319452771229,1.5387650825712036,3.0
41.40414021083938,11.305501268335203,308.9048132563764,1.5257627656665522,3.0
47.21410750034916,18.24787476300663,293.60134759842157,1.3900990707869862,3.0
45.378857759477064,13.515358025462042,325.5722663339459,1.574950935341921,3.0
49.68160904810843,11.146891775072477,311.77643445712215,1.3354784454396706,3.0
44.40931170618635,19.881354156479272,307.1575256379181,1.456475550239903,3.0
44.923038371225616,18.321935008022322,331.2859622867883,1.2167413905990878,3.0
53.265348587974565,15.635377260557354,342.7960846321992,1.6078882784461181,3.0
48.74101484313949,15.10181365540489,262.4276644654337,1.4581209394523582,3.0
44.48636467286354,16.318530056457355,268.4884767795058,1.7965026127395753,3.0
48.0882090436751,15.583885733752233,276.5921782356361,1.8784596767339514,3.0
54.894556215008414,12.623172137485586,254.92726207069344,1.5526638902866294,3.0
49.468933441373615,13.763843190645234,298.11754423292547,1.4136850622415806,3.0
50.964754047125645,20.88215349611611,318.0034936573352,1.2107870975748862,3.0
44.23882731736279,23.016470227884042,299.3574511514299,1.5809499606517647,3.0
53.132096885673,19.688005515692048,283.97635075161315,1.4420569127790457,3.0
59.59051130231901,16.43467182048787,333.79373271387476,1.5076069678308923,3.0
44.04266178743573,13.986752901894196,304.2166920962025,1.7459574774912485,3.0
42.09053012814005,12.605442318309102,310.28948902098955,1.2351153422673304,3.0
48.877711219175744,12.803152768709392,334.62704414699283,1.2151391663037325,3.0
52.37752524922205,13.340197023939718,296.30274183446596,1.3527148123258639,3.0
47.54305163974869,21.45349212427731,361.80642217874043,1.5642402299503646,3.0
42.73396801978669,20.418846889147794,286.56554988384704,1.5109734480428976,3.0
47.45707919109805,17.23883516980618,359.938446135387,1.2208622976608454,3.0
50.99046136388727,12.118160470761522,270.7579445426274,1.5513105801404965,3.0
45.96484086526971,17.67916778013311,315.52454708641324,1.1597574362213474,3.0
51.03627508877461,14.284148914468185,280.7240349358129,1.2324516651302284,3.0
53.82355392619955,8.540971684067635,333.5869835094328,1.376908536562162,3.0
49.20115312885224,15.861301912203778,285.65302176424717,1.289313750804956,3.0
47.86026114360854,12.474260877497834,308.7261357193226,1.5779718977301869,3.0
52.14671962613141,12.575839712729888,280.4837401187529,1.4572756966002187,3.0
43.719495862813844,14.248776019295978,328.1167552099984,1.753112235525452,3.0
43.22645083153539,13.505031081172762,280.3274621808258,1.350562926929117,3.0
46.667138575355075,14.897229542687976,350.50244534228005,1.3755595697918512,3.0
45.54060272592766,14.753008349948384,270.1200867911583,1.6420765218123525,3.0
43.983290123547626,9.372572721457106,259.6311624501556,1.3818158393752409,3.0
57.15234237499387,19.5608339666485,328.54656234237257,1.6988010495415091,3.0
58.85996604747146,12.049869831153961,282.25069079209436,1.5081656420768983,3.0
46.23147478872209,12.14280484460858,299.7828805965139,0.929442706022928,3.0
48.458594748741824,14.014340244629107,290.3327653849284,1.6355140828298929,3.0
47.06078589968104,14.674995457892118,260.6217519854193,1.5825453626239616,3.0
53.53749620059078,19.376939450495517,297.69019007584984,1.5902665212221088,3.0
54.52822780920023,15.808270356164703,337.94747684916905,1.0178043242909482,3.0
39.113681006551765,16.699396452328603,330.094110099167,1.2674020077457904,3.0
50.38005400032813,15.823608562749845,306.95378287877776,1.2822590332886459,3.0
41.46589329419426,15.694384747496319,333.3680487910532,1.2317757264879214,3.0
56.79136078937639,15.929188509261026,268.2144424591747,1.7483845063787875,3.0
50.20124015105199,9.201797572293184,290.2363701328498,1.397646432435273,3.0
43.88325230818682,14.250244545481413,311.87414822190624,1.3926878114741659,3.0
46.793393060310734,18.48678333171347,296.08755519548663,1.5104016620631557,3.0
46.55511370866921,26.826993032420056,292.5953000857033,1.5138603335778762,3.0
50.625564714429075,11.387073202381469,263.98068803036716,0.733021457874834,3.0
53.20956302088739,16.269239880973057,237.55975834071864,1.2707284925701272,3.0
42.25896354014145,13.286860266376975,324.5359927484891,1.1174422844417444,3.0
57.19377250456057,21.142955711690547,307.29664719756676,1.4800612186309638,3.0
56.02845053910421,10.938651717625556,327.0599513463028,1.3422215171331904,3.0
43.62338216204478,16.874818470947638,286.8829217352488,1.4030775129002537,3.0
48.36400897181154,10.77836670148743,278.61666345517216,0.9842960502218954,3.0
56.55404272057158,14.044299995817502,300.19643899909903,1.3380295550619004,3.0
54.16459293338742,14.897060007750573,325.6259894583845,1.623026050366563,3.0
46.31628484976052,18.209075045218825,293.0564335503704,1.6818898966204334,3.0
52.071699072839365,11.768499521524417,324.0535555298546,1.5437726839081398,3.0
62.98599145859569,16.990149146542155,269.8107598322074,1.132906941310376,3.0
48.52579990925606,15.05633317016384,295.156586004904,1.6518803605984247,3.0
44.8367587427999,15.81838015885794,297.8965756776591,1.544800451000003,3.0
48.86209926045699,17.874998144055425,336.7916983176576,1.3765621931870922,3.0
49.23276047748659,11.152329920984137,306.22882194047725,0.9949927370980511,3.0
45.37731630499951,17.431784919445775,352.38232554882586,1.5907189901325034,3.0
50.20812533907109,13.293285440731726,259.56945600157553,1.281566734003324,3.0
41.72799470136249,18.287620364930476,303.8975671323384,1.4692331642109562,3.0
44.672330664956604,16.00367290361364,305.3819411754134,1.4136787721273325,3.0
51.79122388077399,14.371414855448833,318.602795927606,1.7076789968876556,3.0
39.22564574228875,13.229922092727536,275.59920190653327,1.3749266028004983,3.0
52.51583795997388,17.46988498306599,350.5333901823251,1.3969772819828103,3.0
37.94009317147149,18.782855056442784,300.38891824415276,1.715723078095726,3.0
39.34337710561842,13.401445377419446,267.3879746119525,1.2683555512499622,3.0
45.505106284720576,11.60098030265581,299.51925028759143,1.5628645702815553,3.0
49.43431921409675,17.082633128835678,290.6051543135966,1.3602768554243072,3.0
54.62631801563694,10.6544071738989,383.49705426741986,1.199491607599014,3.0
48.28811381579798,11.083462687251085,331.4983079857504,1.4002321973441745,3.0
46.76723196212005,11.811899173416302,301.4898406712465,1.5383410227215975,3.0
50.89790623992402,13.753648550883751,296.6424994440239,1.6707419679953022,3.0
43.64550589766033,10.991004332353665,328.53170587444396,1.6949387970691365,3.0
48.69707579673203,9.183600271855266,329.96586480984644,1.3410471851548933,3.0
42.0027687102232,11.59366741698863,212.65350242038053,1.2025501535935572,3.0
48.41295258437707,16.927423339717855,319.289794642,1.336252220084504,3.0
47.35081837075298,11.185367783619698,300.8389963193588,1.1636938493339688,3.0
43.978660392752914,13.979190966137491,260.6656853463907,1.356522760116699,3.0
48.825203182688696,20.840095387096685,326.4064241887253,1.3316669432760482,3.0
48.79274826579822,14.85247760991873,367.38564040674794,1.545498040831353,3.0
53.877270061695675,16.02759296918878,316.7038784048334,0.9588129640171242,3.0
39.97183298468606,12.16187994524534,333.0128532677059,1.253278410782672,3.0
47.619755461514785,21.490424561100426,354.12357275893214,1.2548963391116168,3.0
44.1986880014826,13.376116532584714,275.09213547839846,1.637425450481605,3.0
52.34881029088146,14.31568594664545,244.2728566449925,1.1772311245197966,3.0
51.76956032596067,18.951176033902094,319.70598189928506,1.4453314719297987,3.0
50.539399225343104,14.454797265439144,292.57165390675647,1.3743743171160436,3.0
44.480833709652686,15.143666348025645,258.77479642885373,1.6086085053672763,3.0
52.42735291470048,14.154935037632612,297.6549019159262,1.5191663729021094,3.0
40.349345356283344,14.175502865828317,321.8264212137186,1.4242487463640758,3.0
39.32344648203615,16.111506032484275,295.5308500570692,1.2890666250823863,3.0
41.62064500049038,16.658829567594317,276.3951710779489,1.0295314993780247,3.0
47.83262594836547,13.070254706362299,293.2947881911047,1.449417131137481,3.0
51.37582200494147,12.701758631559212,299.41570604095966,1.5060979597059745,3.0
33.11983762995238,13.17259173342731,242.11553212121754,1.0850264775050693,3.0
54.61371415939893,10.796237957400695,295.7167514048792,1.15326116713429,3.0
48.65556098089217,10.228709224442108,259.6697858356533,1.450465994674335,3.0
40.161138262051125,15.891501441674723,319.7707785606329,1.467828337241574,3.0
48.50473485144791,17.815787409525335,253.16872273239665,1.2018705379815882,3.0
53.4626270733921,17.613135879435653,330.3807661365281,1.2851870572863924,3.0
50.997205076531294,7.854026180590025,287.72504792358177,1.0327022322859145,3.0
53.49536531276983,14.264804738870218,283.71072879683965,1.6754527807626467,3.0
41.168766853014446,11.693724133222323,308.8336379190592,1.1400251185263095,3.0
45.92997382430798,15.43121231346257,274.01896664329826,1.50845187824971,3.0
43.37653884738234,13.746529443571855,308.36237262390193,1.393007860769324,3.0
56.58790102522159,16.775735718733763,278.03673675934886,1.6579187239249518,3.0
51.19681421743315,14.942540728795976,283.2979646302569,1.2415491814450486,3.0
62.23504794478821,9.311994315246332,312.1606250798741,1.4122505420680773,3.0
45.66195233291386,12.098742381601378,265.8425779879685,1.0603146181525298,3.0
44.37662894158848,15.017355344479961,262.06988094712926,1.0122946326120492,3.0
47.28586680702425,15.270331287693258,307.44676522231026,1.5192667167730947,3.0
54.89178610711274,10.782969576887995,299.19300442531846,1.0429948321860594,3.0
46.169401553123265,10.390620889361635,305.06078234428173,1.3543564931130938,3.0
48.62218798953472,15.168736012719537,309.82917710164264,1.6022590895945839,3.0
48.483453514434096,10.788998081848419,301.7212666142094,1.5493369712189358,3.0
48.19748380601095,9.994111720497642,318.24277871901205,1.2670829024102812,3.0
44.73800769768761,13.664578462105975,302.92308860935975,1.0822993727183654,3.0
47.313544660448166,13.534661725984048,239.7808830097409,1.5018989723311056,3.0
47.09948699324321,12.364798567982096,247.56346216014433,1.668451356572036,3.0
47.96217670162675,12.888789129825112,357.8384754072625,1.2675523842668752,3.0
52.71758409076354,15.041507169667184,300.0021560117659,1.2393374283185765,3.0
56.803140173122465,12.839511288960543,328.5072495515129,1.2950196074262001,3.0
43.79782618665146,15.212091064994517,289.6288828311877,1.514321742161423,3.0
46.04003187606143,13.858594391647998,298.2595471681821,1.6457035212829825,3.0
43.874940507969065,15.502950466159968,286.39906037187467,1.1520786377238954,3.0
48.935507686111364,17.634616696309934,373.9778199438409,1.1003436381350693,3.0
45.30825271244512,17.517743536171785,307.59727267092427,1.8679992643864896,3.0
49.19898416870994,18.86463141319825,283.9542628348141,1.3645354424219922,3.0
53.518134552223934,17.51444069069148,250.45380859709428,1.4505785591380618,3.0
35.37084157097696,15.715672594625413,359.21200328207556,1.261613831876472,3.0
50.45889944800346,13.699705087079566,295.1016484431509,1.4979924618905431,3.0
45.699064755510605,13.836717231551328,322.3268735868479,1.5920121749403044,3.0
50.30211133992194,12.36666808069257,325.6799187091964,1.459959234314586,3.0
43.517652811249,15.013587873154673,286.11508429708886,1.748171615402887,3.0
53.981304941534376,17.092162436135805,320.17358326158467,1.3346510820117816,3.0
52.56640309020142,12.822997191350938,281.87585139745147,1.3474235053929247,3.0
50.84176074271321,14.888346424008677,270.2872091388175,1.446281270255483,3.0
51.96612858905049,12.967913313834693,334.93394077536635,1.4929923291012193,3.0
44.27189766413913,15.628062990562844,295.254318605334,1.4455894524125217,3.0
44.90188122655355,13.351849848150149,315.55538500807967,1.1431169946089816,3.0
51.762181004087395,12.781468286117843,312.3276298164531,1.4625030332391122,3.0
44.16135428615694,12.960099915203923,319.13795880165867,1.3251652830393124,3.0
55.228175233290436,16.5099863215367,253.30389197395124,1.2838045971850707,3.0
46.38204464359484,14.709751784008935,282.4412840605089,1.4064964109506486,3.0
50.50947194930311,13.714734809999893,290.26574527510724,1.207695462534157,3.0
58.49624759627545,15.784213507641631,275.0556398129553,1.1729217352253536,3.0
44.46888322965962,13.756451347597048,312.87020544049165,0.8769062079992299,3.0
48.343808754223915,18.37955368105711,335.6067923278769,1.7494474657019783,3.0
53.270915823186535,12.07840153892023,340.35553966038896,1.5111462638206004,3.0
52.756386944382655,14.439085461548155,289.82385704370347,1.3766471757387388,3.0
46.360923448803206,10.785704334998997,308.7589758737372,1.2665553526226703,3.0
45.41634781239073,13.959376824329718,313.369305134703,0.8247935435907165,3.0
46.83432033727474,9.961093506880111,318.6376828261059,1.254294224755703,3.0
55.23928883075682,17.23894956767738,273.65594780782067,1.5431732674328151,3.0
46.60447071820027,17.299511301016736,354.61740804794897,1.5884348607187737,3.0
48.390578462417324,17.35251052117343,327.79560553039335,1.5284583987206601,3.0
45.86606764538288,15.086617440523403,328.57948031077325,1.4316783911504936,3.0
51.527742823979935,12.360388785869723,336.1038017070119,1.6607748291862756,3.0
48.77762518791828,12.59897810389215,316.0240782679795,1.3342925555822918,3.0
42.98283094620886,19.590516165661562,269.18059730847085,1.617037783226872,3.0
43.15587942982503,19.307031311399392,295.8308180533468,1.3230835112559574,3.0
38.006972167222465,15.367665470852314,250.46839814814254,1.2237717382244475,3.0
43.84339295437192,13.453097897759019,312.45217529097255,1.1988574039154956,3.0
51.96972901816086,19.105870268095533,294.9235902550336,1.1871007157654092,3.0
54.61880269006134,12.91649051584557,298.78432849419204,1.531813605760497,3.0
51.42779181608592,15.686547624287723,336.12003390256956,1.2514508857805842,3.0
50.773161003203406,19.055871916195375,286.2901788433062,1.193394230993011,3.0
47.36736975235675,12.490984501006118,292.4363052368377,1.542747043932272,3.0
51.874572774569934,17.487670756911335,300.65919887889646,1.4655940780944465,3.0
49.43139111540942,16.561682387531608,244.80023251759104,1.5925183965691603,3.0
57.022244859935626,14.881450373305317,292.01809032713993,1.5025199022545597,3.0
47.507773429116256,12.019699202600652,225.42615263141448,1.2493776839605375,3.0
54.71504041868066,12.826680719690172,282.43435314312785,1.4152204832937174,3.0
52.3705704090893,15.868353218551976,325.65567160178483,1.4250265981539354,3.0
51.677216431020796,10.72998961535584,313.4179967475321,1.2161682683051995,3.0
37.9425433726909,15.39223157705475,282.1553906863777,1.1790750051812013,3.0
52.64594780773855,16.623152952184988,301.2239465467144,1.263855678176459,3.0
47.36246010545423,17.9556605184273,267.7503129860878,1.807316471334416,3.0
45.78036752782554,10.804928776619333,299.9296979055144,1.3174511811556902,3.0
40.585434794110434,18.94874189148382,387.9096085647753,1.6465733582773427,3.0
47.972064330159085,20.086090482539806,355.37403961115797,1.3062678981040403,3.0
48.16775798409121,16.230454703140783,301.5786639005178,1.5777677639079983,3.0
41.48499039092598,11.885854255726018,304.8043249474612,1.5804983311115692,3.0
40.63359913553154,14.015672134919276,270.61304056096344,1.5905181015904089,3.0
50.433097400640555,14.857208264644479,275.94632676146847,1.4775654684017916,3.0
52.358525655306885,15.811390526191671,310.8655296631408,1.6754733157562303,3.0
48.95141454961211,15.065944657930807,284.2532230309055,1.4756707938705456,3.0
53.754173248421814,15.84349542868385,327.12448784554743,1.7427059458680558,3.0
47.56807507824251,14.727759727982631,347.09057042933273,1.0760160393623133,3.0
